CUSIP,Security Type,Security Term,Auction Date,Issue Date,Maturity Date,Price per $100,Total Accepted
912797RX7,Bill,4-Week,2025-11-13,2025-11-18,2025-12-16,99.696667,110295541100
912797SF5,Bill,8-Week,2025-11-13,2025-11-18,2026-01-13,99.403444,95255249300
912797SZ1,Bill,17-Week,2025-11-12,2025-11-18,2026-03-17,98.760417,69186051100
912797NU7,Bill,6-Week,2025-11-10,2025-11-13,2025-12-26,99.535361,101059283600
912797RT6,Bill,13-Week,2025-11-10,2025-11-13,2026-02-12,99.044500,91485924900
912797QN0,Bill,26-Week,2025-11-10,2025-11-13,2026-05-14,98.134500,81911268000
912797RW9,Bill,4-Week,2025-11-06,2025-11-12,2025-12-09,99.709375,110301447200
912797SE8,Bill,8-Week,2025-11-06,2025-11-12,2026-01-06,99.417153,95260083800
912797SY4,Bill,17-Week,2025-11-05,2025-11-12,2026-03-10,98.764278,69189630800
912797QZ3,Bill,6-Week,2025-11-04,2025-11-06,2025-12-18,99.545000,99483214400
912797RL3,Bill,13-Week,2025-11-03,2025-11-06,2026-02-05,99.035653,90057851900
912797SP3,Bill,26-Week,2025-11-03,2025-11-06,2026-05-07,98.129444,80633648600
912797RR0,Bill,4-Week,2025-10-30,2025-11-04,2025-12-02,99.695889,110357985100
912797RZ2,Bill,8-Week,2025-10-30,2025-11-04,2025-12-30,99.394889,95309559500
912797ST5,Bill,17-Week,2025-10-29,2025-11-04,2026-03-03,98.775292,69224468500
912797QY6,Bill,6-Week,2025-10-28,2025-10-30,2025-12-11,99.547333,100322897800
912797SK4,Bill,52-Week,2025-10-28,2025-10-30,2026-10-29,96.516722,52802202100
912797RK5,Bill,13-Week,2025-10-27,2025-10-30,2026-01-29,99.057139,90819446100
912797SN8,Bill,26-Week,2025-10-27,2025-10-30,2026-04-30,98.159778,81314749800
912797RQ2,Bill,4-Week,2025-10-23,2025-10-28,2025-11-25,99.693167,110309903100
912797RY5,Bill,8-Week,2025-10-23,2025-10-28,2025-12-23,99.393333,95267196100
912797SS7,Bill,17-Week,2025-10-22,2025-10-28,2026-02-24,98.765375,69194728900
912797QS9,Bill,6-Week,2025-10-21,2025-10-23,2025-12-04,99.540333,98292517600
912797PD3,Bill,13-Week,2025-10-20,2025-10-23,2026-01-22,99.036917,88980319300
912797SM0,Bill,26-Week,2025-10-20,2025-10-23,2026-04-23,98.149667,79668482400
912797RP4,Bill,4-Week,2025-10-16,2025-10-21,2025-11-18,99.686556,110302463200
912797RX7,Bill,8-Week,2025-10-16,2025-10-21,2025-12-16,99.384000,95260759300
912797SR9,Bill,17-Week,2025-10-15,2025-10-21,2026-02-17,98.740583,69188942600
912797NL7,Bill,6-Week,2025-10-14,2025-10-16,2025-11-28,99.521028,98088159900
912797RJ8,Bill,13-Week,2025-10-14,2025-10-16,2026-01-15,99.028069,88795490800
912797QD2,Bill,26-Week,2025-10-14,2025-10-16,2026-04-16,98.137028,79502879100
912797RN9,Bill,4-Week,2025-10-09,2025-10-14,2025-11-12,99.675361,110299178800
912797RW9,Bill,8-Week,2025-10-09,2025-10-14,2025-12-09,99.384778,95258597700
912797SQ1,Bill,17-Week,2025-10-08,2025-10-14,2026-02-10,98.752153,69188586000
912797QR1,Bill,6-Week,2025-10-07,2025-10-09,2025-11-20,99.533333,94419353200
912797RH2,Bill,13-Week,2025-10-06,2025-10-09,2026-01-08,99.026806,88125303900
912797SL2,Bill,26-Week,2025-10-06,2025-10-09,2026-04-09,98.131972,78682800100
912797RM1,Bill,4-Week,2025-10-02,2025-10-07,2025-11-04,99.684222,105298650500
912797RR0,Bill,8-Week,2025-10-02,2025-10-07,2025-12-02,99.384000,90256372400
912797SJ7,Bill,17-Week,2025-10-01,2025-10-07,2026-02-03,98.748847,67190518200
912797QQ3,Bill,6-Week,2025-09-30,2025-10-02,2025-11-13,99.531000,89882731100
912797SA6,Bill,52-Week,2025-09-30,2025-10-02,2026-10-01,96.420667,52872725000
912797RA7,Bill,13-Week,2025-09-29,2025-10-02,2026-01-02,99.013556,86710476800
912797SD0,Bill,26-Week,2025-09-29,2025-10-02,2026-04-02,98.121861,77193381700
912797RE9,Bill,4-Week,2025-09-25,2025-09-30,2025-10-28,99.682667,100284544700
912797RQ2,Bill,8-Week,2025-09-25,2025-09-30,2025-11-25,99.377778,85241769600
912797SH1,Bill,17-Week,2025-09-24,2025-09-30,2026-01-27,98.742236,65185678400
912797QP5,Bill,6-Week,2025-09-23,2025-09-25,2025-11-06,99.532167,88479476900
912797NU7,Bill,13-Week,2025-09-22,2025-09-25,2025-12-26,99.013556,85357331000
912797SC2,Bill,26-Week,2025-09-22,2025-09-25,2026-03-26,98.126917,75988591500
912797RD1,Bill,4-Week,2025-09-18,2025-09-23,2025-10-21,99.685778,100283646300
912797RP4,Bill,8-Week,2025-09-18,2025-09-23,2025-11-18,99.383222,85241010900
912797SG3,Bill,17-Week,2025-09-17,2025-09-23,2026-01-20,98.738931,65184038900
912797NA1,Bill,6-Week,2025-09-16,2025-09-18,2025-10-30,99.528667,87387729700
912797QZ3,Bill,13-Week,2025-09-15,2025-09-18,2025-12-18,99.012903,84303153900
912797PV3,Bill,26-Week,2025-09-15,2025-09-18,2026-03-19,98.121861,75050325800
912797RC3,Bill,4-Week,2025-09-11,2025-09-16,2025-10-14,99.684222,100282313500
912797RN9,Bill,8-Week,2025-09-11,2025-09-16,2025-11-12,99.366667,85239555800
912797SF5,Bill,17-Week,2025-09-10,2025-09-16,2026-01-13,98.727361,65184733900
912797QG5,Bill,6-Week,2025-09-09,2025-09-11,2025-10-23,99.522833,87815146400
912797QY6,Bill,13-Week,2025-09-08,2025-09-11,2025-12-11,99.004056,84716249300
912797SB4,Bill,26-Week,2025-09-08,2025-09-11,2026-03-12,98.114278,75418193000
912797RB5,Bill,4-Week,2025-09-04,2025-09-09,2025-10-07,99.675278,100277478100
912797RM1,Bill,8-Week,2025-09-04,2025-09-09,2025-11-04,99.362222,85236145600
912797SE8,Bill,17-Week,2025-09-03,2025-09-09,2026-01-06,98.689347,65180254300
912797QF7,Bill,6-Week,2025-09-02,2025-09-04,2025-10-16,99.511167,86710659000
912797QS9,Bill,13-Week,2025-09-02,2025-09-04,2025-12-04,98.977514,83650546400
912797RV1,Bill,26-Week,2025-09-02,2025-09-04,2026-03-05,98.038444,74469295200
912797RS8,Bill,52-Week,2025-09-02,2025-09-04,2026-09-03,96.299333,51006327000
912797QW0,Bill,4-Week,2025-08-28,2025-09-02,2025-09-30,99.669833,100262555400
912797RE9,Bill,8-Week,2025-08-28,2025-09-02,2025-10-28,99.355222,85223324700
912797RZ2,Bill,17-Week,2025-08-27,2025-09-02,2025-12-30,98.671167,65170499600
912797QE0,Bill,6-Week,2025-08-26,2025-08-28,2025-10-09,99.508833,88681118900
912797NL7,Bill,13-Week,2025-08-25,2025-08-28,2025-11-28,98.952222,85550429800
912797RU3,Bill,26-Week,2025-08-25,2025-08-28,2026-02-26,98.020750,76160596100
912797QV2,Bill,4-Week,2025-08-21,2025-08-26,2025-09-23,99.665556,100270704000
912797RD1,Bill,8-Week,2025-08-21,2025-08-26,2025-10-21,99.343556,85229768600
912797RY5,Bill,17-Week,2025-08-20,2025-08-26,2025-12-23,98.661250,65175674500
912797MS3,Bill,6-Week,2025-08-19,2025-08-21,2025-10-02,99.504750,88997458100
912797QR1,Bill,13-Week,2025-08-18,2025-08-21,2025-11-20,98.956028,85856639500
912797PM3,Bill,26-Week,2025-08-18,2025-08-21,2026-02-19,98.005583,76433166800
912797QU4,Bill,4-Week,2025-08-14,2025-08-19,2025-09-16,99.667111,100271770400
912797RC3,Bill,8-Week,2025-08-14,2025-08-19,2025-10-14,99.349000,85230941000
912797RX7,Bill,17-Week,2025-08-13,2025-08-19,2025-12-16,98.661250,65176941600
912797PY7,Bill,6-Week,2025-08-12,2025-08-14,2025-09-25,99.502417,90808200900
912797QQ3,Bill,13-Week,2025-08-11,2025-08-14,2025-11-13,98.950972,87603948600
912797RT6,Bill,26-Week,2025-08-11,2025-08-14,2026-02-12,97.992944,77988611000
912797QT7,Bill,4-Week,2025-08-07,2025-08-12,2025-09-09,99.665556,100269741900
912797RB5,Bill,8-Week,2025-08-07,2025-08-12,2025-10-07,99.341222,85228483300
912797RW9,Bill,17-Week,2025-08-06,2025-08-12,2025-12-09,98.643069,65174652000
912797PX9,Bill,6-Week,2025-08-05,2025-08-07,2025-09-18,99.498333,89741403400
912797RG4,Bill,52-Week,2025-08-05,2025-08-07,2026-08-06,96.198222,52788599100
912797QP5,Bill,13-Week,2025-08-04,2025-08-07,2025-11-06,98.947181,86573490800
912797RL3,Bill,26-Week,2025-08-04,2025-08-07,2026-02-05,97.987889,77071461600
912797QM2,Bill,4-Week,2025-07-31,2025-08-05,2025-09-02,99.666333,95257799800
912797QW0,Bill,8-Week,2025-07-31,2025-08-05,2025-09-30,99.332667,85230803500
912797RR0,Bill,17-Week,2025-07-30,2025-08-05,2025-12-02,98.608361,65177181200
912797PW1,Bill,6-Week,2025-07-29,2025-07-31,2025-09-11,99.501833,84780729800
912797NA1,Bill,13-Week,2025-07-28,2025-07-31,2025-10-30,98.929486,86899304800
912797RK5,Bill,26-Week,2025-07-28,2025-07-31,2026-01-29,97.917111,77361508000
912797QL4,Bill,4-Week,2025-07-24,2025-07-29,2025-08-26,99.669833,95268926300
912797QV2,Bill,8-Week,2025-07-24,2025-07-29,2025-09-23,99.336556,85240750600
912797RQ2,Bill,17-Week,2025-07-23,2025-07-29,2025-11-25,98.603403,65185347400
912797MH7,Bill,6-Week,2025-07-22,2025-07-24,2025-09-04,99.503000,83080376700
912797QG5,Bill,13-Week,2025-07-21,2025-07-24,2025-10-23,98.928222,85157260300
912797PD3,Bill,26-Week,2025-07-21,2025-07-24,2026-01-22,97.919639,75810659300
912797QK6,Bill,4-Week,2025-07-17,2025-07-22,2025-08-19,99.671000,90270238000
912797QU4,Bill,8-Week,2025-07-17,2025-07-22,2025-09-16,99.335778,80240274900
912797RP4,Bill,17-Week,2025-07-16,2025-07-22,2025-11-18,98.601750,65195318500
912797PQ4,Bill,6-Week,2025-07-15,2025-07-17,2025-08-28,99.503000,72855309300
912797QF7,Bill,13-Week,2025-07-14,2025-07-17,2025-10-16,98.926958,85344773700
912797RJ8,Bill,26-Week,2025-07-14,2025-07-17,2026-01-15,97.914583,75977882800
912797QJ9,Bill,4-Week,2025-07-10,2025-07-15,2025-08-12,99.670611,80260099700
912797QT7,Bill,8-Week,2025-07-10,2025-07-15,2025-09-09,99.335000,70227968600
912797RN9,Bill,17-Week,2025-07-09,2025-07-15,2025-11-12,98.590000,65212666100
912797PP6,Bill,6-Week,2025-07-08,2025-07-10,2025-08-21,99.502417,52877945700
912797RF6,Bill,52-Week,2025-07-08,2025-07-10,2026-07-09,96.031389,52877857500
912797QE0,Bill,13-Week,2025-07-07,2025-07-10,2025-10-09,98.924431,86719644800
912797RH2,Bill,26-Week,2025-07-07,2025-07-10,2026-01-08,97.904472,77202455400
912797QH3,Bill,4-Week,2025-07-03,2025-07-08,2025-08-05,99.670222,55238694700
912797QM2,Bill,8-Week,2025-07-03,2025-07-08,2025-09-02,99.331111,45195963600
912797QV2,Bill,77-Day,2025-07-03,2025-07-08,2025-09-23,99.083486,60000947000
912797RM1,Bill,17-Week,2025-07-02,2025-07-08,2025-11-04,98.616625,65282511400
912797PN1,Bill,6-Week,2025-07-01,2025-07-03,2025-08-14,99.493667,53373878800
912797MS3,Bill,13-Week,2025-06-30,2025-07-03,2025-10-02,98.929486,84329792700
912797RA7,Bill,26-Week,2025-06-30,2025-07-03,2026-01-02,97.910750,75790269800
912797QC4,Bill,4-Week,2025-06-26,2025-07-01,2025-07-29,99.688889,60251212100
912797QL4,Bill,8-Week,2025-06-26,2025-07-01,2025-08-26,99.317111,50209826900
912797QU4,Bill,77-Day,2025-06-26,2025-07-01,2025-09-16,99.090972,60000678000
912797RE9,Bill,17-Week,2025-06-25,2025-07-01,2025-10-28,98.613319,63264275300
912797MG9,Bill,6-Week,2025-06-24,2025-06-26,2025-08-07,99.484333,57332746700
912797PY7,Bill,13-Week,2025-06-23,2025-06-26,2025-09-25,98.939597,79225636500
912797NU7,Bill,26-Week,2025-06-23,2025-06-26,2025-12-26,97.905667,70884503100
912797QB6,Bill,4-Week,2025-06-18,2025-06-24,2025-07-22,99.684222,65256507700
912797QK6,Bill,8-Week,2025-06-18,2025-06-24,2025-08-19,99.304667,55216838200
912797RD1,Bill,17-Week,2025-06-18,2025-06-24,2025-10-21,98.600097,60236516800
912797PG6,Bill,6-Week,2025-06-17,2025-06-20,2025-07-31,99.523944,56309596700
912797PX9,Bill,13-Week,2025-06-16,2025-06-20,2025-09-18,98.940000,77809494200
912797QZ3,Bill,26-Week,2025-06-16,2025-06-20,2025-12-18,97.910958,69619046100
912797QA8,Bill,4-Week,2025-06-12,2025-06-17,2025-07-15,99.682667,65252142400
912797QJ9,Bill,8-Week,2025-06-12,2025-06-17,2025-08-12,99.318667,55213314800
912797RC3,Bill,17-Week,2025-06-11,2025-06-17,2025-10-14,98.605056,60232799400
912797PF8,Bill,6-Week,2025-06-10,2025-06-12,2025-07-24,99.510583,56797571200
912797QX8,Bill,52-Week,2025-06-10,2025-06-12,2026-06-11,96.016222,49569475500
912797PW1,Bill,13-Week,2025-06-09,2025-06-12,2025-09-11,98.925694,78483941300
912797QY6,Bill,26-Week,2025-06-09,2025-06-12,2025-12-11,97.901944,70223101300
912797PZ4,Bill,4-Week,2025-06-05,2025-06-10,2025-07-08,99.675667,65259699700
912797QH3,Bill,8-Week,2025-06-05,2025-06-10,2025-08-05,99.342778,55219848900
912797RB5,Bill,17-Week,2025-06-04,2025-06-10,2025-10-07,98.610014,60239275500
912797PE1,Bill,6-Week,2025-06-03,2025-06-05,2025-07-17,99.507083,61302730100
912797MH7,Bill,13-Week,2025-06-02,2025-06-05,2025-09-04,98.925694,77649037300
912797QS9,Bill,26-Week,2025-06-02,2025-06-05,2025-12-04,97.901944,69475588000
912797PU5,Bill,4-Week,2025-05-29,2025-06-03,2025-07-01,99.672167,75274199000
912797QC4,Bill,8-Week,2025-05-29,2025-06-03,2025-07-29,99.342778,65237681800
912797QW0,Bill,17-Week,2025-05-28,2025-06-03,2025-09-30,98.605056,60220188200
912797LW5,Bill,6-Week,2025-05-27,2025-05-29,2025-07-10,99.505917,73943902300
912797PQ4,Bill,13-Week,2025-05-27,2025-05-29,2025-08-28,98.924431,80280701600
912797NL7,Bill,26-Week,2025-05-27,2025-05-29,2025-11-28,97.885333,71829451900
912797PT8,Bill,4-Week,2025-05-22,2025-05-27,2025-06-24,99.671778,85278992500
912797QB6,Bill,8-Week,2025-05-22,2025-05-27,2025-07-22,99.341222,75246671300
912797QV2,Bill,17-Week,2025-05-21,2025-05-27,2025-09-23,98.601750,60198039800
912797NX1,Bill,6-Week,2025-05-20,2025-05-22,2025-07-03,99.505917,74377770900
912797PP6,Bill,13-Week,2025-05-19,2025-05-22,2025-08-21,98.916847,80751971400
912797QR1,Bill,26-Week,2025-05-19,2025-05-22,2025-11-20,97.907000,72252146300
912797PS0,Bill,4-Week,2025-05-15,2025-05-20,2025-06-17,99.671778,85273903400
912797QA8,Bill,8-Week,2025-05-15,2025-05-20,2025-07-15,99.341222,75242344500
912797QU4,Bill,17-Week,2025-05-14,2025-05-20,2025-09-16,98.598444,60193987800
912797NW3,Bill,6-Week,2025-05-13,2025-05-15,2025-06-26,99.504750,76144816500
912797QN0,Bill,52-Week,2025-05-13,2025-05-15,2026-05-14,96.026333,52214192500
912797PN1,Bill,13-Week,2025-05-12,2025-05-15,2025-08-14,98.913056,82671712000
912797QQ3,Bill,26-Week,2025-05-12,2025-05-15,2025-11-13,97.924694,73969637500
912797NN3,Bill,16-Day,2025-05-08,2025-05-13,2025-05-29,99.811556,25000181000
912797PR2,Bill,4-Week,2025-05-08,2025-05-13,2025-06-10,99.671389,85279942600
912797PZ4,Bill,8-Week,2025-05-08,2025-05-13,2025-07-08,99.342778,75247505300
912797QT7,Bill,17-Week,2025-05-07,2025-05-13,2025-09-09,98.611667,60197801300
912797NV5,Bill,6-Week,2025-05-06,2025-05-08,2025-06-20,99.494153,74242923200
912797MG9,Bill,13-Week,2025-05-05,2025-05-08,2025-08-07,98.933278,80606707500
912797QP5,Bill,26-Week,2025-05-05,2025-05-08,2025-11-06,97.932278,72122499800
912797PL5,Bill,4-Week,2025-05-01,2025-05-06,2025-06-03,99.670222,85286150500
912797PU5,Bill,8-Week,2025-05-01,2025-05-06,2025-07-01,99.343556,75252105800
912797QM2,Bill,17-Week,2025-04-30,2025-05-06,2025-09-02,98.614972,60201526300
912797LN5,Bill,6-Week,2025-04-29,2025-05-01,2025-06-12,99.506500,75171451300
912797PG6,Bill,13-Week,2025-04-28,2025-05-01,2025-07-31,98.938333,81614722000
912797NA1,Bill,26-Week,2025-04-28,2025-05-01,2025-10-30,97.944917,73023404900
912797PK7,Bill,4-Week,2025-04-24,2025-04-29,2025-05-27,99.671778,85279304000
912797PT8,Bill,8-Week,2025-04-24,2025-04-29,2025-06-24,99.342778,75246748600
912797QL4,Bill,17-Week,2025-04-23,2025-04-29,2025-08-26,98.608361,60197478500
912797NP8,Bill,6-Week,2025-04-22,2025-04-24,2025-06-05,99.505333,73056974500
912797PF8,Bill,13-Week,2025-04-21,2025-04-24,2025-07-24,98.932014,79318471900
912797QG5,Bill,26-Week,2025-04-21,2025-04-24,2025-10-23,97.952500,70968959600
912797PJ0,Bill,4-Week,2025-04-17,2025-04-22,2025-05-20,99.670222,85271142200
912797PS0,Bill,8-Week,2025-04-17,2025-04-22,2025-06-17,99.341222,75239428800
912797QK6,Bill,17-Week,2025-04-16,2025-04-22,2025-08-19,98.603403,60191404900
912797NN3,Bill,6-Week,2025-04-15,2025-04-17,2025-05-29,99.504750,73429471900
912797QD2,Bill,52-Week,2025-04-15,2025-04-17,2026-04-16,96.137556,50351490800
912797PE1,Bill,13-Week,2025-04-14,2025-04-17,2025-07-17,98.932014,79722993400
912797QF7,Bill,26-Week,2025-04-14,2025-04-17,2025-10-16,97.947444,71331145600
912797PH4,Bill,4-Week,2025-04-10,2025-04-15,2025-05-13,99.669833,85281690500
912797PR2,Bill,8-Week,2025-04-10,2025-04-15,2025-06-10,99.341222,75248008400
912797QJ9,Bill,17-Week,2025-04-09,2025-04-15,2025-08-12,98.595139,60198254500
912797NM5,Bill,6-Week,2025-04-08,2025-04-10,2025-05-22,99.502417,73939363800
912797LW5,Bill,13-Week,2025-04-07,2025-04-10,2025-07-10,98.944653,80277195500
912797QE0,Bill,26-Week,2025-04-07,2025-04-10,2025-10-09,97.977778,71826902700
912797PA9,Bill,14-Day,2025-04-07,2025-04-08,2025-04-22,99.832778,50001198000
912797PC5,Bill,4-Week,2025-04-03,2025-04-08,2025-05-06,99.670222,80275055600
912797PL5,Bill,8-Week,2025-04-03,2025-04-08,2025-06-03,99.340444,75257875100
912797QH3,Bill,17-Week,2025-04-02,2025-04-08,2025-08-05,98.611667,60206770500
912797KS5,Bill,14-Day,2025-04-01,2025-04-03,2025-04-17,99.834722,50001364100
912797LB1,Bill,6-Week,2025-04-01,2025-04-03,2025-05-15,99.504750,74466383000
912797NX1,Bill,13-Week,2025-03-31,2025-04-03,2025-07-03,98.937069,80848295600
912797MS3,Bill,26-Week,2025-03-31,2025-04-03,2025-10-02,97.942389,72337746900
912797PB7,Bill,4-Week,2025-03-27,2025-04-01,2025-04-29,99.671778,75256090500
912797PK7,Bill,8-Week,2025-03-27,2025-04-01,2025-05-27,99.339667,75256343000
912797QC4,Bill,17-Week,2025-03-26,2025-04-01,2025-07-29,98.611667,60205145200
912797NE3,Bill,6-Week,2025-03-25,2025-03-27,2025-05-08,99.506500,70816327200
912797NW3,Bill,13-Week,2025-03-24,2025-03-27,2025-06-26,98.940861,76886389000
912797PY7,Bill,26-Week,2025-03-24,2025-03-27,2025-09-25,97.934806,68792666900
912797PA9,Bill,4-Week,2025-03-20,2025-03-25,2025-04-22,99.672167,75253794000
912797PJ0,Bill,8-Week,2025-03-20,2025-03-25,2025-05-20,99.344333,75252964300
912797QB6,Bill,17-Week,2025-03-19,2025-03-25,2025-07-22,98.613319,60203400800
912797ND5,Bill,6-Week,2025-03-18,2025-03-20,2025-05-01,99.505917,70196514700
912797PV3,Bill,52-Week,2025-03-18,2025-03-20,2026-03-19,96.011167,48135013900
912797NV5,Bill,13-Week,2025-03-17,2025-03-20,2025-06-20,98.925389,76213668700
912797PX9,Bill,26-Week,2025-03-17,2025-03-20,2025-09-18,97.927222,68191103100
912797NZ6,Bill,4-Week,2025-03-13,2025-03-18,2025-04-15,99.671389,75255777800
912797PH4,Bill,8-Week,2025-03-13,2025-03-18,2025-05-13,99.343556,75255947200
912797QA8,Bill,17-Week,2025-03-12,2025-03-18,2025-07-15,98.619931,60204558500
912797NC7,Bill,6-Week,2025-03-11,2025-03-13,2025-04-24,99.505917,70705423900
912797LN5,Bill,13-Week,2025-03-10,2025-03-13,2025-06-12,98.938333,76765939100
912797PW1,Bill,26-Week,2025-03-10,2025-03-13,2025-09-11,97.939861,68685266500
912797NY9,Bill,4-Week,2025-03-06,2025-03-11,2025-04-08,99.671000,75261461800
912797PC5,Bill,8-Week,2025-03-06,2025-03-11,2025-05-06,99.343556,75261873900
912797PZ4,Bill,17-Week,2025-03-05,2025-03-11,2025-07-08,98.618278,60209170500
912797NR4,Bill,12-Day,2025-03-04,2025-03-06,2025-03-18,99.858000,40000293000
912797KS5,Bill,6-Week,2025-03-04,2025-03-06,2025-04-17,99.505333,70547498300
912797NP8,Bill,13-Week,2025-03-03,2025-03-06,2025-06-05,98.935806,76594304500
912797MH7,Bill,26-Week,2025-03-03,2025-03-06,2025-09-04,97.909528,68532093600
912797NT0,Bill,4-Week,2025-02-27,2025-03-04,2025-04-01,99.670611,80264851400
912797PB7,Bill,8-Week,2025-02-27,2025-03-04,2025-04-29,99.341222,75248314000
912797PU5,Bill,17-Week,2025-02-26,2025-03-04,2025-07-01,98.611667,60198566400
912797NB9,Bill,6-Week,2025-02-25,2025-02-27,2025-04-10,99.506500,78590919300
912797NN3,Bill,13-Week,2025-02-24,2025-02-27,2025-05-29,98.939597,79639122400
912797PQ4,Bill,26-Week,2025-02-24,2025-02-27,2025-08-28,97.886778,71256930400
912797NS2,Bill,4-Week,2025-02-20,2025-02-25,2025-03-25,99.669833,85262233500
912797PA9,Bill,8-Week,2025-02-20,2025-02-25,2025-04-22,99.341222,80246697800
912797PT8,Bill,17-Week,2025-02-19,2025-02-25,2025-06-24,98.606708,60185511300
912797MV6,Bill,6-Week,2025-02-18,2025-02-20,2025-04-03,99.501833,84180086400
912797NM5,Bill,13-Week,2025-02-18,2025-02-20,2025-05-22,98.932014,84179721500
912797PP6,Bill,26-Week,2025-02-18,2025-02-20,2025-08-21,97.866556,73657440800
912797PM3,Bill,52-Week,2025-02-18,2025-02-20,2026-02-19,95.905000,50508028900
912797NR4,Bill,4-Week,2025-02-13,2025-02-18,2025-03-18,99.669444,90269236300
912797NZ6,Bill,8-Week,2025-02-13,2025-02-18,2025-04-15,99.340444,85254537200
912797PS0,Bill,17-Week,2025-02-12,2025-02-18,2025-06-17,98.601750,62185289400
912797MU8,Bill,42-Day,2025-02-11,2025-02-13,2025-03-27,99.503000,85001513200
912797LB1,Bill,13-Week,2025-02-10,2025-02-13,2025-05-15,98.932014,91414062000
912797PN1,Bill,26-Week,2025-02-10,2025-02-13,2025-08-14,97.884250,78355189500
912797NQ6,Bill,4-Week,2025-02-06,2025-02-11,2025-03-11,99.669444,95283470900
912797NY9,Bill,8-Week,2025-02-06,2025-02-11,2025-04-08,99.340444,90267569300
912797PR2,Bill,17-Week,2025-02-05,2025-02-11,2025-06-10,98.610014,64191119100
912797KJ5,Bill,42-Day,2025-02-04,2025-02-06,2025-03-20,99.504167,85000577000
912797NE3,Bill,13-Week,2025-02-03,2025-02-06,2025-05-08,98.933278,90467679900
912797MG9,Bill,26-Week,2025-02-03,2025-02-06,2025-08-07,97.899417,77543859800
912797NK9,Bill,4-Week,2025-01-30,2025-02-04,2025-03-04,99.669444,95278617100
912797NT0,Bill,8-Week,2025-01-30,2025-02-04,2025-04-01,99.340444,90263696400
912797PL5,Bill,17-Week,2025-01-29,2025-02-04,2025-06-03,98.614972,64187514500
912797MT1,Bill,42-Day,2025-01-28,2025-01-30,2025-03-13,99.503000,85000103000
912797ND5,Bill,13-Week,2025-01-27,2025-01-30,2025-05-01,98.939597,92303255900
912797PG6,Bill,26-Week,2025-01-27,2025-01-30,2025-07-31,97.907000,79116804000
912797NJ2,Bill,4-Week,2025-01-23,2025-01-28,2025-02-25,99.668278,95276468200
912797NS2,Bill,8-Week,2025-01-23,2025-01-28,2025-03-25,99.338889,90261470200
912797PK7,Bill,17-Week,2025-01-22,2025-01-28,2025-05-27,98.610014,64185973700
912797NJ2,Bill,33-Day,2025-01-22,2025-01-23,2025-02-25,99.609042,65000101000
912797MM6,Bill,42-Day,2025-01-21,2025-01-23,2025-03-06,99.504167,85000536000
912797NC7,Bill,13-Week,2025-01-21,2025-01-23,2025-04-24,98.934542,88588293600
912797PF8,Bill,26-Week,2025-01-21,2025-01-23,2025-07-24,97.894361,75932585500
912797PD3,Bill,52-Week,2025-01-21,2025-01-23,2026-01-22,95.930278,50622191600
912797NH6,Bill,4-Week,2025-01-16,2025-01-21,2025-02-18,99.670222,95273806600
912797NR4,Bill,8-Week,2025-01-16,2025-01-21,2025-03-18,99.341222,90259542600
912797PJ0,Bill,17-Week,2025-01-15,2025-01-21,2025-05-20,98.608361,64184243100
912797ML8,Bill,42-Day,2025-01-14,2025-01-16,2025-02-27,99.505333,85000812000
912797KS5,Bill,13-Week,2025-01-13,2025-01-16,2025-04-17,98.932014,88846648600
912797PE1,Bill,26-Week,2025-01-13,2025-01-16,2025-07-17,97.886778,76153134200
912797NG8,Bill,4-Week,2025-01-09,2025-01-14,2025-02-11,99.669833,95280497200
912797NQ6,Bill,8-Week,2025-01-09,2025-01-14,2025-03-11,99.340444,90265148800
912797PH4,Bill,17-Week,2025-01-08,2025-01-14,2025-05-13,98.614972,64189966100
912797KA4,Bill,42-Day,2025-01-07,2025-01-09,2025-02-20,99.504750,85000499600
912797NB9,Bill,13-Week,2025-01-06,2025-01-09,2025-04-10,98.937069,88511883800
912797LW5,Bill,26-Week,2025-01-06,2025-01-09,2025-07-10,97.922167,75866858600
912797NF0,Bill,4-Week,2025-01-02,2025-01-07,2025-02-04,99.668278,85269663100
912797NK9,Bill,8-Week,2025-01-02,2025-01-07,2025-03-04,99.340444,80254272400
912797PC5,Bill,17-Week,2025-01-02,2025-01-07,2025-05-06,98.613319,64203805900
912797MK0,Bill,42-Day,2024-12-30,2025-01-02,2025-02-13,99.501833,75000098500
912797MV6,Bill,13-Week,2024-12-30,2025-01-02,2025-04-03,98.930750,88979745900
912797NX1,Bill,26-Week,2024-12-30,2025-01-02,2025-07-03,97.909528,76268700400
912797MZ7,Bill,4-Week,2024-12-26,2024-12-31,2025-01-28,99.668667,75256931800
912797NJ2,Bill,8-Week,2024-12-26,2024-12-31,2025-02-25,99.336556,70239319900
912797PB7,Bill,17-Week,2024-12-26,2024-12-31,2025-04-29,98.60175,64218633700
912797MJ3,Bill,42-Day,2024-12-23,2024-12-26,2025-02-06,99.500667,65000653000
912797MU8,Bill,13-Week,2024-12-23,2024-12-26,2025-03-27,98.928222,82586370900
912797NW3,Bill,26-Week,2024-12-23,2024-12-26,2025-06-26,97.891833,73409976400
912797NU7,Bill,52-Week,2024-12-23,2024-12-26,2025-12-26,95.873472,48939928600
912797MY0,Bill,4-Week,2024-12-19,2024-12-24,2025-01-21,99.671,80252539100
912797NH6,Bill,8-Week,2024-12-19,2024-12-24,2025-02-18,99.342,75237297200
912797PA9,Bill,17-Week,2024-12-18,2024-12-24,2025-04-22,98.605056,64202176600
912797LZ8,Bill,42-Day,2024-12-17,2024-12-19,2025-01-30,99.501833,65000531000
912797KJ5,Bill,13-Week,2024-12-16,2024-12-19,2025-03-20,98.925694,81317656200
912797NV5,Bill,26-Week,2024-12-16,2024-12-19,2025-06-20,97.885333,72282382200
912797MX2,Bill,4-Week,2024-12-12,2024-12-17,2025-01-14,99.670222,80272631500
912797NG8,Bill,8-Week,2024-12-12,2024-12-17,2025-02-11,99.337333,75255530200
912797NZ6,Bill,17-Week,2024-12-11,2024-12-17,2025-04-15,98.598444,64217918800
912797JR9,Bill,42-Day,2024-12-10,2024-12-12,2025-01-23,99.496,70000112500
912797MT1,Bill,13-Week,2024-12-09,2024-12-12,2025-03-13,98.913056,82296694200
912797LN5,Bill,26-Week,2024-12-09,2024-12-12,2025-06-12,97.876667,73152544200
912797MW4,Bill,4-Week,2024-12-05,2024-12-10,2025-01-07,99.657778,85278553200
912797NF0,Bill,8-Week,2024-12-05,2024-12-10,2025-02-04,99.323333,80261770300
912797MN4,Bill,4-Day,2024-12-05,2024-12-06,2024-12-10,99.951222,25000200
912797NY9,Bill,17-Week,2024-12-04,2024-12-10,2025-04-08,98.573653,64209137300
912797LY1,Bill,42-Day,2024-12-03,2024-12-05,2025-01-16,99.486667,75000255500
912797MM6,Bill,13-Week,2024-12-02,2024-12-05,2025-03-06,98.887778,81873329800
912797NP8,Bill,26-Week,2024-12-02,2024-12-05,2025-06-05,97.823583,72776622200
912797MR5,Bill,4-Week,2024-11-27,2024-12-03,2024-12-31,99.646111,95281244400
912797MZ7,Bill,8-Week,2024-11-27,2024-12-03,2025-01-28,99.3,90266093200
912797NT0,Bill,17-Week,2024-11-27,2024-12-03,2025-04-01,98.548861,64188740100
912797LX3,Bill,41-Day,2024-11-26,2024-11-29,2025-01-09,99.484083,80000047000
912797NL7,Bill,52-Week,2024-11-26,2024-11-29,2025-11-28,95.763444,51322778600
912797ML8,Bill,13-Week,2024-11-25,2024-11-29,2025-02-27,98.89625,86606716400
912797NN3,Bill,26-Week,2024-11-25,2024-11-29,2025-05-29,97.817944,76983437800
912796ZV4,Bill,30-Day,2024-11-25,2024-11-26,2024-12-26,99.620833,40001399400
912797MQ7,Bill,4-Week,2024-11-21,2024-11-26,2024-12-24,99.647667,95275949500
912797MY0,Bill,8-Week,2024-11-21,2024-11-26,2025-01-21,99.303111,90261721500
912797NS2,Bill,17-Week,2024-11-20,2024-11-26,2025-03-25,98.552167,64185984900
912797MR5,Bill,40-Day,2024-11-20,2024-11-21,2024-12-31,99.498333,50000563100
912797LR6,Bill,42-Day,2024-11-19,2024-11-21,2025-01-02,99.477333,80000434500
912797KA4,Bill,13-Week,2024-11-18,2024-11-21,2025-02-20,98.882722,86919324200
912797NM5,Bill,26-Week,2024-11-18,2024-11-21,2025-05-22,97.821056,77262055800
912797MP9,Bill,4-Week,2024-11-14,2024-11-19,2024-12-17,99.649222,95279068500
912797MX2,Bill,8-Week,2024-11-14,2024-11-19,2025-01-14,99.306222,90264556500
912797NR4,Bill,17-Week,2024-11-13,2024-11-19,2025-03-18,98.555472,64187988100
912796ZV4,Bill,42-Day,2024-11-12,2024-11-14,2024-12-26,99.468583,80000097000
912797MK0,Bill,13-Week,2024-11-12,2024-11-14,2025-02-13,98.882722,88365982600
912797LB1,Bill,26-Week,2024-11-12,2024-11-14,2025-05-15,97.821056,78546902100
912797MN4,Bill,4-Week,2024-11-07,2024-11-12,2024-12-10,99.648833,95274707000
912797MW4,Bill,8-Week,2024-11-07,2024-11-12,2025-01-07,99.301556,90260736900
912797NQ6,Bill,17-Week,2024-11-06,2024-11-12,2025-03-11,98.54225,64185216100
912797LQ8,Bill,42-Day,2024-11-05,2024-11-07,2024-12-19,99.469167,80000669000
912797MJ3,Bill,13-Week,2024-11-04,2024-11-07,2025-02-06,98.877667,87396903900
912797NE3,Bill,26-Week,2024-11-04,2024-11-07,2025-05-08,97.846333,77686272400
912797ME4,Bill,4-Week,2024-10-31,2024-11-05,2024-12-03,99.643778,95267264200
912797MR5,Bill,8-Week,2024-10-31,2024-11-05,2024-12-31,99.291444,90253105200
912797NK9,Bill,17-Week,2024-10-30,2024-11-05,2025-03-04,98.535639,64179856400
912797LP0,Bill,42-Day,2024-10-29,2024-10-31,2024-12-12,99.459833,80000377000
912797NA1,Bill,52-Week,2024-10-29,2024-10-31,2025-10-30,95.854444,52872669900
912797LZ8,Bill,13-Week,2024-10-28,2024-10-31,2025-01-30,98.865028,89223373300
912797ND5,Bill,26-Week,2024-10-28,2024-10-31,2025-05-01,97.813472,79309384700
912797MD6,Bill,4-Week,2024-10-24,2024-10-29,2024-11-26,99.638333,95264488300
912797MQ7,Bill,8-Week,2024-10-24,2024-10-29,2024-12-24,99.286,90252044100
912797NJ2,Bill,17-Week,2024-10-23,2024-10-29,2025-02-25,98.530681,64178462900
912797LF2,Bill,42-Day,2024-10-22,2024-10-24,2024-12-05,99.4575,80000328000
912797JR9,Bill,13-Week,2024-10-21,2024-10-24,2025-01-23,98.859972,85557241900
912797NC7,Bill,26-Week,2024-10-21,2024-10-24,2025-04-24,97.821056,76050267500
912797MC8,Bill,4-Week,2024-10-17,2024-10-22,2024-11-19,99.634444,95293558400
912797MP9,Bill,8-Week,2024-10-17,2024-10-22,2024-12-17,99.279778,90277417200
912797NH6,Bill,17-Week,2024-10-16,2024-10-22,2025-02-18,98.538944,64197763400
912797HP5,Bill,43-Day,2024-10-15,2024-10-17,2024-11-29,99.440403,80000286000
912797LY1,Bill,13-Week,2024-10-15,2024-10-17,2025-01-16,98.858708,85875151300
912797KS5,Bill,26-Week,2024-10-15,2024-10-17,2025-04-17,97.841278,76332932800
912797MB0,Bill,4-Week,2024-10-10,2024-10-15,2024-11-12,99.630556,95304793800
912797MN4,Bill,8-Week,2024-10-10,2024-10-15,2024-12-10,99.278222,90288919700
912797NG8,Bill,17-Week,2024-10-09,2024-10-15,2025-02-11,98.535639,64205231000
912797LE5,Bill,42-Day,2024-10-08,2024-10-10,2024-11-21,99.449333,80000939000
912797LX3,Bill,13-Week,2024-10-07,2024-10-10,2025-01-09,98.849861,85433936100
912797NB9,Bill,26-Week,2024-10-07,2024-10-10,2025-04-10,97.823583,75942310600
912797MA2,Bill,4-Week,2024-10-03,2024-10-08,2024-11-05,99.630167,95295114900
912797ME4,Bill,8-Week,2024-10-03,2024-10-08,2024-12-03,99.275889,90279705400
912797NF0,Bill,17-Week,2024-10-02,2024-10-08,2025-02-04,98.54225,64199149000
912797LD7,Bill,42-Day,2024-10-01,2024-10-03,2024-11-14,99.445833,70001168800
912797MS3,Bill,52-Week,2024-10-01,2024-10-03,2025-10-02,96.178,50995113100
912797LR6,Bill,13-Week,2024-09-30,2024-10-03,2025-01-02,98.8625,83928292400
912797MV6,Bill,26-Week,2024-09-30,2024-10-03,2025-04-03,97.869083,76491499800
912797LV7,Bill,4-Week,2024-09-26,2024-10-01,2024-10-29,99.634444,90290126900
912797MD6,Bill,8-Week,2024-09-26,2024-10-01,2024-11-26,99.276667,85274777100
912797MZ7,Bill,17-Week,2024-09-25,2024-10-01,2025-01-28,98.535639,62200190400
912797LC9,Bill,42-Day,2024-09-24,2024-09-26,2024-11-07,99.461,60001142000
912796ZV4,Bill,13-Week,2024-09-23,2024-09-26,2024-12-26,98.852389,76986212200
912797MU8,Bill,26-Week,2024-09-23,2024-09-26,2025-03-27,97.841278,70908369900
912797LU9,Bill,4-Week,2024-09-19,2024-09-24,2024-10-22,99.634444,80270210700
912797MC8,Bill,8-Week,2024-09-19,2024-09-24,2024-11-19,99.270444,80270149100
912797MY0,Bill,17-Week,2024-09-18,2024-09-24,2025-01-21,98.459611,60203301800
912797HE0,Bill,42-Day,2024-09-17,2024-09-19,2024-10-31,99.426,60000096900
912797LQ8,Bill,13-Week,2024-09-16,2024-09-19,2024-12-19,98.799306,76259546800
912797KJ5,Bill,26-Week,2024-09-16,2024-09-19,2025-03-20,97.7705,70239803900
912797LT2,Bill,4-Week,2024-09-12,2024-09-17,2024-10-15,99.613833,80262401700
912797MB0,Bill,8-Week,2024-09-12,2024-09-17,2024-11-12,99.223778,80262309800
912797MX2,Bill,17-Week,2024-09-11,2024-09-17,2025-01-14,98.433167,60196943700
912797KV8,Bill,42-Day,2024-09-10,2024-09-12,2024-10-24,99.419,60000381000
912797LP0,Bill,13-Week,2024-09-09,2024-09-12,2024-12-12,98.762653,76933200400
912797MT1,Bill,26-Week,2024-09-09,2024-09-12,2025-03-13,97.709833,70858558200
912797LS4,Bill,4-Week,2024-09-05,2024-09-10,2024-10-08,99.604889,80250713100
912797MA2,Bill,8-Week,2024-09-05,2024-09-10,2024-11-05,99.216,80250371900
912797MW4,Bill,17-Week,2024-09-04,2024-09-10,2025-01-07,98.410028,60187983400
912797KU0,Bill,42-Day,2024-09-03,2024-09-05,2024-10-17,99.402667,65001256000
912797LF2,Bill,13-Week,2024-09-03,2024-09-05,2024-12-05,98.743694,76867965100
912797MM6,Bill,26-Week,2024-09-03,2024-09-05,2025-03-06,97.651694,70799444300
912797MH7,Bill,52-Week,2024-09-03,2024-09-05,2025-09-04,95.803889,46525347200
912797LK1,Bill,4-Week,2024-08-29,2024-09-03,2024-10-01,99.597889,85256580900
912797LV7,Bill,8-Week,2024-08-29,2024-09-03,2024-10-29,99.206667,80241809600
912797MR5,Bill,17-Week,2024-08-28,2024-09-03,2024-12-31,98.390194,60182273900
912797KT3,Bill,42-Day,2024-08-27,2024-08-29,2024-10-10,99.399167,75000724200
912797HP5,Bill,13-Week,2024-08-26,2024-08-29,2024-11-29,98.727333,81298351100
912797ML8,Bill,26-Week,2024-08-26,2024-08-29,2025-02-27,97.631472,74879530400
912797LJ4,Bill,4-Week,2024-08-22,2024-08-27,2024-09-24,99.592444,95261691200
912797LU9,Bill,8-Week,2024-08-22,2024-08-27,2024-10-22,99.202778,90247670000
912797KK2,Bill,16-Day,2024-08-21,2024-08-27,2024-09-12,99.766222,35000228000
912797MQ7,Bill,17-Week,2024-08-21,2024-08-27,2024-12-24,98.373667,60164827000
912797GW1,Bill,42-Day,2024-08-20,2024-08-22,2024-10-03,99.395083,75000145000
912797LE5,Bill,13-Week,2024-08-19,2024-08-22,2024-11-21,98.722208,81600640500
912797KA4,Bill,26-Week,2024-08-19,2024-08-22,2025-02-20,97.5885,75157884800
912797LH8,Bill,4-Week,2024-08-15,2024-08-20,2024-09-17,99.590889,95301199100
912797LT2,Bill,8-Week,2024-08-15,2024-08-20,2024-10-15,99.195,90285821800
912797MP9,Bill,17-Week,2024-08-14,2024-08-20,2024-12-17,98.353833,60191055400
912797KM8,Bill,42-Day,2024-08-13,2024-08-15,2024-09-26,99.389833,75000286000
912797LD7,Bill,13-Week,2024-08-12,2024-08-15,2024-11-14,98.718417,82953680400
912797MK0,Bill,26-Week,2024-08-12,2024-08-15,2025-02-13,97.575861,76404564800
912797LG0,Bill,4-Week,2024-08-08,2024-08-13,2024-09-10,99.588944,95294150400
912797LS4,Bill,8-Week,2024-08-08,2024-08-13,2024-10-08,99.192667,90278113100
912797MN4,Bill,17-Week,2024-08-07,2024-08-13,2024-12-10,98.350528,60185748300
912797KL0,Bill,42-Day,2024-08-06,2024-08-08,2024-09-19,99.385167,75000617600
912797MG9,Bill,52-Week,2024-08-06,2024-08-08,2025-08-07,95.697722,49689669200
912797LC9,Bill,13-Week,2024-08-05,2024-08-08,2024-11-07,98.717153,82096009600
912797MJ3,Bill,26-Week,2024-08-05,2024-08-08,2025-02-06,97.623889,75615418100
912797LA3,Bill,4-Week,2024-08-01,2024-08-06,2024-09-03,99.588944,90283970600
912797LK1,Bill,8-Week,2024-08-01,2024-08-06,2024-10-01,99.186444,85266342800
912797ME4,Bill,17-Week,2024-07-31,2024-08-06,2024-12-03,98.317472,60189044400
912797KK2,Bill,42-Day,2024-07-30,2024-08-01,2024-09-12,99.384,70001947300
912797HE0,Bill,13-Week,2024-07-29,2024-08-01,2024-10-31,98.699458,83814434700
912797LZ8,Bill,26-Week,2024-07-29,2024-08-01,2025-01-30,97.507611,77197594300
912797KZ9,Bill,4-Week,2024-07-25,2024-07-30,2024-08-27,99.588944,90277923700
912797LJ4,Bill,8-Week,2024-07-25,2024-07-30,2024-09-24,99.181778,85263831500
912797MD6,Bill,17-Week,2024-07-24,2024-07-30,2024-11-26,98.309208,60185659700
912797GL5,Bill,42-Day,2024-07-23,2024-07-25,2024-09-05,99.385167,70001308700
912797KV8,Bill,13-Week,2024-07-22,2024-07-25,2024-10-24,98.688083,80309897400
912797JR9,Bill,26-Week,2024-07-22,2024-07-25,2025-01-23,97.477278,73969640700
912797KY2,Bill,4-Week,2024-07-18,2024-07-23,2024-08-20,99.590111,90251507800
912797LH8,Bill,8-Week,2024-07-18,2024-07-23,2024-09-17,99.181778,85237138100
912797MC8,Bill,17-Week,2024-07-17,2024-07-23,2024-11-19,98.302597,60168391900
912797KD8,Bill,42-Day,2024-07-16,2024-07-18,2024-08-29,99.38575,70000693400
912797KU0,Bill,13-Week,2024-07-15,2024-07-18,2024-10-17,98.686819,80477940000
912797LY1,Bill,26-Week,2024-07-15,2024-07-18,2025-01-16,97.479806,74124013700
912797KX4,Bill,4-Week,2024-07-11,2024-07-16,2024-08-13,99.590111,90230152600
912797LG0,Bill,8-Week,2024-07-11,2024-07-16,2024-09-10,99.181778,85217033200
912797MB0,Bill,17-Week,2024-07-10,2024-07-16,2024-11-12,98.282764,60153308000
912797KC0,Bill,42-Day,2024-07-09,2024-07-11,2024-08-22,99.385167,70000239100
912797LW5,Bill,52-Week,2024-07-09,2024-07-11,2025-07-10,95.171944,48591812900
912797KT3,Bill,13-Week,2024-07-08,2024-07-11,2024-10-10,98.677972,80281603600
912797LX3,Bill,26-Week,2024-07-08,2024-07-11,2025-01-09,97.431778,73943514400
912797KW6,Bill,4-Week,2024-07-03,2024-07-09,2024-08-06,99.589333,85221267500
912797LA3,Bill,8-Week,2024-07-03,2024-07-09,2024-09-03,99.179444,80208669200
912797MA2,Bill,17-Week,2024-07-03,2024-07-09,2024-11-05,98.279458,60157510000
912797KB2,Bill,41-Day,2024-07-02,2024-07-05,2024-08-15,99.399806,65000733800
912797GW1,Bill,13-Week,2024-07-01,2024-07-05,2024-10-03,98.69,77506665100
912797LR6,Bill,26-Week,2024-07-01,2024-07-05,2025-01-02,97.428292,74320294200
912797KR7,Bill,4-Week,2024-06-27,2024-07-02,2024-07-30,99.590111,80216525100
912797KZ9,Bill,8-Week,2024-06-27,2024-07-02,2024-08-27,99.181778,75202530100
912797LV7,Bill,17-Week,2024-06-26,2024-07-02,2024-10-29,98.2745,60163508800
912797GK7,Bill,42-Day,2024-06-25,2024-06-27,2024-08-08,99.3875,60000357000
912797KM8,Bill,13-Week,2024-06-24,2024-06-27,2024-09-26,98.676708,71421342600
912796ZV4,Bill,26-Week,2024-06-24,2024-06-27,2024-12-26,97.401444,71421744500
912797KQ9,Bill,4-Week,2024-06-20,2024-06-25,2024-07-23,99.593222,70291041300
912797KY2,Bill,8-Week,2024-06-20,2024-06-25,2024-08-20,99.181778,70291209400
912797LU9,Bill,17-Week,2024-06-20,2024-06-25,2024-10-22,98.2745,60250069300
912797JU2,Bill,42-Day,2024-06-17,2024-06-20,2024-08-01,99.385167,60001081000
912797KL0,Bill,13-Week,2024-06-17,2024-06-20,2024-09-19,98.672917,70340160500
912797LQ8,Bill,26-Week,2024-06-17,2024-06-20,2024-12-19,97.396389,70340218900
912797KP1,Bill,4-Week,2024-06-13,2024-06-18,2024-07-16,99.590889,70292849300
912797KX4,Bill,8-Week,2024-06-13,2024-06-18,2024-08-13,99.181,70293111100
912797LT2,Bill,17-Week,2024-06-12,2024-06-18,2024-10-15,98.2745,60251685100
912797JT5,Bill,42-Day,2024-06-11,2024-06-13,2024-07-25,99.385167,60000374800
912797LN5,Bill,52-Week,2024-06-11,2024-06-13,2025-06-12,95.030389,46984483400
912797KK2,Bill,13-Week,2024-06-10,2024-06-13,2024-09-12,98.672917,71498191900
912797LP0,Bill,26-Week,2024-06-10,2024-06-13,2024-12-12,97.388806,71497365600
912797KN6,Bill,4-Week,2024-06-06,2024-06-11,2024-07-09,99.590111,70285592700
912797KW6,Bill,8-Week,2024-06-06,2024-06-11,2024-08-06,99.181,70285958200
912797LS4,Bill,17-Week,2024-06-05,2024-06-11,2024-10-08,98.272847,60244834500
912797JS7,Bill,42-Day,2024-06-04,2024-06-06,2024-07-18,99.384583,60001115900
912797GL5,Bill,13-Week,2024-06-03,2024-06-06,2024-09-05,98.672917,70781268800
912797LF2,Bill,26-Week,2024-06-03,2024-06-06,2024-12-05,97.393861,70782731200
912797KH9,Bill,4-Week,2024-05-30,2024-06-04,2024-07-02,99.590111,70282000200
912797KR7,Bill,8-Week,2024-05-30,2024-06-04,2024-07-30,99.179444,70283616000
912797LK1,Bill,17-Week,2024-05-29,2024-06-04,2024-10-01,98.267889,60241596700
912797GB7,Bill,42-Day,2024-05-28,2024-05-30,2024-07-11,99.384583,65000201000
912797KD8,Bill,13-Week,2024-05-28,2024-05-30,2024-08-29,98.671653,75306715000
912797HP5,Bill,26-Week,2024-05-28,2024-05-30,2024-11-29,97.371917,75306526400
912797KG1,Bill,4-Week,2024-05-23,2024-05-28,2024-06-25,99.590111,80294109900
912797KQ9,Bill,8-Week,2024-05-23,2024-05-28,2024-07-23,99.179444,80294315100
912797LJ4,Bill,17-Week,2024-05-22,2024-05-28,2024-09-24,98.269542,60221252600
912796Y52,Bill,43-Day,2024-05-21,2024-05-23,2024-07-05,99.370528,75000285000
912797KC0,Bill,13-Week,2024-05-20,2024-05-23,2024-08-22,98.674181,75581220000
912797LE5,Bill,26-Week,2024-05-20,2024-05-23,2024-11-21,97.391333,75581244800
912797KF3,Bill,4-Week,2024-05-16,2024-05-21,2024-06-18,99.590111,80246147000
912797KP1,Bill,8-Week,2024-05-16,2024-05-21,2024-07-16,99.180222,80246494100
912797LH8,Bill,17-Week,2024-05-15,2024-05-21,2024-09-17,98.269542,60184546300
912796Y45,Bill,42-Day,2024-05-14,2024-05-16,2024-06-27,99.384,75000738200
912797LB1,Bill,52-Week,2024-05-14,2024-05-16,2025-05-15,95.050611,50572731300
912797KB2,Bill,13-Week,2024-05-13,2024-05-16,2024-08-15,98.672917,76959343300
912797LD7,Bill,26-Week,2024-05-13,2024-05-16,2024-11-14,97.388806,76958812900
912797KE6,Bill,4-Week,2024-05-09,2024-05-14,2024-06-11,99.590111,80237952100
912797KN6,Bill,8-Week,2024-05-09,2024-05-14,2024-07-09,99.179444,80237100400
912797LG0,Bill,17-Week,2024-05-08,2024-05-14,2024-09-10,98.267889,60177837100
912796ZW2,Bill,42-Day,2024-05-07,2024-05-09,2024-06-20,99.384,75001093000
912797GK7,Bill,13-Week,2024-05-06,2024-05-09,2024-08-08,98.672917,75988559300
912797LC9,Bill,26-Week,2024-05-06,2024-05-09,2024-11-07,97.393861,75987213800
912797JZ1,Bill,4-Week,2024-05-02,2024-05-07,2024-06-04,99.589722,70221925500
912797KH9,Bill,8-Week,2024-05-02,2024-05-07,2024-07-02,99.180222,75239233800
912797LA3,Bill,17-Week,2024-05-01,2024-05-07,2024-09-03,98.266236,60191057100
912797FS1,Bill,42-Day,2024-04-30,2024-05-02,2024-06-13,99.383417,65000135600
912797JU2,Bill,13-Week,2024-04-29,2024-05-02,2024-08-01,98.672917,77788160800
912797HE0,Bill,26-Week,2024-04-29,2024-05-02,2024-10-31,97.388806,77787692100
912797JY4,Bill,4-Week,2024-04-25,2024-04-30,2024-05-28,99.589722,70226212400
912797KG1,Bill,8-Week,2024-04-25,2024-04-30,2024-06-25,99.179444,75243701400
912797KZ9,Bill,17-Week,2024-04-24,2024-04-30,2024-08-27,98.267889,60194324400
912797HT7,Bill,42-Day,2024-04-23,2024-04-25,2024-06-06,99.383417,65002276000
912797JT5,Bill,13-Week,2024-04-22,2024-04-25,2024-07-25,98.671653,74296934400
912797KV8,Bill,26-Week,2024-04-22,2024-04-25,2024-10-24,97.391333,74297231100
912797JX6,Bill,4-Week,2024-04-18,2024-04-23,2024-05-21,99.589333,70274501100
912797KF3,Bill,8-Week,2024-04-18,2024-04-23,2024-06-18,99.179444,75294750100
912797KY2,Bill,17-Week,2024-04-17,2024-04-23,2024-08-20,98.267889,60235736100
912797HS9,Bill,42-Day,2024-04-16,2024-04-18,2024-05-30,99.383417,65000885000
912797KS5,Bill,52-Week,2024-04-16,2024-04-18,2025-04-17,95.030389,49108430600
912797JS7,Bill,13-Week,2024-04-15,2024-04-18,2024-07-18,98.672917,74731019900
912797KU0,Bill,26-Week,2024-04-15,2024-04-18,2024-10-17,97.393861,74730173900
912797JW8,Bill,4-Week,2024-04-11,2024-04-16,2024-05-14,99.590111,70273494000
912797KE6,Bill,8-Week,2024-04-11,2024-04-16,2024-06-11,99.180222,75293779800
912797KX4,Bill,17-Week,2024-04-10,2024-04-16,2024-08-13,98.271194,60235121000
912797HR1,Bill,42-Day,2024-04-09,2024-04-11,2024-05-23,99.384583,65000002900
912797GB7,Bill,13-Week,2024-04-08,2024-04-11,2024-07-11,98.679236,74094495300
912797KT3,Bill,26-Week,2024-04-08,2024-04-11,2024-10-10,97.411556,74094400300
912797JV0,Bill,4-Week,2024-04-04,2024-04-09,2024-05-07,99.5905,70269159000
912797JZ1,Bill,8-Week,2024-04-04,2024-04-09,2024-06-04,99.181778,75288840600
912797KW6,Bill,17-Week,2024-04-03,2024-04-09,2024-08-06,98.281111,60231997000
912797FH5,Bill,42-Day,2024-04-02,2024-04-04,2024-05-16,99.384,65000206500
912796Y52,Bill,13-Week,2024-04-01,2024-04-04,2024-07-05,98.663444,74660446800
912797GW1,Bill,26-Week,2024-04-01,2024-04-04,2024-10-03,97.409028,74660731500
912797JQ1,Bill,4-Week,2024-03-28,2024-04-02,2024-04-30,99.588944,75281979600
912797JY4,Bill,8-Week,2024-03-28,2024-04-02,2024-05-28,99.179444,80301841600
912797KR7,Bill,17-Week,2024-03-27,2024-04-02,2024-07-30,98.279458,60225469800
912797HQ3,Bill,42-Day,2024-03-26,2024-03-28,2024-05-09,99.384,70000995200
912796Y45,Bill,13-Week,2024-03-25,2024-03-28,2024-06-27,98.677972,73494330300
912797KM8,Bill,26-Week,2024-03-25,2024-03-28,2024-09-26,97.419139,70473344200
912797JP3,Bill,4-Week,2024-03-21,2024-03-26,2024-04-23,99.590111,85097200800
912797JX6,Bill,8-Week,2024-03-21,2024-03-26,2024-05-21,99.180222,85097288000
912797KQ9,Bill,17-Week,2024-03-20,2024-03-26,2024-07-23,98.276153,60068120000
912797HH3,Bill,42-Day,2024-03-19,2024-03-21,2024-05-02,99.384,75001645000
912797KJ5,Bill,52-Week,2024-03-19,2024-03-21,2025-03-20,95.136556,46104716900
912796ZW2,Bill,13-Week,2024-03-18,2024-03-21,2024-06-20,98.674181,76173287400
912797KL0,Bill,26-Week,2024-03-18,2024-03-21,2024-09-19,97.4065,70159663500
912797JN8,Bill,4-Week,2024-03-14,2024-03-19,2024-04-16,99.589333,95097858000
912797JW8,Bill,8-Week,2024-03-14,2024-03-19,2024-05-14,99.179444,90091935800
912797KP1,Bill,17-Week,2024-03-13,2024-03-19,2024-07-16,98.277806,60061959000
912797HG5,Bill,42-Day,2024-03-12,2024-03-14,2024-04-25,99.383417,80001086200
912797FS1,Bill,13-Week,2024-03-11,2024-03-14,2024-06-13,98.672917,79331123700
912797KK2,Bill,26-Week,2024-03-11,2024-03-14,2024-09-12,97.421667,70293933600
912797JM0,Bill,4-Week,2024-03-07,2024-03-12,2024-04-09,99.589333,95094517100
912797JV0,Bill,8-Week,2024-03-07,2024-03-12,2024-05-07,99.178667,90091153900
912797KN6,Bill,17-Week,2024-03-06,2024-03-12,2024-07-09,98.279458,60060669400
912796CX5,Bill,42-Day,2024-03-05,2024-03-07,2024-04-18,99.383417,80000045200
912797HT7,Bill,13-Week,2024-03-04,2024-03-07,2024-06-06,98.675444,79311242700
912797GL5,Bill,26-Week,2024-03-04,2024-03-07,2024-09-05,97.419139,70275894100
912797JL2,Bill,4-Week,2024-02-29,2024-03-05,2024-04-02,99.588944,95096576100
912797JQ1,Bill,8-Week,2024-02-29,2024-03-05,2024-04-30,99.177889,90090860300
912797KH9,Bill,17-Week,2024-02-28,2024-03-05,2024-07-02,98.272847,60060634300
912797HF7,Bill,42-Day,2024-02-27,2024-02-29,2024-04-11,99.382833,80000438400
912797HS9,Bill,13-Week,2024-02-26,2024-02-29,2024-05-30,98.671653,84497713900
912797KD8,Bill,26-Week,2024-02-26,2024-02-29,2024-08-29,97.4065,74873397600
912797JK4,Bill,4-Week,2024-02-22,2024-02-27,2024-03-26,99.588944,95468432800
912797JP3,Bill,8-Week,2024-02-22,2024-02-27,2024-04-23,99.179444,90444628100
912797KG1,Bill,17-Week,2024-02-21,2024-02-27,2024-06-25,98.276153,60296088300
912797GZ4,Bill,42-Day,2024-02-20,2024-02-22,2024-04-04,99.384,80002374500
912797HR1,Bill,13-Week,2024-02-20,2024-02-22,2024-05-23,98.677972,84844325300
912797KC0,Bill,26-Week,2024-02-20,2024-02-22,2024-08-22,97.421667,75177481300
912797KA4,Bill,52-Week,2024-02-20,2024-02-22,2025-02-20,95.252833,49403008500
912797JJ7,Bill,4-Week,2024-02-15,2024-02-20,2024-03-19,99.589333,95470417700
912797JN8,Bill,8-Week,2024-02-15,2024-02-20,2024-04-16,99.180222,90446287300
912797KF3,Bill,17-Week,2024-02-14,2024-02-20,2024-06-18,98.276153,60298192700
912797GY7,Bill,42-Day,2024-02-13,2024-02-15,2024-03-28,99.384,80002082800
912797FH5,Bill,13-Week,2024-02-12,2024-02-15,2024-05-16,98.677972,86221821800
912797KB2,Bill,26-Week,2024-02-12,2024-02-15,2024-08-15,97.439361,76398644200
912797JH1,Bill,4-Week,2024-02-08,2024-02-13,2024-03-12,99.589333,95455243600
912797JM0,Bill,8-Week,2024-02-08,2024-02-13,2024-04-09,99.180222,90430537700
912797KE6,Bill,17-Week,2024-02-07,2024-02-13,2024-06-11,98.287722,60287042200
912797LL9,Bill,42-Day,2024-02-06,2024-02-08,2024-03-21,99.384,80001228100
912797HQ3,Bill,13-Week,2024-02-05,2024-02-08,2024-05-09,98.676708,85328333200
912797GK7,Bill,26-Week,2024-02-05,2024-02-08,2024-08-08,97.449472,75607752100
912797JG3,Bill,4-Week,2024-02-01,2024-02-06,2024-03-05,99.589333,95468290700
912797JL2,Bill,8-Week,2024-02-01,2024-02-06,2024-04-02,99.181,90443454700
912797JZ1,Bill,17-Week,2024-01-31,2024-02-06,2024-06-04,98.297639,60295661300
912797GX9,Bill,42-Day,2024-01-30,2024-02-01,2024-03-14,99.384,80001432900
912797HH3,Bill,13-Week,2024-01-29,2024-02-01,2024-05-02,98.683028,87153303500
912797JU2,Bill,26-Week,2024-01-29,2024-02-01,2024-08-01,97.479806,77224738500
912797JF5,Bill,4-Week,2024-01-25,2024-01-30,2024-02-27,99.589333,90425225200
912797JK4,Bill,8-Week,2024-01-25,2024-01-30,2024-03-26,99.179444,90424075200
912797JY4,Bill,17-Week,2024-01-24,2024-01-30,2024-05-28,98.286069,60282969700
912797GQ4,Bill,42-Day,2024-01-23,2024-01-25,2024-03-07,99.384,75001103800
912797JR9,Bill,52-Week,2024-01-23,2024-01-25,2025-01-23,95.379222,48616630400
912797HG5,Bill,13-Week,2024-01-22,2024-01-25,2024-04-25,98.679236,81381265500
912797JT5,Bill,26-Week,2024-01-22,2024-01-25,2024-07-25,97.462111,73982180800
912797JE8,Bill,4-Week,2024-01-18,2024-01-23,2024-02-20,99.588944,85445537500
912797JJ7,Bill,8-Week,2024-01-18,2024-01-23,2024-03-19,99.179444,85445060000
912797JX6,Bill,17-Week,2024-01-17,2024-01-23,2024-05-21,98.286069,58303747800
912797GP6,Bill,42-Day,2024-01-16,2024-01-18,2024-02-29,99.383417,70000345000
912796CX5,Bill,13-Week,2024-01-16,2024-01-18,2024-04-18,98.679236,79270671600
912797JS7,Bill,26-Week,2024-01-16,2024-01-18,2024-07-18,97.484861,71872473300
912797JD0,Bill,4-Week,2024-01-11,2024-01-16,2024-02-13,99.589333,80408362500
912797JH1,Bill,8-Week,2024-01-11,2024-01-16,2024-03-12,99.179444,80408178700
912797JW8,Bill,17-Week,2024-01-10,2024-01-16,2024-05-14,98.287722,56285784300
912796Z28,Bill,42-Day,2024-01-09,2024-01-11,2024-02-22,99.384,70001284400
912797HF7,Bill,13-Week,2024-01-08,2024-01-11,2024-04-11,98.676708,79106727400
912797GB7,Bill,26-Week,2024-01-08,2024-01-11,2024-07-11,97.457056,71722844200
912797JC2,Bill,4-Week,2024-01-04,2024-01-09,2024-02-06,99.588556,80420005400
912797JG3,Bill,8-Week,2024-01-04,2024-01-09,2024-03-05,99.177889,80419811400
912797JV0,Bill,17-Week,2024-01-03,2024-01-09,2024-05-07,98.281111,56292885600
912797GN1,Bill,42-Day,2024-01-02,2024-01-04,2024-02-15,99.382833,70000620000
912797GZ4,Bill,13-Week,2024-01-02,2024-01-04,2024-04-04,98.674181,79594046500
912796Y52,Bill,26-Week,2024-01-02,2024-01-04,2024-07-05,97.435458,72165757900
912797JB4,Bill,4-Week,2023-12-28,2024-01-02,2024-01-30,99.585833,80414688600
912797JF5,Bill,8-Week,2023-12-28,2024-01-02,2024-02-27,99.177889,80414588100
912797JQ1,Bill,17-Week,2023-12-27,2024-01-02,2024-04-30,98.277806,56290817300
912797GM3,Bill,42-Day,2023-12-27,2023-12-28,2024-02-08,99.384,70001688500
912797GY7,Bill,13-Week,2023-12-26,2023-12-28,2024-03-28,98.670389,77589679500
912796Y45,Bill,26-Week,2023-12-26,2023-12-28,2024-06-27,97.431778,70347968600
912796ZV4,Bill,52-Week,2023-12-26,2023-12-28,2024-12-26,95.353944,45519211000
912797JA6,Bill,4-Week,2023-12-21,2023-12-26,2024-01-23,99.5905,80377831100
912797JE8,Bill,8-Week,2023-12-21,2023-12-26,2024-02-20,99.180222,80379495600
912797JP3,Bill,17-Week,2023-12-20,2023-12-26,2024-04-23,98.2745,56264544200
912797GE1,Bill,42-Day,2023-12-19,2023-12-21,2024-02-01,99.385167,70001156000
912797LL9,Bill,13-Week,2023-12-18,2023-12-21,2024-03-21,98.670389,75559623300
912796ZW2,Bill,26-Week,2023-12-18,2023-12-21,2024-06-20,97.4065,68507133600
912797HZ3,Bill,4-Week,2023-12-14,2023-12-19,2024-01-16,99.590111,80369551600
912797JD0,Bill,8-Week,2023-12-14,2023-12-19,2024-02-13,99.179444,80369932900
912797JN8,Bill,17-Week,2023-12-13,2023-12-19,2024-04-16,98.264583,56258968000
912796ZY8,Bill,42-Day,2023-12-12,2023-12-14,2024-01-25,99.383417,70001125800
912797GX9,Bill,13-Week,2023-12-11,2023-12-14,2024-03-14,98.670389,76532569200
912797FS1,Bill,26-Week,2023-12-11,2023-12-14,2024-06-13,97.376167,69390234000
912797HY6,Bill,4-Week,2023-12-07,2023-12-12,2024-01-09,99.588944,80377857600
912797JC2,Bill,8-Week,2023-12-07,2023-12-12,2024-02-06,99.179444,80377891400
912797JM0,Bill,17-Week,2023-12-06,2023-12-12,2024-04-09,98.267889,56264456300
912797GD3,Bill,42-Day,2023-12-05,2023-12-07,2024-01-18,99.383417,70001305000
912797GQ4,Bill,13-Week,2023-12-04,2023-12-07,2024-03-07,98.672917,76380780000
912797HT7,Bill,26-Week,2023-12-04,2023-12-07,2024-06-06,97.376167,69251678800
912797HX8,Bill,4-Week,2023-11-30,2023-12-05,2024-01-02,99.588556,80382716400
912797JB4,Bill,8-Week,2023-11-30,2023-12-05,2024-01-30,99.178667,80381685300
912797JL2,Bill,17-Week,2023-11-29,2023-12-05,2024-04-02,98.267889,56266994000
912797GC5,Bill,42-Day,2023-11-28,2023-11-30,2024-01-11,99.383417,70000748500
912797HP5,Bill,52-Week,2023-11-28,2023-11-30,2024-11-29,94.996458,47309124500
912797GP6,Bill,13-Week,2023-11-27,2023-11-30,2024-02-29,98.665333,80641159600
912797HS9,Bill,26-Week,2023-11-27,2023-11-30,2024-05-30,97.350889,73114058100
912797HW0,Bill,4-Week,2023-11-22,2023-11-28,2023-12-26,99.587778,85713985300
912797JA6,Bill,8-Week,2023-11-22,2023-11-28,2024-01-23,99.178667,80673678600
912797JK4,Bill,17-Week,2023-11-22,2023-11-28,2024-03-26,98.261278,56471357300
912797FW2,Bill,41-Day,2023-11-21,2023-11-24,2024-01-04,99.398097,75000199600
912796Z28,Bill,13-Week,2023-11-20,2023-11-24,2024-02-22,98.6825,80867489100
912797HR1,Bill,26-Week,2023-11-20,2023-11-24,2024-05-23,97.370472,73318326100
912797HV2,Bill,4-Week,2023-11-16,2023-11-21,2023-12-19,99.588556,95663287300
912797HZ3,Bill,8-Week,2023-11-16,2023-11-21,2024-01-16,99.178667,85591218800
912797JJ7,Bill,17-Week,2023-11-15,2023-11-21,2024-03-19,98.262931,56389795100
912796ZN2,Bill,42-Day,2023-11-14,2023-11-16,2023-12-28,99.382833,75000202000
912797GN1,Bill,13-Week,2023-11-13,2023-11-16,2024-02-15,98.664069,82231953700
912797FH5,Bill,26-Week,2023-11-13,2023-11-16,2024-05-16,97.335722,74556027600
912797HU4,Bill,4-Week,2023-11-09,2023-11-14,2023-12-12,99.588556,95668276100
912797HY6,Bill,8-Week,2023-11-09,2023-11-14,2024-01-09,99.177889,85598923000
912797JH1,Bill,17-Week,2023-11-08,2023-11-14,2024-03-12,98.253014,56393887400
912797FV4,Bill,42-Day,2023-11-07,2023-11-09,2023-12-21,99.382833,75000805000
912797GM3,Bill,13-Week,2023-11-06,2023-11-09,2024-02-08,98.664069,81226703200
912797HQ3,Bill,26-Week,2023-11-06,2023-11-09,2024-05-09,97.340778,73645958900
912797HN0,Bill,4-Week,2023-11-02,2023-11-07,2023-12-05,99.588556,95686476000
912797HX8,Bill,8-Week,2023-11-02,2023-11-07,2024-01-02,99.175556,85613488600
912797JG3,Bill,17-Week,2023-11-01,2023-11-07,2024-03-05,98.234833,56404603600
912797FU6,Bill,42-Day,2023-10-31,2023-11-02,2023-12-14,99.38225,75001566200
912797HE0,Bill,52-Week,2023-10-31,2023-11-02,2024-10-31,94.807944,48802373200
912797GE1,Bill,13-Week,2023-10-30,2023-11-02,2024-02-01,98.653958,83185805700
912797HH3,Bill,26-Week,2023-10-30,2023-11-02,2024-05-02,97.310444,75422331800
912797HM2,Bill,4-Week,2023-10-26,2023-10-31,2023-11-28,99.588167,95624359500
912797HW0,Bill,8-Week,2023-10-26,2023-10-31,2023-12-26,99.170889,85558681400
912797JF5,Bill,17-Week,2023-10-25,2023-10-31,2024-02-27,98.236486,56367869100
912797FT9,Bill,42-Day,2023-10-24,2023-10-26,2023-12-07,99.381667,75000784500
912796ZY8,Bill,13-Week,2023-10-23,2023-10-26,2024-01-25,98.65775,79648036200
912797HG5,Bill,26-Week,2023-10-23,2023-10-26,2024-04-25,97.307917,72214261100
912797HL4,Bill,4-Week,2023-10-19,2023-10-24,2023-11-21,99.587389,95658920400
912797HV2,Bill,8-Week,2023-10-19,2023-10-24,2023-12-19,99.171667,85589955000
912797JE8,Bill,17-Week,2023-10-18,2023-10-24,2024-02-20,98.229875,56388508500
912796ZD4,Bill,42-Day,2023-10-17,2023-10-19,2023-11-30,99.37875,75001779400
912797GD3,Bill,13-Week,2023-10-16,2023-10-19,2024-01-18,98.650167,79839537800
912796CX5,Bill,26-Week,2023-10-16,2023-10-19,2024-04-18,97.302861,72388498500
912797HK6,Bill,4-Week,2023-10-12,2023-10-17,2023-11-14,99.585833,95665502300
912797HU4,Bill,8-Week,2023-10-12,2023-10-17,2023-12-12,99.168556,85596615500
912797JD0,Bill,17-Week,2023-10-11,2023-10-17,2024-02-13,98.229875,56392560300
912797FL6,Bill,43-Day,2023-10-10,2023-10-12,2023-11-24,99.359778,70000366000
912797GC5,Bill,13-Week,2023-10-10,2023-10-12,2024-01-11,98.650167,77514457600
912797HF7,Bill,26-Week,2023-10-10,2023-10-12,2024-04-11,97.310444,70081629900
912797HJ9,Bill,4-Week,2023-10-05,2023-10-10,2023-11-07,99.587,90687595200
912797HN0,Bill,8-Week,2023-10-05,2023-10-10,2023-12-05,99.167,80610468400
912797JC2,Bill,17-Week,2023-10-04,2023-10-10,2024-02-06,98.231528,54412469000
912797FK8,Bill,42-Day,2023-10-03,2023-10-05,2023-11-16,99.378167,65000267000
912797GW1,Bill,52-Week,2023-10-03,2023-10-05,2024-10-03,94.757389,47248736400
912797FW2,Bill,13-Week,2023-10-02,2023-10-05,2024-01-04,98.648903,76242249700
912797GZ4,Bill,26-Week,2023-10-02,2023-10-05,2024-04-04,97.300333,68725899500
912797HD2,Bill,4-Week,2023-09-28,2023-10-03,2023-10-31,99.588556,85734379200
912797HM2,Bill,8-Week,2023-09-28,2023-10-03,2023-11-28,99.170889,75646871900
912797JB4,Bill,17-Week,2023-09-27,2023-10-03,2024-01-30,98.233181,52449051000
912797FJ1,Bill,42-Day,2023-09-26,2023-09-28,2023-11-09,99.382833,60000457000
912796ZN2,Bill,13-Week,2023-09-25,2023-09-28,2023-12-28,98.652694,71726717100
912797GY7,Bill,26-Week,2023-09-25,2023-09-28,2024-03-28,97.312972,64449632600
912797HC4,Bill,4-Week,2023-09-21,2023-09-26,2023-10-24,99.589333,80538554100
912797HL4,Bill,8-Week,2023-09-21,2023-09-26,2023-11-21,99.175556,70471215100
912797JA6,Bill,17-Week,2023-09-20,2023-09-26,2024-01-23,98.234833,50336239400
912796YT0,Bill,42-Day,2023-09-19,2023-09-21,2023-11-02,99.383417,60002110400
912797FV4,Bill,13-Week,2023-09-18,2023-09-21,2023-12-21,98.656486,69733361400
912797LL9,Bill,26-Week,2023-09-18,2023-09-21,2024-03-21,97.320556,62658831700
912797HB6,Bill,4-Week,2023-09-14,2023-09-19,2023-10-17,99.588944,80510641100
912797HK6,Bill,8-Week,2023-09-14,2023-09-19,2023-11-14,99.176333,70447767100
912797HZ3,Bill,17-Week,2023-09-13,2023-09-19,2024-01-16,98.238139,50320075100
912797FC6,Bill,42-Day,2023-09-12,2023-09-14,2023-10-26,99.383417,60001812000
912797FU6,Bill,13-Week,2023-09-11,2023-09-14,2023-12-14,98.656486,70911825800
912797GX9,Bill,26-Week,2023-09-11,2023-09-14,2024-03-14,97.320556,63717405600
912797HA8,Bill,4-Week,2023-09-07,2023-09-12,2023-10-10,99.589333,80536573900
912797HJ9,Bill,8-Week,2023-09-07,2023-09-12,2023-11-07,99.177111,70469209000
912797HY6,Bill,17-Week,2023-09-06,2023-09-12,2024-01-09,98.236486,50334950700
912797FB8,Bill,42-Day,2023-09-05,2023-09-07,2023-10-19,99.383417,60001029900
912797FT9,Bill,13-Week,2023-09-05,2023-09-07,2023-12-07,98.656486,70866219100
912797GQ4,Bill,26-Week,2023-09-05,2023-09-07,2024-03-07,97.320556,63677933000
912797GL5,Bill,52-Week,2023-09-05,2023-09-07,2024-09-05,94.823111,43136340400
912797GV3,Bill,4-Week,2023-08-31,2023-09-05,2023-10-03,99.589333,80492619900
912797HD2,Bill,8-Week,2023-08-31,2023-09-05,2023-10-31,99.177111,70430002400
912797HX8,Bill,17-Week,2023-08-30,2023-09-05,2024-01-02,98.238139,50308051500
912797FA0,Bill,42-Day,2023-08-29,2023-08-31,2023-10-12,99.382833,60000704200
912796ZD4,Bill,13-Week,2023-08-28,2023-08-31,2023-11-30,98.650167,74262716600
912797GP6,Bill,26-Week,2023-08-28,2023-08-31,2024-02-29,97.295278,66728588700
912797GU5,Bill,4-Week,2023-08-24,2023-08-29,2023-09-26,99.588944,80959021200
912797HC4,Bill,8-Week,2023-08-24,2023-08-29,2023-10-24,99.177111,70838740200
912797HW0,Bill,17-Week,2023-08-23,2023-08-29,2023-12-26,98.243097,50599331900
912796YJ2,Bill,42-Day,2023-08-22,2023-08-24,2023-10-05,99.384,60001718500
912797FL6,Bill,13-Week,2023-08-21,2023-08-24,2023-11-24,98.645556,74657309700
912796Z28,Bill,26-Week,2023-08-21,2023-08-24,2024-02-22,97.323083,67083043500
912797GJ0,Bill,7-Day,2023-08-17,2023-08-22,2023-08-29,99.8985,25000200
912797GT8,Bill,4-Week,2023-08-17,2023-08-22,2023-09-19,99.589333,80928925400
912797HB6,Bill,8-Week,2023-08-17,2023-08-22,2023-10-17,99.178667,70811790500
912797HV2,Bill,17-Week,2023-08-16,2023-08-22,2023-12-19,98.246403,50580598600
912796CS6,Bill,42-Day,2023-08-15,2023-08-17,2023-09-28,99.383417,60000419200
912797FK8,Bill,13-Week,2023-08-14,2023-08-17,2023-11-16,98.661542,76110935900
912797GN1,Bill,26-Week,2023-08-14,2023-08-17,2024-02-15,97.325611,68389374200
912797GS0,Bill,4-Week,2023-08-10,2023-08-15,2023-09-12,99.589333,75946929900
912797HA8,Bill,8-Week,2023-08-10,2023-08-15,2023-10-10,99.178667,65820738700
912797HU4,Bill,17-Week,2023-08-09,2023-08-15,2023-12-12,98.24475,48606975600
912796CR8,Bill,42-Day,2023-08-08,2023-08-10,2023-09-21,99.384583,55000647000
912797GK7,Bill,52-Week,2023-08-08,2023-08-10,2024-08-08,94.883778,43806079400
912797FJ1,Bill,13-Week,2023-08-07,2023-08-10,2023-11-09,98.662806,73375288300
912797GM3,Bill,26-Week,2023-08-07,2023-08-10,2024-02-08,97.33825,65708997200
912797GR2,Bill,4-Week,2023-08-03,2023-08-08,2023-09-05,99.589722,70899634400
912797GV3,Bill,8-Week,2023-08-03,2023-08-08,2023-10-03,99.177889,60772036300
912797HN0,Bill,17-Week,2023-08-02,2023-08-08,2023-12-05,98.248056,46591893200
912796CQ0,Bill,42-Day,2023-08-01,2023-08-03,2023-09-14,99.384,50001270900
912796YT0,Bill,13-Week,2023-07-31,2023-08-03,2023-11-02,98.665333,73060795200
912797GE1,Bill,26-Week,2023-07-31,2023-08-03,2024-02-01,97.335722,65191191600
912797GJ0,Bill,4-Week,2023-07-27,2023-08-01,2023-08-29,99.589722,70891053800
912797GU5,Bill,8-Week,2023-07-27,2023-08-01,2023-09-26,99.177889,60763915500
912797HM2,Bill,17-Week,2023-07-26,2023-08-01,2023-11-28,98.248056,46585768400
912796YH6,Bill,42-Day,2023-07-25,2023-07-27,2023-09-07,99.384583,50000965000
912797FC6,Bill,13-Week,2023-07-24,2023-07-27,2023-10-26,98.667861,70005471100
912796ZY8,Bill,26-Week,2023-07-24,2023-07-27,2024-01-25,97.335722,62466164700
912797GH4,Bill,4-Week,2023-07-20,2023-07-25,2023-08-22,99.591278,70778628100
912797GT8,Bill,8-Week,2023-07-20,2023-07-25,2023-09-19,99.182556,60668062500
912797HL4,Bill,17-Week,2023-07-19,2023-07-25,2023-11-21,98.257972,46512868700
912796Z51,Bill,42-Day,2023-07-18,2023-07-20,2023-08-31,99.388667,50001821500
912797FB8,Bill,13-Week,2023-07-17,2023-07-20,2023-10-19,98.672917,70174561800
912797GD3,Bill,26-Week,2023-07-17,2023-07-20,2024-01-18,97.345833,62616891100
912797GG6,Bill,4-Week,2023-07-13,2023-07-18,2023-08-15,99.594778,70833331200
912797GS0,Bill,8-Week,2023-07-13,2023-07-18,2023-09-12,99.186444,60714401500
912797HK6,Bill,17-Week,2023-07-12,2023-07-18,2023-11-14,98.261278,46547449500
912796Z44,Bill,42-Day,2023-07-11,2023-07-13,2023-08-24,99.392167,50000748000
912797GB7,Bill,52-Week,2023-07-11,2023-07-13,2024-07-11,94.813,40999957500
912797FA0,Bill,13-Week,2023-07-10,2023-07-13,2023-10-12,98.672917,70131709000
912797GC5,Bill,26-Week,2023-07-10,2023-07-13,2024-01-11,97.335722,62579191000
912797GF8,Bill,4-Week,2023-07-06,2023-07-11,2023-08-08,99.599444,70828888700
912797GR2,Bill,8-Week,2023-07-06,2023-07-11,2023-09-05,99.191111,60710857000
912797HJ9,Bill,17-Week,2023-07-05,2023-07-11,2023-11-07,98.264583,46545564300
912796Z36,Bill,42-Day,2023-07-03,2023-07-06,2023-08-17,99.396833,50000476300
912796YJ2,Bill,13-Week,2023-07-03,2023-07-06,2023-10-05,98.677972,70472303100
912797FW2,Bill,26-Week,2023-07-03,2023-07-06,2024-01-04,97.340778,62881970300
912797GA9,Bill,4-Week,2023-06-29,2023-07-05,2023-08-01,99.618625,70786674700
912797GJ0,Bill,8-Week,2023-06-29,2023-07-05,2023-08-29,99.207083,60674270700
912797HD2,Bill,17-Week,2023-06-28,2023-07-05,2023-10-31,98.287361,46517616100
912796XY0,Bill,42-Day,2023-06-27,2023-06-29,2023-08-10,99.404417,50000048000
912796CS6,Bill,13-Week,2023-06-26,2023-06-29,2023-09-28,98.690611,70173092600
912796ZN2,Bill,26-Week,2023-06-26,2023-06-29,2023-12-28,97.363528,62615496400
912797FZ5,Bill,4-Week,2023-06-22,2023-06-27,2023-07-25,99.610333,70793272500
912797GH4,Bill,8-Week,2023-06-22,2023-06-27,2023-08-22,99.200444,60679553700
912797HC4,Bill,17-Week,2023-06-21,2023-06-27,2023-10-24,98.2745,46520999700
912796Y37,Bill,42-Day,2023-06-20,2023-06-22,2023-08-03,99.4085,50000020000
912796CR8,Bill,13-Week,2023-06-20,2023-06-22,2023-09-21,98.70325,66371035600
912797FV4,Bill,26-Week,2023-06-20,2023-06-22,2023-12-21,97.386278,59223284700
912797FY8,Bill,4-Week,2023-06-15,2023-06-20,2023-07-18,99.610333,65836316500
912797GG6,Bill,8-Week,2023-06-15,2023-06-20,2023-08-15,99.209778,55707731700
912797HB6,Bill,17-Week,2023-06-14,2023-06-20,2023-10-17,98.297639,46591960000
912796Y29,Bill,42-Day,2023-06-13,2023-06-15,2023-07-27,99.414333,45000101400
912797FS1,Bill,52-Week,2023-06-13,2023-06-15,2024-06-13,95.015222,40258074700
912796CQ0,Bill,13-Week,2023-06-12,2023-06-15,2023-09-14,98.698194,68863157400
912797FU6,Bill,26-Week,2023-06-12,2023-06-15,2023-12-14,97.393861,61446486000
912797FX0,Bill,4-Week,2023-06-08,2023-06-13,2023-07-11,99.604111,60814784600
912797GF8,Bill,8-Week,2023-06-08,2023-06-13,2023-08-08,99.203556,50678966800
912797HA8,Bill,17-Week,2023-06-07,2023-06-13,2023-10-10,98.281111,46624904300
912796YH6,Bill,13-Week,2023-06-05,2023-06-08,2023-09-07,98.6805,68317673900
912797FT9,Bill,26-Week,2023-06-05,2023-06-08,2023-12-07,97.345833,60961058200
912796ZZ5,Bill,44-Day,2023-06-05,2023-06-06,2023-07-20,99.370556,50000667000
912797FM4,Bill,1-Day,2023-06-02,2023-06-05,2023-06-06,99.985944,15000215000
912796XQ7,Bill,38-Day,2023-06-02,2023-06-05,2023-07-13,99.445833,50001240000
912797FR3,Bill,4-Week,2023-06-01,2023-06-06,2023-07-05,99.58675,35680543600
912797GA9,Bill,8-Week,2023-06-01,2023-06-06,2023-08-01,99.188,35680782400
912797MF1,Bill,3-Day,2023-06-01,2023-06-02,2023-06-05,99.94875,25000060000
912797GV3,Bill,17-Week,2023-05-31,2023-06-06,2023-10-03,98.239792,44855602500
912796Z51,Bill,13-Week,2023-05-30,2023-06-01,2023-08-31,98.660278,68034141100
912797FJ1,Bill,161-Day,2023-05-30,2023-06-01,2023-11-09,97.611833,50000029000
912796ZD4,Bill,26-Week,2023-05-30,2023-06-01,2023-11-30,97.325611,60474642500
912797FQ5,Bill,4-Week,2023-05-25,2023-05-30,2023-06-27,99.552778,35834770800
912797FZ5,Bill,8-Week,2023-05-25,2023-05-30,2023-07-25,99.167778,35835212200
912797GU5,Bill,17-Week,2023-05-24,2023-05-30,2023-09-26,98.261278,43001880400
912796X53,Bill,21-Day,2023-05-23,2023-05-25,2023-06-15,99.638333,35000093000
912796Z44,Bill,13-Week,2023-05-22,2023-05-25,2023-08-24,98.672917,62835029600
912797FL6,Bill,26-Week,2023-05-22,2023-05-25,2023-11-24,97.371917,59528059300
912797FP7,Bill,4-Week,2023-05-18,2023-05-23,2023-06-20,99.582333,35889865600
912797FY8,Bill,8-Week,2023-05-18,2023-05-23,2023-07-18,99.219111,35889939200
912797FC6,Bill,156-Day,2023-05-18,2023-05-23,2023-10-26,97.733667,45000038000
912797GT8,Bill,17-Week,2023-05-17,2023-05-23,2023-09-19,98.314167,39991555800
912797FB8,Bill,154-Day,2023-05-16,2023-05-18,2023-10-19,97.829028,45000064000
912797FH5,Bill,52-Week,2023-05-16,2023-05-18,2024-05-16,95.303389,40712708600
912796Z36,Bill,13-Week,2023-05-15,2023-05-18,2023-08-17,98.720944,64462088300
912797FK8,Bill,26-Week,2023-05-15,2023-05-18,2023-11-16,97.482333,57676333600
912797FN2,Bill,4-Week,2023-05-11,2023-05-16,2023-06-13,99.564056,36024160600
912797FX0,Bill,8-Week,2023-05-11,2023-05-16,2023-07-11,99.272,36024138000
912797FA0,Bill,149-Day,2023-05-11,2023-05-16,2023-10-12,97.914,45000020000
912797GS0,Bill,17-Week,2023-05-10,2023-05-16,2023-09-12,98.347222,37053292800
912796XY0,Bill,13-Week,2023-05-08,2023-05-11,2023-08-10,98.700722,63528041400
912797FJ1,Bill,26-Week,2023-05-08,2023-05-11,2023-11-09,97.527833,53497249100
912797FM4,Bill,4-Week,2023-05-04,2023-05-09,2023-06-06,99.545778,51181050900
912797FR3,Bill,8-Week,2023-05-04,2023-05-09,2023-07-05,99.145,46063015400
912797GR2,Bill,17-Week,2023-05-03,2023-05-09,2023-09-05,98.353833,36850348300
912796ZF9,Bill,21-Day,2023-05-02,2023-05-04,2023-05-25,99.738083,40000029500
912796Y37,Bill,13-Week,2023-05-01,2023-05-04,2023-08-03,98.705778,65414661400
912796YT0,Bill,26-Week,2023-05-01,2023-05-04,2023-11-02,97.522778,55085873800
912797FG7,Bill,4-Week,2023-04-27,2023-05-02,2023-05-30,99.702111,51153755700
912797FQ5,Bill,8-Week,2023-04-27,2023-05-02,2023-06-27,99.231556,46038507900
912796W47,Bill,17-Day,2023-04-27,2023-05-01,2023-05-18,99.794583,45000021000
912797GJ0,Bill,17-Week,2023-04-26,2023-05-02,2023-08-29,98.355486,36830731000
912796Y29,Bill,13-Week,2023-04-24,2023-04-27,2023-07-27,98.719681,63209278500
912797FC6,Bill,26-Week,2023-04-24,2023-04-27,2023-10-26,97.553111,53228819900
912797FF9,Bill,4-Week,2023-04-20,2023-04-25,2023-05-23,99.751889,51196020600
912797FP7,Bill,8-Week,2023-04-20,2023-04-25,2023-06-20,99.245556,46076479900
912797GH4,Bill,17-Week,2023-04-19,2023-04-25,2023-08-22,98.327389,36861237300
912796CX5,Bill,52-Week,2023-04-18,2023-04-20,2024-04-18,95.419667,37910019700
912796ZZ5,Bill,13-Week,2023-04-17,2023-04-20,2023-07-20,98.715889,63555402200
912797FB8,Bill,26-Week,2023-04-17,2023-04-20,2023-10-19,97.537944,53520068700
912797FE2,Bill,4-Week,2023-04-13,2023-04-18,2023-05-16,99.686556,61390672400
912797FN2,Bill,8-Week,2023-04-13,2023-04-18,2023-06-13,99.254889,51156684400
912797GG6,Bill,17-Week,2023-04-12,2023-04-18,2023-08-15,98.353833,36833108500
912796XQ7,Bill,13-Week,2023-04-10,2023-04-13,2023-07-13,98.741167,62737063000
912797FA0,Bill,26-Week,2023-04-10,2023-04-13,2023-10-12,97.575861,52831248900
912797FD4,Bill,4-Week,2023-04-06,2023-04-11,2023-05-09,99.654667,61257521600
912797FM4,Bill,8-Week,2023-04-06,2023-04-11,2023-06-06,99.276667,51047971500
912797GF8,Bill,17-Week,2023-04-05,2023-04-11,2023-08-08,98.429861,36754769800
912796ZS1,Bill,13-Week,2023-04-03,2023-04-06,2023-07-06,98.791722,63624401900
912796YJ2,Bill,26-Week,2023-04-03,2023-04-06,2023-10-05,97.621361,53578383400
912796CW7,Bill,4-Week,2023-03-30,2023-04-04,2023-05-02,99.642222,61288399800
912797FG7,Bill,8-Week,2023-03-30,2023-04-04,2023-05-30,99.284444,51073561700
912797GA9,Bill,17-Week,2023-03-29,2023-04-04,2023-08-01,98.419944,36773062900
912797LM7,Bill,17-Day,2023-03-28,2023-03-31,2023-04-17,99.778056,45000180000
912796YN3,Bill,7-Day,2023-03-28,2023-03-30,2023-04-06,99.92125,30000088000
912796ZR3,Bill,13-Week,2023-03-27,2023-03-30,2023-06-29,98.818264,63314645300
912796CS6,Bill,26-Week,2023-03-27,2023-03-30,2023-09-28,97.649167,53317601000
912796CV9,Bill,4-Week,2023-03-23,2023-03-28,2023-04-25,99.677222,61195616800
912797FF9,Bill,8-Week,2023-03-23,2023-03-28,2023-05-23,99.315556,50996362400
912797FZ5,Bill,17-Week,2023-03-22,2023-03-28,2023-07-25,98.411681,36717382600
912797LL9,Bill,52-Week,2023-03-21,2023-03-23,2024-03-21,95.561222,35026365100
912796ZQ5,Bill,13-Week,2023-03-20,2023-03-23,2023-06-22,98.818264,58720480500
912796CR8,Bill,26-Week,2023-03-20,2023-03-23,2023-09-21,97.664333,49449057200
912796CU1,Bill,4-Week,2023-03-17,2023-03-21,2023-04-18,99.671778,61304077400
912797FE2,Bill,8-Week,2023-03-17,2023-03-21,2023-05-16,99.307778,51086792100
912797FY8,Bill,17-Week,2023-03-15,2023-03-21,2023-07-18,98.429861,36782584600
912796X53,Bill,13-Week,2023-03-13,2023-03-16,2023-06-15,98.799306,61146933400
912796CQ0,Bill,26-Week,2023-03-13,2023-03-16,2023-09-14,97.623889,51492070400
912796CT4,Bill,4-Week,2023-03-09,2023-03-14,2023-04-11,99.639111,66185994300
912797FD4,Bill,8-Week,2023-03-09,2023-03-14,2023-05-09,99.250222,56003831500
912797FX0,Bill,17-Week,2023-03-08,2023-03-14,2023-07-11,98.332347,36657190100
912796ZP7,Bill,13-Week,2023-03-06,2023-03-09,2023-06-08,98.795514,61042303800
912796YH6,Bill,26-Week,2023-03-06,2023-03-09,2023-09-07,97.487389,51404002800
912796Z93,Bill,4-Week,2023-03-02,2023-03-07,2023-04-04,99.643,76303119000
912796CW7,Bill,8-Week,2023-03-02,2023-03-07,2023-05-02,99.275889,61042546500
912797FR3,Bill,17-Week,2023-03-01,2023-03-07,2023-07-05,98.371667,36625584800
912796ZG7,Bill,13-Week,2023-02-27,2023-03-02,2023-06-01,98.799306,66194689400
912796Z51,Bill,26-Week,2023-02-27,2023-03-02,2023-08-31,97.502556,52956062400
912796YL7,Bill,16-Day,2023-02-23,2023-02-28,2023-03-16,99.801778,15000017000
912796Z85,Bill,4-Week,2023-02-23,2023-02-28,2023-03-28,99.648833,76304087000
912796CV9,Bill,8-Week,2023-02-23,2023-02-28,2023-04-25,99.275111,61043604600
912797FQ5,Bill,17-Week,2023-02-22,2023-02-28,2023-06-27,98.403417,36625910400
912796ZF9,Bill,13-Week,2023-02-21,2023-02-23,2023-05-25,98.806889,66130221500
912796Z44,Bill,26-Week,2023-02-21,2023-02-23,2023-08-24,97.515194,52903864700
912796Z28,Bill,52-Week,2023-02-21,2023-02-23,2024-02-22,95.151722,37473707700
912796Z77,Bill,4-Week,2023-02-16,2023-02-21,2023-03-21,99.649222,76482116800
912796CU1,Bill,8-Week,2023-02-16,2023-02-21,2023-04-18,99.276667,61185921600
912797FP7,Bill,17-Week,2023-02-15,2023-02-21,2023-06-20,98.413333,36711416600
912796Y78,Bill,12-Day,2023-02-14,2023-02-16,2023-02-28,99.848667,25000578000
912796W47,Bill,13-Week,2023-02-13,2023-02-16,2023-05-18,98.817,67546831900
912796Z36,Bill,26-Week,2023-02-13,2023-02-16,2023-08-17,97.553111,54037580800
912796Z69,Bill,4-Week,2023-02-09,2023-02-14,2023-03-14,99.648444,75989239000
912796CT4,Bill,8-Week,2023-02-09,2023-02-14,2023-04-11,99.284444,60791647600
912797FN2,Bill,17-Week,2023-02-08,2023-02-14,2023-06-13,98.446389,36474897300
912796ZE2,Bill,13-Week,2023-02-06,2023-02-09,2023-05-11,98.83975,66608638800
912796XY0,Bill,26-Week,2023-02-06,2023-02-09,2023-08-10,97.596083,53286761900
912796Y86,Bill,4-Week,2023-02-02,2023-02-07,2023-03-07,99.650778,76146279900
912796Z93,Bill,8-Week,2023-02-02,2023-02-07,2023-04-04,99.299222,60917100900
912797FM4,Bill,17-Week,2023-02-01,2023-02-07,2023-06-06,98.471181,36550246200
912796YW3,Bill,13-Week,2023-01-30,2023-02-02,2023-05-04,98.838486,68544876600
912796Y37,Bill,26-Week,2023-01-30,2023-02-02,2023-08-03,97.634,54836455200
912796Y78,Bill,4-Week,2023-01-26,2023-01-31,2023-02-28,99.65,75924510000
912796Z85,Bill,8-Week,2023-01-26,2023-01-31,2023-03-28,99.296111,60739803400
912797FG7,Bill,17-Week,2023-01-25,2023-01-31,2023-05-30,98.472833,36443735500
912796ZY8,Bill,52-Week,2023-01-24,2023-01-26,2024-01-25,95.480333,37636865100
912796YV5,Bill,13-Week,2023-01-23,2023-01-26,2023-04-27,98.843542,66418057500
912796Y29,Bill,26-Week,2023-01-23,2023-01-26,2023-07-27,97.631472,53134495300
912796Y60,Bill,4-Week,2023-01-19,2023-01-24,2023-02-21,99.651556,71126170000
912796YK9,Bill,44-Day,2023-01-19,2023-01-24,2023-03-09,99.446944,60000662100
912796Z77,Bill,8-Week,2023-01-19,2023-01-24,2023-03-21,99.296889,60965189000
912797FF9,Bill,17-Week,2023-01-18,2023-01-24,2023-05-23,98.476139,36579325200
912796V48,Bill,13-Week,2023-01-17,2023-01-19,2023-04-20,98.847333,66464967700
912796ZZ5,Bill,26-Week,2023-01-17,2023-01-19,2023-07-20,97.631472,53171963300
912796T33,Bill,35-Day,2023-01-12,2023-01-19,2023-02-23,99.563472,60000530000
912796ZU6,Bill,4-Week,2023-01-12,2023-01-17,2023-02-14,99.660111,61044801600
912796Z69,Bill,8-Week,2023-01-12,2023-01-17,2023-03-14,99.305444,55957958400
912797FE2,Bill,17-Week,2023-01-11,2023-01-17,2023-05-16,98.453,36627205300
912796YU7,Bill,13-Week,2023-01-09,2023-01-12,2023-04-13,98.847333,62863425100
912796XQ7,Bill,26-Week,2023-01-09,2023-01-12,2023-07-13,97.618833,52937320700
912796ZT9,Bill,4-Week,2023-01-05,2023-01-10,2023-02-07,99.681111,46136848700
912796Y86,Bill,8-Week,2023-01-05,2023-01-10,2023-03-07,99.310889,46137212400
912797FD4,Bill,17-Week,2023-01-04,2023-01-10,2023-05-09,98.489361,33833775100
912796YN3,Bill,13-Week,2023-01-03,2023-01-05,2023-04-06,98.88525,60930366400
912796ZS1,Bill,26-Week,2023-01-03,2023-01-05,2023-07-06,97.65675,50775384300
912796ZM4,Bill,4-Week,2022-12-29,2023-01-03,2023-01-31,99.702111,45943969000
912796Y78,Bill,8-Week,2022-12-29,2023-01-03,2023-02-28,99.338889,45944216400
912796CW7,Bill,17-Week,2022-12-28,2023-01-03,2023-05-02,98.495972,33692286700
912796YM5,Bill,13-Week,2022-12-27,2022-12-29,2023-03-30,98.900417,61148329600
912796ZR3,Bill,26-Week,2022-12-27,2022-12-29,2023-06-29,97.674444,50957007300
912796ZN2,Bill,52-Week,2022-12-27,2022-12-29,2023-12-28,95.434833,38500490100
912796ZL6,Bill,4-Week,2022-12-22,2022-12-27,2023-01-24,99.719222,46219581200
912796Y60,Bill,8-Week,2022-12-22,2022-12-27,2023-02-21,99.380111,46219496400
912796CV9,Bill,17-Week,2022-12-21,2022-12-27,2023-04-25,98.537292,33894373600
912796U31,Bill,13-Week,2022-12-19,2022-12-22,2023-03-23,98.915583,55838198500
912796ZQ5,Bill,26-Week,2022-12-19,2022-12-22,2023-06-22,97.699722,46531951800
912796ZK8,Bill,4-Week,2022-12-15,2022-12-20,2023-01-17,99.706,46210558600
912796ZU6,Bill,8-Week,2022-12-15,2022-12-20,2023-02-14,99.368444,46210650100
912796CU1,Bill,17-Week,2022-12-14,2022-12-20,2023-04-18,98.532333,33887820500
912796YL7,Bill,13-Week,2022-12-12,2022-12-15,2023-03-16,98.920639,58686117500
912796X53,Bill,26-Week,2022-12-12,2022-12-15,2023-06-15,97.659278,48905110300
912796ZJ1,Bill,4-Week,2022-12-08,2022-12-13,2023-01-10,99.716111,46476751400
912796ZT9,Bill,8-Week,2022-12-08,2022-12-13,2023-02-07,99.387111,46476876500
912796CT4,Bill,17-Week,2022-12-07,2022-12-13,2023-04-11,98.545556,34082997100
912796YK9,Bill,13-Week,2022-12-05,2022-12-08,2023-03-09,98.920639,58594283100
912796ZP7,Bill,26-Week,2022-12-05,2022-12-08,2023-06-08,97.689611,48828530300
912796ZH5,Bill,4-Week,2022-12-01,2022-12-06,2023-01-03,99.692778,46247919700
912796ZM4,Bill,8-Week,2022-12-01,2022-12-06,2023-01-31,99.365333,46247559400
912796Z93,Bill,17-Week,2022-11-30,2022-12-06,2023-04-04,98.535639,33914773900
912796ZD4,Bill,52-Week,2022-11-29,2022-12-01,2023-11-30,95.394389,38327460700
912796YB9,Bill,13-Week,2022-11-28,2022-12-01,2023-03-02,98.916847,60872161100
912796ZG7,Bill,26-Week,2022-11-28,2022-12-01,2023-06-01,97.699722,50727519500
912796ZA0,Bill,4-Week,2022-11-23,2022-11-29,2022-12-27,99.691222,56807524000
912796ZL6,Bill,8-Week,2022-11-23,2022-11-29,2023-01-24,99.359111,51643288200
912796Z85,Bill,17-Week,2022-11-23,2022-11-29,2023-03-28,98.545556,34085226200
912796T33,Bill,13-Week,2022-11-21,2022-11-25,2023-02-23,98.945,60279573500
912796ZF9,Bill,26-Week,2022-11-21,2022-11-25,2023-05-25,97.727444,50233341200
912796X61,Bill,16-Day,2022-11-17,2022-11-22,2022-12-08,99.831111,40001268000
912796YZ6,Bill,4-Week,2022-11-17,2022-11-22,2022-12-20,99.704833,66899665300
912796ZK8,Bill,8-Week,2022-11-17,2022-11-22,2023-01-17,99.374667,56607456600
912796Z77,Bill,17-Week,2022-11-16,2022-11-22,2023-03-21,98.572,33964567500
912796YA1,Bill,13-Week,2022-11-14,2022-11-17,2023-02-16,98.949708,64759447700
912796W47,Bill,26-Week,2022-11-14,2022-11-17,2023-05-18,97.755333,51126050100
912796YY9,Bill,4-Week,2022-11-10,2022-11-15,2022-12-13,99.721556,67192260300
912796ZJ1,Bill,8-Week,2022-11-10,2022-11-15,2023-01-10,99.401111,56855350900
912796Z69,Bill,17-Week,2022-11-09,2022-11-15,2023-03-14,98.578611,34113176800
912796XZ7,Bill,13-Week,2022-11-07,2022-11-10,2023-02-09,98.958556,63861762800
912796ZE2,Bill,26-Week,2022-11-07,2022-11-10,2023-05-11,97.730056,50416738300
912796YX1,Bill,4-Week,2022-11-03,2022-11-08,2022-12-06,99.718444,66795116900
912796ZH5,Bill,8-Week,2022-11-03,2022-11-08,2023-01-03,99.396444,56519102300
912796Y86,Bill,17-Week,2022-11-02,2022-11-08,2023-03-07,98.585222,33911201600
912796YT0,Bill,52-Week,2022-11-01,2022-11-03,2023-11-02,95.444944,39255251700
912796XT1,Bill,13-Week,2022-10-31,2022-11-03,2023-02-02,98.971194,65810279400
912796YW3,Bill,26-Week,2022-10-31,2022-11-03,2023-05-04,97.755333,51955433800
912796YS2,Bill,4-Week,2022-10-27,2022-11-01,2022-11-29,99.72,67176637600
912796ZA0,Bill,8-Week,2022-10-27,2022-11-01,2022-12-27,99.405778,56841522400
912796Y78,Bill,17-Week,2022-10-26,2022-11-01,2023-02-28,98.618278,34104962200
912796S34,Bill,13-Week,2022-10-24,2022-10-27,2023-01-26,98.988889,63358610400
912796YV5,Bill,26-Week,2022-10-24,2022-10-27,2023-04-27,97.780611,50019995000
912796YR4,Bill,4-Week,2022-10-20,2022-10-25,2022-11-22,99.733222,67035824200
912796YZ6,Bill,8-Week,2022-10-20,2022-10-25,2022-12-20,99.426,56722646100
912796Y60,Bill,17-Week,2022-10-19,2022-10-25,2023-02-21,98.6315,34033747800
912796XS3,Bill,13-Week,2022-10-17,2022-10-20,2023-01-19,99.034389,63487091100
912796V48,Bill,26-Week,2022-10-17,2022-10-20,2023-04-20,97.853917,50121298800
912796YQ6,Bill,4-Week,2022-10-13,2022-10-18,2022-11-15,99.747222,62670854600
912796YY9,Bill,8-Week,2022-10-13,2022-10-18,2022-12-13,99.458667,52225643500
912796ZU6,Bill,119-Day,2022-10-12,2022-10-18,2023-02-14,98.714139,33000241100
912796XR5,Bill,13-Week,2022-10-11,2022-10-13,2023-01-12,99.11275,62960089000
912796YU7,Bill,26-Week,2022-10-11,2022-10-13,2023-04-13,97.962611,49705800100
912796YP8,Bill,4-Week,2022-10-06,2022-10-11,2022-11-08,99.772889,52153157500
912796YX1,Bill,8-Week,2022-10-06,2022-10-11,2022-12-06,99.497556,46937911100
912796ZT9,Bill,119-Day,2022-10-05,2022-10-11,2023-02-07,98.776944,30000163000
912796YJ2,Bill,52-Week,2022-10-04,2022-10-06,2023-10-05,96.001056,38268057200
912796X95,Bill,13-Week,2022-10-03,2022-10-06,2023-01-05,99.155722,60778726600
912796YN3,Bill,26-Week,2022-10-03,2022-10-06,2023-04-06,98.053611,47272346800
912796YG8,Bill,4-Week,2022-09-29,2022-10-04,2022-11-01,99.793111,52621146000
912796YS2,Bill,8-Week,2022-09-29,2022-10-04,2022-11-29,99.523222,47358940200
912796ZM4,Bill,119-Day,2022-09-28,2022-10-04,2023-01-31,98.813306,30000203000
912796R27,Bill,13-Week,2022-09-26,2022-09-29,2022-12-29,99.173417,60889604600
912796YM5,Bill,26-Week,2022-09-26,2022-09-29,2023-03-30,98.053611,47358539300
912796YF0,Bill,4-Week,2022-09-22,2022-09-27,2022-10-25,99.793111,52706246700
912796YR4,Bill,8-Week,2022-09-22,2022-09-27,2022-11-22,99.534889,47435561900
912796ZL6,Bill,119-Day,2022-09-21,2022-09-27,2023-01-24,98.813306,30000280000
912796X87,Bill,13-Week,2022-09-19,2022-09-22,2022-12-22,99.173417,55759935200
912796U31,Bill,26-Week,2022-09-19,2022-09-22,2023-03-23,98.089,43369164700
912796YE3,Bill,4-Week,2022-09-15,2022-09-20,2022-10-18,99.792333,52766172000
912796YQ6,Bill,8-Week,2022-09-15,2022-09-20,2022-11-15,99.545,47489466900
912796ZK8,Bill,119-Day,2022-09-14,2022-09-20,2023-01-17,98.826528,30000185000
912796X79,Bill,13-Week,2022-09-12,2022-09-15,2022-12-15,99.222708,58533971700
912796YL7,Bill,26-Week,2022-09-12,2022-09-15,2023-03-16,98.24825,45526255400
912796YD5,Bill,4-Week,2022-09-08,2022-09-13,2022-10-11,99.805556,52302145100
912796YP8,Bill,8-Week,2022-09-08,2022-09-13,2022-11-08,99.569889,47071189000
912796ZJ1,Bill,119-Day,2022-09-07,2022-09-13,2023-01-10,98.943875,30000075000
912796X61,Bill,13-Week,2022-09-06,2022-09-08,2022-12-08,99.250514,58386270100
912796YK9,Bill,26-Week,2022-09-06,2022-09-08,2023-03-09,98.321556,45411724500
912796YH6,Bill,52-Week,2022-09-06,2022-09-08,2023-09-07,96.501556,36761824600
912796YC7,Bill,4-Week,2022-09-01,2022-09-06,2022-10-04,99.807889,52779714100
912796YG8,Bill,8-Week,2022-09-01,2022-09-06,2022-11-01,99.575333,47502077100
912796ZH5,Bill,119-Day,2022-08-31,2022-09-06,2023-01-03,98.975278,30000296000
912796P94,Bill,13-Week,2022-08-29,2022-09-01,2022-12-01,99.272,60577571100
912796YB9,Bill,26-Week,2022-08-29,2022-09-01,2023-03-02,98.364528,47115890800
912796XX2,Bill,4-Week,2022-08-25,2022-08-30,2022-09-27,99.820333,58339545600
912796YF0,Bill,8-Week,2022-08-25,2022-08-30,2022-10-25,99.594,53035980800
912796ZA0,Bill,119-Day,2022-08-24,2022-08-30,2022-12-27,99.01825,30000571900
912796U49,Bill,21-Day,2022-08-23,2022-08-25,2022-09-15,99.871667,60000661000
912796W70,Bill,13-Week,2022-08-22,2022-08-25,2022-11-25,99.299778,60144880400
912796T33,Bill,26-Week,2022-08-22,2022-08-25,2023-02-23,98.427722,46779325600
912796XW4,Bill,4-Week,2022-08-18,2022-08-23,2022-09-20,99.832778,58411077400
912796YE3,Bill,8-Week,2022-08-18,2022-08-23,2022-10-18,99.612667,53101177700
912796YZ6,Bill,119-Day,2022-08-17,2022-08-23,2022-12-20,99.044694,30000002000
912796W62,Bill,13-Week,2022-08-15,2022-08-18,2022-11-17,99.34025,61489266900
912796YA1,Bill,26-Week,2022-08-15,2022-08-18,2023-02-16,98.473222,47824937400
912796XV6,Bill,4-Week,2022-08-11,2022-08-16,2022-09-13,99.832778,57861066800
912796YD5,Bill,8-Week,2022-08-11,2022-08-16,2022-10-11,99.622,52600923600
912796YY9,Bill,119-Day,2022-08-10,2022-08-16,2022-12-13,99.081056,30000039000
912796XY0,Bill,52-Week,2022-08-09,2022-08-11,2023-08-10,96.764444,38075404000
912796W54,Bill,13-Week,2022-08-08,2022-08-11,2022-11-10,99.347833,60472603100
912796XZ7,Bill,26-Week,2022-08-08,2022-08-11,2023-02-09,98.463111,47034126300
912796XU8,Bill,4-Week,2022-08-04,2022-08-09,2022-09-06,99.835889,58506754700
912796YC7,Bill,8-Week,2022-08-04,2022-08-09,2022-10-04,99.645333,53187897900
912796YX1,Bill,119-Day,2022-08-03,2022-08-09,2022-12-06,99.097583,30000110000
912796N96,Bill,13-Week,2022-08-01,2022-08-04,2022-11-03,99.370583,62447681800
912796XT1,Bill,26-Week,2022-08-01,2022-08-04,2023-02-02,98.559167,48570665400
912796XP9,Bill,4-Week,2022-07-28,2022-08-02,2022-08-30,99.833556,58389970000
912796XX2,Bill,8-Week,2022-07-28,2022-08-02,2022-09-27,99.656222,53081933500
912796YS2,Bill,119-Day,2022-07-27,2022-08-02,2022-11-29,99.110806,30000188500
912796V71,Bill,13-Week,2022-07-25,2022-07-28,2022-10-27,99.363,61440560900
912796S34,Bill,26-Week,2022-07-25,2022-07-28,2023-01-26,98.523778,47787404000
912796XN4,Bill,4-Week,2022-07-21,2022-07-26,2022-08-23,99.835111,58467412500
912796XW4,Bill,8-Week,2022-07-21,2022-07-26,2022-09-20,99.653111,53152260300
912796YR4,Bill,119-Day,2022-07-20,2022-07-26,2022-11-22,99.100889,30000404000
912796V63,Bill,13-Week,2022-07-18,2022-07-21,2022-10-20,99.375639,61700455500
912796XS3,Bill,26-Week,2022-07-18,2022-07-21,2023-01-19,98.528833,47988648300
912796XM6,Bill,4-Week,2022-07-14,2022-07-19,2022-08-16,99.846,47924396900
912796XV6,Bill,8-Week,2022-07-14,2022-07-19,2022-09-13,99.646889,42599482300
912796YQ6,Bill,119-Day,2022-07-13,2022-07-19,2022-11-15,99.140556,30000319000
912796XQ7,Bill,52-Week,2022-07-12,2022-07-14,2023-07-13,97.007111,38548854700
912796V55,Bill,13-Week,2022-07-11,2022-07-14,2022-10-13,99.466639,57822865700
912796XR5,Bill,26-Week,2022-07-11,2022-07-14,2023-01-12,98.642583,47618835100
912796XL8,Bill,4-Week,2022-07-07,2022-07-12,2022-08-09,99.881,38603424600
912796XU8,Bill,8-Week,2022-07-07,2022-07-12,2022-09-06,99.713778,33088627600
912796YP8,Bill,119-Day,2022-07-06,2022-07-12,2022-11-08,99.262861,30000275000
912796M89,Bill,13-Week,2022-07-05,2022-07-07,2022-10-06,99.532361,52331324700
912796X95,Bill,26-Week,2022-07-05,2022-07-07,2023-01-05,98.736111,48842949000
912796X46,Bill,4-Week,2022-06-30,2022-07-05,2022-08-02,99.903556,38483414900
912796XP9,Bill,8-Week,2022-06-30,2022-07-05,2022-08-30,99.743333,32985852500
912796YG8,Bill,119-Day,2022-06-29,2022-07-05,2022-11-01,99.277736,30000107000
912796U64,Bill,13-Week,2022-06-27,2022-06-30,2022-09-29,99.557639,53126280300
912796R27,Bill,26-Week,2022-06-27,2022-06-30,2022-12-29,98.736111,49584557400
912796X38,Bill,4-Week,2022-06-23,2022-06-28,2022-07-26,99.914444,38552290600
912796XN4,Bill,8-Week,2022-06-23,2022-06-28,2022-08-23,99.766667,33044887500
912796YF0,Bill,119-Day,2022-06-22,2022-06-28,2022-10-25,99.319056,30000011000
912796U56,Bill,13-Week,2022-06-21,2022-06-23,2022-09-22,99.577861,47066964700
912796X87,Bill,26-Week,2022-06-21,2022-06-23,2022-12-22,98.791722,43929151900
912796X20,Bill,4-Week,2022-06-16,2022-06-21,2022-07-19,99.908222,37960218000
912796XM6,Bill,8-Week,2022-06-16,2022-06-21,2022-08-16,99.771333,32537888700
912796YE3,Bill,119-Day,2022-06-15,2022-06-21,2022-10-18,99.309139,30000040000
912796X53,Bill,52-Week,2022-06-14,2022-06-16,2023-06-15,96.946444,37943216500
912796U49,Bill,13-Week,2022-06-13,2022-06-16,2022-09-15,99.585444,50218604600
912796X79,Bill,26-Week,2022-06-13,2022-06-16,2022-12-15,98.908,46871036300
912796W96,Bill,4-Week,2022-06-09,2022-06-14,2022-07-12,99.919111,38606396900
912796XL8,Bill,8-Week,2022-06-09,2022-06-14,2022-08-09,99.821111,33091190100
912796YD5,Bill,119-Day,2022-06-08,2022-06-14,2022-10-11,99.500861,30000113000
912796M71,Bill,13-Week,2022-06-06,2022-06-09,2022-09-08,99.689083,50179614600
912796X61,Bill,26-Week,2022-06-06,2022-06-09,2022-12-08,99.1355,46834393300
912796W88,Bill,4-Week,2022-06-02,2022-06-07,2022-07-05,99.933111,38486431000
912796X46,Bill,8-Week,2022-06-02,2022-06-07,2022-08-02,99.838222,32988767400
912796YC7,Bill,119-Day,2022-06-01,2022-06-07,2022-10-04,99.540528,30000051000
912796T66,Bill,13-Week,2022-05-31,2022-06-02,2022-09-01,99.716889,52784659100
912796P94,Bill,26-Week,2022-05-31,2022-06-02,2022-12-01,99.201222,49265666600
912796W39,Bill,4-Week,2022-05-26,2022-05-31,2022-06-28,99.942444,38578160800
912796X38,Bill,8-Week,2022-05-26,2022-05-31,2022-07-26,99.857667,33067325500
912796XX2,Bill,119-Day,2022-05-25,2022-05-31,2022-09-27,99.576889,30000129500
912796T58,Bill,13-Week,2022-05-23,2022-05-26,2022-08-25,99.732056,50751096900
912796W70,Bill,26-Week,2022-05-23,2022-05-26,2022-11-25,99.22225,47367839900
912796W21,Bill,4-Week,2022-05-19,2022-05-24,2022-06-21,99.950222,37990927600
912796X20,Bill,8-Week,2022-05-19,2022-05-24,2022-07-19,99.86,32563991000
912796XW4,Bill,119-Day,2022-05-18,2022-05-24,2022-09-20,99.586806,30000189400
912796W47,Bill,52-Week,2022-05-18,2022-05-19,2023-05-18,97.876667,39178060400
912796T41,Bill,13-Week,2022-05-16,2022-05-19,2022-08-18,99.734583,51853274100
912796W62,Bill,26-Week,2022-05-16,2022-05-19,2022-11-17,99.246722,48396546900
912796V97,Bill,4-Week,2022-05-12,2022-05-17,2022-06-14,99.953333,38600100500
912796W96,Bill,8-Week,2022-05-12,2022-05-17,2022-07-12,99.882556,33085738300
912796XV6,Bill,119-Day,2022-05-11,2022-05-17,2022-09-13,99.616556,30000514000
912796L64,Bill,13-Week,2022-05-09,2022-05-12,2022-08-11,99.7725,51221244600
912796W54,Bill,26-Week,2022-05-09,2022-05-12,2022-11-10,99.299806,47805557700
912796V89,Bill,4-Week,2022-05-05,2022-05-10,2022-06-07,99.961889,38479722700
912796W88,Bill,8-Week,2022-05-05,2022-05-10,2022-07-05,99.889556,32983057900
912796XU8,Bill,119-Day,2022-05-04,2022-05-10,2022-09-06,99.595069,30000278500
912796S67,Bill,13-Week,2022-05-02,2022-05-05,2022-08-04,99.769972,53000294900
912796N96,Bill,26-Week,2022-05-02,2022-05-05,2022-11-03,99.282111,49466411000
912796V30,Bill,4-Week,2022-04-28,2022-05-03,2022-05-31,99.962667,38522204800
912796W39,Bill,8-Week,2022-04-28,2022-05-03,2022-06-28,99.889556,33019239100
912796XP9,Bill,119-Day,2022-04-27,2022-05-03,2022-08-30,99.633083,30000099000
912796S59,Bill,13-Week,2022-04-25,2022-04-28,2022-07-28,99.775028,58020377300
912796V71,Bill,26-Week,2022-04-25,2022-04-28,2022-10-27,99.307389,51194392700
912796V22,Bill,4-Week,2022-04-21,2022-04-26,2022-05-24,99.961111,37924589900
912796W21,Bill,8-Week,2022-04-21,2022-04-26,2022-06-21,99.902778,32506741700
912796XN4,Bill,119-Day,2022-04-20,2022-04-26,2022-08-23,99.646306,30000201500
912796V48,Bill,52-Week,2022-04-19,2022-04-21,2023-04-20,98.109222,38399013500
912796S42,Bill,13-Week,2022-04-18,2022-04-21,2022-07-21,99.782611,64374414700
912796V63,Bill,26-Week,2022-04-18,2022-04-21,2022-10-20,99.368056,54210422800
912796U98,Bill,4-Week,2022-04-14,2022-04-19,2022-05-17,99.971222,38613589900
912796V97,Bill,8-Week,2022-04-14,2022-04-19,2022-06-14,99.911333,33097806900
912796XM6,Bill,119-Day,2022-04-13,2022-04-19,2022-08-16,99.681014,30000005000
912796K57,Bill,13-Week,2022-04-11,2022-04-14,2022-07-14,99.801569,64073918900
912796V55,Bill,26-Week,2022-04-11,2022-04-14,2022-10-13,99.383222,53958554800
912796U80,Bill,4-Week,2022-04-07,2022-04-12,2022-05-10,99.984056,38494008100
912796V89,Bill,8-Week,2022-04-07,2022-04-12,2022-06-07,99.922222,32995139500
912796XL8,Bill,119-Day,2022-04-06,2022-04-12,2022-08-09,99.699194,30000226500
912796R68,Bill,13-Week,2022-04-04,2022-04-07,2022-07-07,99.830639,64828618200
912796M89,Bill,26-Week,2022-04-04,2022-04-07,2022-10-06,99.438833,54592866800
912796U72,Bill,4-Week,2022-03-31,2022-04-05,2022-05-03,99.9895,38644189400
912796V30,Bill,8-Week,2022-03-31,2022-04-05,2022-05-31,99.940889,33123052900
912796X46,Bill,119-Day,2022-03-30,2022-04-05,2022-08-02,99.733903,30000117000
912796R50,Bill,13-Week,2022-03-28,2022-03-31,2022-06-30,99.847069,65513537000
912796U64,Bill,26-Week,2022-03-28,2022-03-31,2022-09-29,99.469167,55169589100
912796U23,Bill,4-Week,2022-03-24,2022-03-29,2022-04-26,99.9895,38068181300
912796V22,Bill,8-Week,2022-03-24,2022-03-29,2022-05-24,99.953333,32629928300
912796X38,Bill,119-Day,2022-03-23,2022-03-29,2022-07-26,99.765306,30000046000
912796U31,Bill,52-Week,2022-03-22,2022-03-24,2023-03-23,98.392333,35303663300
912796R43,Bill,13-Week,2022-03-21,2022-03-24,2022-06-23,99.878667,59185723300
912796U56,Bill,26-Week,2022-03-21,2022-03-24,2022-09-22,99.560167,49840430800
912796T90,Bill,4-Week,2022-03-17,2022-03-22,2022-04-19,99.985222,48950044900
912796U98,Bill,8-Week,2022-03-17,2022-03-22,2022-05-17,99.953333,38073797300
912796X20,Bill,119-Day,2022-03-16,2022-03-22,2022-07-19,99.780181,35000071000
912796J42,Bill,13-Week,2022-03-14,2022-03-17,2022-06-16,99.88625,65702837400
912796U49,Bill,26-Week,2022-03-14,2022-03-17,2022-09-15,99.585444,55848041400
912796T82,Bill,4-Week,2022-03-10,2022-03-15,2022-04-12,99.984833,48816466400
912796U80,Bill,8-Week,2022-03-10,2022-03-15,2022-05-10,99.958778,37968440800
912796W96,Bill,119-Day,2022-03-09,2022-03-15,2022-07-12,99.818194,35000086500
912796R35,Bill,13-Week,2022-03-07,2022-03-10,2022-06-09,99.903944,65398391100
912796M71,Bill,26-Week,2022-03-07,2022-03-10,2022-09-08,99.641056,55588557300
912796T74,Bill,4-Week,2022-03-03,2022-03-08,2022-04-05,99.987167,48725611100
912796U72,Bill,8-Week,2022-03-03,2022-03-08,2022-05-03,99.968111,37897489900
912796W88,Bill,119-Day,2022-03-02,2022-03-08,2022-07-05,99.823153,35000160000
912796Q44,Bill,13-Week,2022-02-28,2022-03-03,2022-06-02,99.909,68021883300
912796T66,Bill,26-Week,2022-02-28,2022-03-03,2022-09-01,99.661278,57818423800
912796T25,Bill,4-Week,2022-02-24,2022-03-01,2022-03-29,99.996111,48038524800
912796U23,Bill,8-Week,2022-02-24,2022-03-01,2022-04-26,99.968889,37364319500
912796W39,Bill,119-Day,2022-02-23,2022-03-01,2022-06-28,99.811583,35000250500
912796Q36,Bill,13-Week,2022-02-22,2022-02-24,2022-05-26,99.903944,66086249400
912796T58,Bill,26-Week,2022-02-22,2022-02-24,2022-08-25,99.641056,56173116800
912796T33,Bill,52-Week,2022-02-22,2022-02-24,2023-02-23,98.842278,37448802200
912796S91,Bill,4-Week,2022-02-17,2022-02-22,2022-03-22,99.993778,53452805300
912796T90,Bill,8-Week,2022-02-17,2022-02-22,2022-04-19,99.961111,42761813300
912796W21,Bill,119-Day,2022-02-16,2022-02-22,2022-06-21,99.818194,40000751000
912796H44,Bill,13-Week,2022-02-14,2022-02-17,2022-05-19,99.888778,67601899500
912796T41,Bill,26-Week,2022-02-14,2022-02-17,2022-08-18,99.610722,57460946200
912796S83,Bill,4-Week,2022-02-10,2022-02-15,2022-03-15,99.998444,53340817500
912796T82,Bill,8-Week,2022-02-10,2022-02-15,2022-04-12,99.961111,42672888300
912796V97,Bill,119-Day,2022-02-09,2022-02-15,2022-06-14,99.857861,40000598000
912796Q28,Bill,13-Week,2022-02-07,2022-02-10,2022-05-12,99.926694,66488048400
912796L64,Bill,26-Week,2022-02-07,2022-02-10,2022-08-11,99.706778,56514293400
912796S75,Bill,4-Week,2022-02-03,2022-02-08,2022-03-08,99.997278,53803046300
912796T74,Bill,8-Week,2022-02-03,2022-02-08,2022-04-05,99.978222,43041663600
912796V89,Bill,119-Day,2022-02-02,2022-02-08,2022-06-07,99.887611,40000672000
912796P45,Bill,13-Week,2022-01-31,2022-02-03,2022-05-05,99.939333,68258089900
912796S67,Bill,26-Week,2022-01-31,2022-02-03,2022-08-04,99.747222,58018485000
912796S26,Bill,4-Week,2022-01-27,2022-02-01,2022-03-01,99.997278,53324762700
912796T25,Bill,8-Week,2022-01-27,2022-02-01,2022-03-29,99.978222,42659613200
912796V30,Bill,119-Day,2022-01-26,2022-02-01,2022-05-31,99.907444,40000210200
912796S34,Bill,52-Week,2022-01-25,2022-01-27,2023-01-26,99.363,38138467400
912796P37,Bill,13-Week,2022-01-24,2022-01-27,2022-04-28,99.951972,67303430600
912796S59,Bill,26-Week,2022-01-24,2022-01-27,2022-07-28,99.807889,57208629400
912796R92,Bill,4-Week,2022-01-20,2022-01-25,2022-02-22,99.996889,54464445500
912796S91,Bill,8-Week,2022-01-20,2022-01-25,2022-03-22,99.986778,43571145500
912796V22,Bill,119-Day,2022-01-19,2022-01-25,2022-05-24,99.909097,40000806000
912796G45,Bill,13-Week,2022-01-18,2022-01-20,2022-04-21,99.957028,67428465600
912796S42,Bill,26-Week,2022-01-18,2022-01-20,2022-07-21,99.815472,57313967900
912796R84,Bill,4-Week,2022-01-13,2022-01-18,2022-02-15,99.996889,54305899400
912796S83,Bill,8-Week,2022-01-13,2022-01-18,2022-03-15,99.992222,43444501000
912796U98,Bill,119-Day,2022-01-12,2022-01-18,2022-05-17,99.933889,40000196000
912796P29,Bill,13-Week,2022-01-10,2022-01-13,2022-04-14,99.969667,66765659500
912796K57,Bill,26-Week,2022-01-10,2022-01-13,2022-07-14,99.860972,56750853200
912796R76,Bill,4-Week,2022-01-06,2022-01-11,2022-02-08,99.996111,53528423800
912796S75,Bill,8-Week,2022-01-06,2022-01-11,2022-03-08,99.991444,42821936100
912796U80,Bill,119-Day,2022-01-05,2022-01-11,2022-05-10,99.950417,40001492500
912796N47,Bill,13-Week,2022-01-03,2022-01-06,2022-04-07,99.97725,67465952300
912796R68,Bill,26-Week,2022-01-03,2022-01-06,2022-07-07,99.888778,57345989100
912796Q93,Bill,4-Week,2021-12-30,2022-01-04,2022-02-01,99.995722,52596785500
912796S26,Bill,8-Week,2021-12-30,2022-01-04,2022-03-01,99.991444,42078065000
912796U72,Bill,119-Day,2021-12-29,2022-01-04,2022-05-03,99.958681,40000607500
912796R27,Bill,52-Week,2021-12-28,2021-12-30,2022-12-29,99.605667,38798516900
912796N39,Bill,13-Week,2021-12-27,2021-12-30,2022-03-31,99.978514,68467986700
912796R50,Bill,26-Week,2021-12-27,2021-12-30,2022-06-30,99.893833,58197749500
912796Q85,Bill,4-Week,2021-12-23,2021-12-28,2022-01-25,99.996889,52185604900
912796R92,Bill,8-Week,2021-12-23,2021-12-28,2022-02-22,99.992222,41749434100
912796U23,Bill,119-Day,2021-12-22,2021-12-28,2022-04-26,99.963639,40000159000
912796F38,Bill,13-Week,2021-12-20,2021-12-23,2022-03-24,99.981042,62130234400
912796R43,Bill,26-Week,2021-12-20,2021-12-23,2022-06-23,99.919111,52810903900
912796M97,Bill,78-Day,2021-12-20,2021-12-22,2022-03-10,99.984833,60000443800
912796K73,Bill,23-Day,2021-12-17,2021-12-21,2022-01-13,99.996806,60000084000
912796Q77,Bill,4-Week,2021-12-16,2021-12-21,2022-01-18,99.997667,32050544400
912796R84,Bill,8-Week,2021-12-16,2021-12-21,2022-02-15,99.992222,26708910600
912796T90,Bill,119-Day,2021-12-15,2021-12-21,2022-04-19,99.97025,35000504000
912796N21,Bill,13-Week,2021-12-13,2021-12-16,2022-03-17,99.986097,62587247300
912796J42,Bill,26-Week,2021-12-13,2021-12-16,2022-06-16,99.934278,55998706800
912796Q69,Bill,4-Week,2021-12-09,2021-12-14,2022-01-11,99.997667,11326954300
912796R76,Bill,8-Week,2021-12-09,2021-12-14,2022-02-08,99.992222,28317813900
912796T82,Bill,119-Day,2021-12-08,2021-12-14,2022-04-12,99.97025,35000113000
912796M97,Bill,13-Week,2021-12-06,2021-12-09,2022-03-10,99.986097,62159982200
912796R35,Bill,26-Week,2021-12-06,2021-12-09,2022-06-09,99.946917,55615811500
912796Q51,Bill,4-Week,2021-12-02,2021-12-07,2022-01-04,99.996889,11355002500
912796Q93,Bill,8-Week,2021-12-02,2021-12-07,2022-02-01,99.993,28387988800
912796ZX0,Bill,8-Day,2021-12-01,2021-12-07,2021-12-15,99.996444,40000156000
912796T74,Bill,119-Day,2021-12-01,2021-12-07,2022-04-05,99.975208,40001321900
912796J75,Bill,21-Day,2021-11-30,2021-12-02,2021-12-23,99.990667,30000101000
912796P94,Bill,52-Week,2021-11-30,2021-12-02,2022-12-01,99.757333,38686130600
912796L98,Bill,13-Week,2021-11-29,2021-12-02,2022-03-03,99.987361,64856704600
912796Q44,Bill,26-Week,2021-11-29,2021-12-02,2022-06-02,99.9545,58030135300
912796P60,Bill,14-Day,2021-11-24,2021-11-30,2021-12-14,99.997667,60000191000
912796P86,Bill,4-Week,2021-11-24,2021-11-30,2021-12-28,99.990278,12339773900
912796Q85,Bill,8-Week,2021-11-24,2021-11-30,2022-01-25,99.993,30849479400
912796T25,Bill,119-Day,2021-11-24,2021-11-30,2022-03-29,99.976861,40000656900
912796Y94,Bill,35-Day,2021-11-23,2021-11-26,2021-12-31,99.985417,40000176000
912796D30,Bill,13-Week,2021-11-22,2021-11-26,2022-02-24,99.9875,62625667100
912796Q36,Bill,26-Week,2021-11-22,2021-11-26,2022-05-26,99.964806,56034496300
912796P78,Bill,4-Week,2021-11-18,2021-11-23,2021-12-21,99.991444,12279339400
912796Q77,Bill,8-Week,2021-11-18,2021-11-23,2022-01-18,99.993,30698321100
912796ZX0,Bill,22-Day,2021-11-17,2021-11-23,2021-12-15,99.992056,40000111000
912796S91,Bill,119-Day,2021-11-17,2021-11-23,2022-03-22,99.981819,40001120000
9127965G0,Bill,14-Day,2021-11-16,2021-11-18,2021-12-02,99.997861,60000835400
912796L80,Bill,13-Week,2021-11-15,2021-11-18,2022-02-17,99.988625,64340059600
912796H44,Bill,26-Week,2021-11-15,2021-11-18,2022-05-19,99.967139,57568599200
912796P60,Bill,4-Week,2021-11-10,2021-11-16,2021-12-14,99.996111,12008260200
912796Q69,Bill,8-Week,2021-11-10,2021-11-16,2022-01-11,99.990667,30021268100
912796S83,Bill,119-Day,2021-11-10,2021-11-16,2022-03-15,99.981819,40001635000
912796L72,Bill,13-Week,2021-11-08,2021-11-12,2022-02-10,99.98875,60232111200
912796Q28,Bill,26-Week,2021-11-08,2021-11-12,2022-05-12,99.967319,53540792900
912796P52,Bill,4-Week,2021-11-04,2021-11-09,2021-12-07,99.996889,11327784800
912796Q51,Bill,8-Week,2021-11-04,2021-11-09,2022-01-04,99.991444,28319250300
912796S75,Bill,119-Day,2021-11-03,2021-11-09,2022-03-08,99.981819,40000090400
912796N96,Bill,52-Week,2021-11-02,2021-11-04,2022-11-03,99.838222,39106625800
912796K99,Bill,13-Week,2021-11-01,2021-11-04,2022-02-03,99.987361,62112052400
912796P45,Bill,26-Week,2021-11-01,2021-11-04,2022-05-05,99.967139,55210450900
912796N88,Bill,4-Week,2021-10-28,2021-11-02,2021-11-30,99.995722,63830397600
912796P86,Bill,8-Week,2021-10-28,2021-11-02,2021-12-28,99.985222,26594278800
912796S26,Bill,119-Day,2021-10-27,2021-11-02,2022-03-01,99.981819,40000108600
912796ZX0,Bill,48-Day,2021-10-26,2021-10-28,2021-12-15,99.986667,40000408000
912796C31,Bill,13-Week,2021-10-25,2021-10-28,2022-01-27,99.986097,60651575600
912796P37,Bill,26-Week,2021-10-25,2021-10-28,2022-04-28,99.969667,53912904100
912796N70,Bill,4-Week,2021-10-21,2021-10-26,2021-11-23,99.996111,63551561800
912796P78,Bill,8-Week,2021-10-21,2021-10-26,2021-12-21,99.984444,26479640800
912796R92,Bill,119-Day,2021-10-20,2021-10-26,2022-02-22,99.981819,40002233000
912796H69,Bill,27-Day,2021-10-20,2021-10-22,2021-11-18,99.995875,60000612800
912796N88,Bill,40-Day,2021-10-19,2021-10-21,2021-11-30,99.993889,60003590200
912796K81,Bill,13-Week,2021-10-18,2021-10-21,2022-01-20,99.986097,54982479500
912796G45,Bill,26-Week,2021-10-18,2021-10-21,2022-04-21,99.969667,51547606500
912796N62,Bill,4-Week,2021-10-14,2021-10-19,2021-11-16,99.997278,27636170800
912796P60,Bill,8-Week,2021-10-14,2021-10-19,2021-12-14,99.987556,27636069600
912796H77,Bill,39-Day,2021-10-14,2021-10-18,2021-11-26,99.994042,60000080200
912796R84,Bill,119-Day,2021-10-13,2021-10-19,2022-02-15,99.983472,35001700300
912796K73,Bill,13-Week,2021-10-12,2021-10-14,2022-01-13,99.987361,48266038200
912796P29,Bill,26-Week,2021-10-12,2021-10-14,2022-04-14,99.972194,48266093300
912796N54,Bill,4-Week,2021-10-07,2021-10-12,2021-11-09,99.997278,11365929500
912796P52,Bill,8-Week,2021-10-07,2021-10-12,2021-12-07,99.982889,28414590800
912796J67,Bill,64-Day,2021-10-06,2021-10-13,2021-12-16,99.991111,40001467000
912796R76,Bill,119-Day,2021-10-06,2021-10-12,2022-02-08,99.981819,30000198000
912796ZB8,Bill,8-Day,2021-10-05,2021-10-07,2021-10-15,99.996889,25000222000
912796M89,Bill,52-Week,2021-10-05,2021-10-07,2022-10-06,99.909,39631828400
912796K65,Bill,13-Week,2021-10-04,2021-10-07,2022-01-06,99.989889,48956802600
912796N47,Bill,26-Week,2021-10-04,2021-10-07,2022-04-07,99.972194,48957557300
912796M63,Bill,4-Week,2021-09-30,2021-10-05,2021-11-02,99.9965,11745352500
912796N88,Bill,8-Week,2021-09-30,2021-10-05,2021-11-30,99.993778,29363201300
912796Q93,Bill,119-Day,2021-09-29,2021-10-05,2022-02-01,99.983472,30000251000
912796A90,Bill,13-Week,2021-09-27,2021-09-30,2021-12-30,99.991153,49215240000
912796N39,Bill,26-Week,2021-09-27,2021-09-30,2022-03-31,99.974722,49216999600
912796M55,Bill,4-Week,2021-09-23,2021-09-28,2021-10-26,99.996111,11770930900
912796N70,Bill,8-Week,2021-09-23,2021-09-28,2021-11-23,99.994556,29427149100
912796Q85,Bill,119-Day,2021-09-22,2021-09-28,2022-01-25,99.988431,30000606800
912796J75,Bill,13-Week,2021-09-20,2021-09-23,2021-12-23,99.991153,46990297300
912796F38,Bill,26-Week,2021-09-20,2021-09-23,2022-03-24,99.97725,46990556400
912796M48,Bill,4-Week,2021-09-16,2021-09-21,2021-10-19,99.995722,17196485400
912796N62,Bill,8-Week,2021-09-16,2021-09-21,2021-11-16,99.991444,34393581100
912796Q77,Bill,119-Day,2021-09-15,2021-09-21,2022-01-18,99.985125,30001133000
912796J67,Bill,13-Week,2021-09-13,2021-09-16,2021-12-16,99.989889,53293808200
912796N21,Bill,26-Week,2021-09-13,2021-09-16,2022-03-17,99.974722,49965366000
912796M30,Bill,4-Week,2021-09-09,2021-09-14,2021-10-12,99.995333,22187546400
912796N54,Bill,8-Week,2021-09-09,2021-09-14,2021-11-09,99.989889,33281357300
912796Q69,Bill,119-Day,2021-09-08,2021-09-14,2022-01-11,99.985125,30001689900
912796F61,Bill,21-Day,2021-09-07,2021-09-09,2021-09-30,99.997083,45001923000
912796J59,Bill,13-Week,2021-09-07,2021-09-09,2021-12-09,99.988625,56129823600
912796M97,Bill,26-Week,2021-09-07,2021-09-09,2022-03-10,99.974722,52828936800
912796M71,Bill,52-Week,2021-09-07,2021-09-09,2022-09-08,99.924167,37419840200
912796M22,Bill,4-Week,2021-09-02,2021-09-07,2021-10-05,99.997278,28063883400
912796M63,Bill,8-Week,2021-09-02,2021-09-07,2021-11-02,99.989889,33676063600
912796Q51,Bill,119-Day,2021-09-01,2021-09-07,2022-01-04,99.985125,30000978500
912796F53,Bill,21-Day,2021-08-31,2021-09-02,2021-09-23,99.997667,45000277000
9127965G0,Bill,13-Week,2021-08-30,2021-09-02,2021-12-02,99.988625,58423042600
912796L98,Bill,26-Week,2021-08-30,2021-09-02,2022-03-03,99.972194,54986809500
912796L56,Bill,4-Week,2021-08-26,2021-08-31,2021-09-28,99.997278,33259946000
912796M55,Bill,8-Week,2021-08-26,2021-08-31,2021-10-26,99.990667,33260795200
912796P86,Bill,119-Day,2021-08-25,2021-08-31,2021-12-28,99.983472,30002583400
912796ZC6,Bill,67-Day,2021-08-24,2021-08-26,2021-11-01,99.988833,40000336000
912796H77,Bill,13-Week,2021-08-23,2021-08-26,2021-11-26,99.985944,56643680400
912796D30,Bill,26-Week,2021-08-23,2021-08-26,2022-02-24,99.974722,53311062100
912796L49,Bill,4-Week,2021-08-19,2021-08-24,2021-09-21,99.996889,38588545400
912796M48,Bill,8-Week,2021-08-19,2021-08-24,2021-10-19,99.991444,33076618000
912796P78,Bill,119-Day,2021-08-18,2021-08-24,2021-12-21,99.985125,30000049000
912796F61,Bill,42-Day,2021-08-17,2021-08-19,2021-09-30,99.995333,20000995500
912796ZB8,Bill,57-Day,2021-08-17,2021-08-19,2021-10-15,99.989708,50000498300
912796H69,Bill,13-Week,2021-08-16,2021-08-19,2021-11-18,99.982306,58141795900
912796L80,Bill,26-Week,2021-08-16,2021-08-19,2022-02-17,99.974722,54722234900
912796L31,Bill,4-Week,2021-08-12,2021-08-17,2021-09-14,99.9965,42964588000
912796M30,Bill,8-Week,2021-08-12,2021-08-17,2021-10-12,99.991444,37593901500
912796P60,Bill,119-Day,2021-08-11,2021-08-17,2021-12-14,99.985125,30002038500
912796F53,Bill,42-Day,2021-08-10,2021-08-12,2021-09-23,99.995333,20000407500
912796L64,Bill,52-Week,2021-08-10,2021-08-12,2022-08-11,99.919111,37847139700
912796H51,Bill,13-Week,2021-08-09,2021-08-12,2021-11-12,99.987222,60110309300
912796L72,Bill,26-Week,2021-08-09,2021-08-12,2022-02-10,99.974722,56773235400
912796L23,Bill,4-Week,2021-08-05,2021-08-10,2021-09-07,99.996889,43482066700
912796M22,Bill,8-Week,2021-08-05,2021-08-10,2021-10-05,99.992222,38046105800
912796P52,Bill,119-Day,2021-08-04,2021-08-10,2021-12-07,99.983472,30001488500
912796F46,Bill,42-Day,2021-08-03,2021-08-05,2021-09-16,99.995333,20001212000
9127964W6,Bill,13-Week,2021-08-02,2021-08-05,2021-11-04,99.987361,61590204400
912796K99,Bill,26-Week,2021-08-02,2021-08-05,2022-02-03,99.972194,58167562700
912796K40,Bill,4-Week,2021-07-29,2021-08-03,2021-08-31,99.9965,43357785800
912796L56,Bill,8-Week,2021-07-29,2021-08-03,2021-09-28,99.993,37938429100
912796N88,Bill,119-Day,2021-07-28,2021-08-03,2021-11-30,99.983472,30001229000
9127964L0,Bill,42-Day,2021-07-27,2021-07-29,2021-09-09,99.995333,20000587000
912796G78,Bill,13-Week,2021-07-26,2021-07-29,2021-10-28,99.987361,60739163000
912796C31,Bill,26-Week,2021-07-26,2021-07-29,2022-01-27,99.974722,57365441600
912796K32,Bill,4-Week,2021-07-22,2021-07-27,2021-08-24,99.9965,43431423100
912796L49,Bill,8-Week,2021-07-22,2021-07-27,2021-09-21,99.993,38003921000
912796N70,Bill,119-Day,2021-07-21,2021-07-27,2021-11-23,99.983472,30000811000
912796D63,Bill,42-Day,2021-07-20,2021-07-22,2021-09-02,99.99475,35001231000
912796G60,Bill,13-Week,2021-07-19,2021-07-22,2021-10-21,99.987361,61159064400
912796K81,Bill,26-Week,2021-07-19,2021-07-22,2022-01-20,99.974722,57762515700
912796K24,Bill,4-Week,2021-07-15,2021-07-20,2021-08-17,99.9965,42861707000
912796L31,Bill,8-Week,2021-07-15,2021-07-20,2021-09-14,99.992222,37505635200
912796N62,Bill,119-Day,2021-07-14,2021-07-20,2021-11-16,99.983472,30003019000
912796D55,Bill,42-Day,2021-07-13,2021-07-15,2021-08-26,99.99475,35001050500
912796K57,Bill,52-Week,2021-07-13,2021-07-15,2022-07-14,99.924167,38166459800
912796G52,Bill,13-Week,2021-07-12,2021-07-15,2021-10-14,99.987361,60620186300
912796K73,Bill,26-Week,2021-07-12,2021-07-15,2022-01-13,99.974722,57249251600
912796J91,Bill,4-Week,2021-07-08,2021-07-13,2021-08-10,99.996111,43259042100
912796L23,Bill,8-Week,2021-07-08,2021-07-13,2021-09-07,99.993,43256581900
912796N54,Bill,119-Day,2021-07-07,2021-07-13,2021-11-09,99.983472,35000534500
912796D48,Bill,42-Day,2021-07-06,2021-07-08,2021-08-19,99.99475,40002141000
9127964V8,Bill,13-Week,2021-07-06,2021-07-08,2021-10-07,99.987361,64235953000
912796K65,Bill,26-Week,2021-07-06,2021-07-08,2022-01-06,99.974722,60854749700
912796J83,Bill,4-Week,2021-07-01,2021-07-06,2021-08-03,99.996111,43164197400
912796K40,Bill,8-Week,2021-07-01,2021-07-06,2021-08-31,99.993,43162823300
912796M63,Bill,119-Day,2021-06-30,2021-07-06,2021-11-02,99.983472,35002061500
9127964B2,Bill,42-Day,2021-06-29,2021-07-01,2021-08-12,99.994167,40001927800
912796F61,Bill,13-Week,2021-06-28,2021-07-01,2021-09-30,99.987361,64936522900
912796A90,Bill,26-Week,2021-06-28,2021-07-01,2021-12-30,99.972194,61517700300
912796J34,Bill,4-Week,2021-06-24,2021-06-29,2021-07-27,99.9965,43232235900
912796K32,Bill,8-Week,2021-06-24,2021-06-29,2021-08-24,99.992222,43234671300
912796M55,Bill,119-Day,2021-06-23,2021-06-29,2021-10-26,99.983472,35000605000
912796C64,Bill,42-Day,2021-06-22,2021-06-24,2021-08-05,99.995333,40000763000
912796F53,Bill,13-Week,2021-06-21,2021-06-24,2021-09-23,99.988625,59059383700
912796J75,Bill,26-Week,2021-06-21,2021-06-24,2021-12-23,99.972194,55951335600
912796J26,Bill,4-Week,2021-06-17,2021-06-22,2021-07-20,99.9965,42695351800
912796K24,Bill,8-Week,2021-06-17,2021-06-22,2021-08-17,99.994556,42698205800
912796M48,Bill,119-Day,2021-06-16,2021-06-22,2021-10-19,99.988431,35002377300
912796C56,Bill,42-Day,2021-06-15,2021-06-17,2021-07-29,99.99825,40000852000
912796J42,Bill,52-Week,2021-06-15,2021-06-17,2022-06-16,99.929222,37331915400
912796F46,Bill,13-Week,2021-06-14,2021-06-17,2021-09-16,99.993681,62586584200
912796J67,Bill,26-Week,2021-06-14,2021-06-17,2021-12-16,99.979778,59292265100
912796H93,Bill,4-Week,2021-06-10,2021-06-15,2021-07-13,99.999611,43273075500
912796J91,Bill,8-Week,2021-06-10,2021-06-15,2021-08-10,99.996889,43272508700
912796M30,Bill,119-Day,2021-06-09,2021-06-15,2021-10-12,99.990083,35002117900
912796C49,Bill,42-Day,2021-06-08,2021-06-10,2021-07-22,99.998833,40000972000
9127964L0,Bill,13-Week,2021-06-07,2021-06-10,2021-09-09,99.993681,61905656900
912796J59,Bill,26-Week,2021-06-07,2021-06-10,2021-12-09,99.979778,58647558600
912796H85,Bill,4-Week,2021-06-03,2021-06-08,2021-07-06,100.0,43136776900
912796J83,Bill,8-Week,2021-06-03,2021-06-08,2021-08-03,99.997667,43133116000
912796M22,Bill,119-Day,2021-06-02,2021-06-08,2021-10-05,99.990083,35001600900
9127963S6,Bill,42-Day,2021-06-01,2021-06-03,2021-07-15,99.999417,40000420000
912796D63,Bill,13-Week,2021-06-01,2021-06-03,2021-09-02,99.994944,64563297700
9127965G0,Bill,26-Week,2021-06-01,2021-06-03,2021-12-02,99.982306,61163912200
912796H36,Bill,4-Week,2021-05-27,2021-06-01,2021-06-29,100.0,43205612100
912796J34,Bill,8-Week,2021-05-27,2021-06-01,2021-07-27,99.999222,43201288900
912796L56,Bill,119-Day,2021-05-26,2021-06-01,2021-09-28,99.993389,35000802000
912796B57,Bill,42-Day,2021-05-25,2021-05-27,2021-07-08,99.999417,40001578000
912796D55,Bill,13-Week,2021-05-24,2021-05-27,2021-08-26,99.996208,62296484100
912796H77,Bill,26-Week,2021-05-24,2021-05-27,2021-11-26,99.98475,59015936500
912796H28,Bill,4-Week,2021-05-20,2021-05-25,2021-06-22,100.0,42676490400
912796J26,Bill,8-Week,2021-05-20,2021-05-25,2021-07-20,99.999222,42671240700
912796L49,Bill,119-Day,2021-05-19,2021-05-25,2021-09-21,99.995042,35000798000
912796B40,Bill,42-Day,2021-05-18,2021-05-20,2021-07-01,99.999417,40003939900
912796H44,Bill,52-Week,2021-05-18,2021-05-20,2022-05-19,99.944389,38260146100
912796D48,Bill,13-Week,2021-05-17,2021-05-20,2021-08-19,99.996208,64142662400
912796H69,Bill,26-Week,2021-05-17,2021-05-20,2021-11-18,99.984833,60766199900
912796G94,Bill,4-Week,2021-05-13,2021-05-18,2021-06-15,100.0,43242178600
912796H93,Bill,8-Week,2021-05-13,2021-05-18,2021-07-13,99.998444,43242554200
912796L31,Bill,119-Day,2021-05-12,2021-05-18,2021-09-14,99.993389,35001188500
912796B32,Bill,42-Day,2021-05-11,2021-05-13,2021-06-24,99.999417,40000037000
9127964B2,Bill,13-Week,2021-05-10,2021-05-13,2021-08-12,99.996208,62974948700
912796H51,Bill,26-Week,2021-05-10,2021-05-13,2021-11-12,99.982208,59659054300
912796G86,Bill,4-Week,2021-05-06,2021-05-11,2021-06-08,99.999222,43193904700
912796H85,Bill,8-Week,2021-05-06,2021-05-11,2021-07-06,99.998444,43191959100
912796L23,Bill,119-Day,2021-05-05,2021-05-11,2021-09-07,99.991736,35000304000
9127963H0,Bill,42-Day,2021-05-04,2021-05-06,2021-06-17,99.998833,40001748600
912796C64,Bill,13-Week,2021-05-03,2021-05-06,2021-08-05,99.996208,64879270300
9127964W6,Bill,26-Week,2021-05-03,2021-05-06,2021-11-04,99.982306,61463736000
912796G37,Bill,4-Week,2021-04-29,2021-05-04,2021-06-01,100.0,43262406000
912796H36,Bill,8-Week,2021-04-29,2021-05-04,2021-06-29,99.998444,43262459400
912796K40,Bill,119-Day,2021-04-28,2021-05-04,2021-08-31,99.991736,35001398600
912796B24,Bill,42-Day,2021-04-27,2021-04-29,2021-06-10,99.998833,40001867000
912796C56,Bill,13-Week,2021-04-26,2021-04-29,2021-07-29,99.994944,63147785700
912796G78,Bill,26-Week,2021-04-26,2021-04-29,2021-10-28,99.982306,59823544800
912796G29,Bill,4-Week,2021-04-22,2021-04-27,2021-05-25,99.999611,42721341900
912796H28,Bill,8-Week,2021-04-22,2021-04-27,2021-06-22,99.997667,42721763600
912796K32,Bill,119-Day,2021-04-21,2021-04-27,2021-08-24,99.991736,35000421200
912796A41,Bill,42-Day,2021-04-20,2021-04-22,2021-06-03,99.998833,40001433400
912796G45,Bill,52-Week,2021-04-20,2021-04-22,2022-04-21,99.934278,38010243700
912796C49,Bill,13-Week,2021-04-19,2021-04-22,2021-07-22,99.993681,63723248000
912796G60,Bill,26-Week,2021-04-19,2021-04-22,2021-10-21,99.979778,60369110200
912796F95,Bill,4-Week,2021-04-15,2021-04-20,2021-05-18,99.999222,43302935900
912796G94,Bill,8-Week,2021-04-15,2021-04-20,2021-06-15,99.997667,43302132800
912796K24,Bill,119-Day,2021-04-14,2021-04-20,2021-08-17,99.991736,35000339400
912796A33,Bill,42-Day,2021-04-13,2021-04-15,2021-05-27,99.99825,40001889000
9127963S6,Bill,13-Week,2021-04-12,2021-04-15,2021-07-15,99.994944,63244401400
912796G52,Bill,26-Week,2021-04-12,2021-04-15,2021-10-14,99.979778,59916251900
912796F87,Bill,4-Week,2021-04-08,2021-04-13,2021-05-11,99.999222,43073362300
912796G86,Bill,8-Week,2021-04-08,2021-04-13,2021-06-08,99.998444,43075488700
912796J91,Bill,119-Day,2021-04-07,2021-04-13,2021-08-10,99.991736,35000535000
9127962Y4,Bill,42-Day,2021-04-06,2021-04-08,2021-05-20,99.997667,40001650400
912796B57,Bill,13-Week,2021-04-05,2021-04-08,2021-07-08,99.994944,64539837500
9127964V8,Bill,26-Week,2021-04-05,2021-04-08,2021-10-07,99.982306,61144496500
912796F79,Bill,4-Week,2021-04-01,2021-04-06,2021-05-04,99.998833,43140824200
912796G37,Bill,8-Week,2021-04-01,2021-04-06,2021-06-01,99.997667,43142088700
912796J83,Bill,119-Day,2021-03-31,2021-04-06,2021-08-03,99.990083,35001608000
912796A25,Bill,42-Day,2021-03-30,2021-04-01,2021-05-13,99.99825,40000807000
912796B40,Bill,13-Week,2021-03-29,2021-04-01,2021-07-01,99.994944,63856673500
912796F61,Bill,26-Week,2021-03-29,2021-04-01,2021-09-30,99.979778,60495642700
912796F20,Bill,4-Week,2021-03-25,2021-03-30,2021-04-27,99.998833,42622101500
912796G29,Bill,8-Week,2021-03-25,2021-03-30,2021-05-25,99.996889,42621556700
912796J34,Bill,119-Day,2021-03-24,2021-03-30,2021-07-27,99.990083,35000282000
9127965A3,Bill,42-Day,2021-03-23,2021-03-25,2021-05-06,99.998833,40000043000
912796F38,Bill,52-Week,2021-03-23,2021-03-25,2022-03-24,99.929222,35210626200
912796B32,Bill,13-Week,2021-03-22,2021-03-25,2021-06-24,99.996208,59028377200
912796F53,Bill,26-Week,2021-03-22,2021-03-25,2021-09-23,99.979778,55921965100
912796D97,Bill,4-Week,2021-03-18,2021-03-23,2021-04-20,99.999611,43180444700
912796F95,Bill,8-Week,2021-03-18,2021-03-23,2021-05-18,99.998444,43181067300
912796J26,Bill,119-Day,2021-03-17,2021-03-23,2021-07-20,99.986778,35000208800
9127964Z9,Bill,42-Day,2021-03-16,2021-03-18,2021-04-29,99.99825,35000041500
9127963H0,Bill,13-Week,2021-03-15,2021-03-18,2021-06-17,99.992417,61933274900
912796F46,Bill,26-Week,2021-03-15,2021-03-18,2021-09-16,99.972194,58672671800
912796D89,Bill,4-Week,2021-03-11,2021-03-16,2021-04-13,99.997667,32837959000
912796F87,Bill,8-Week,2021-03-11,2021-03-16,2021-05-11,99.994556,38310997800
912796H93,Bill,119-Day,2021-03-10,2021-03-16,2021-07-13,99.983472,30000681000
9127962Q1,Bill,42-Day,2021-03-09,2021-03-11,2021-04-22,99.9965,30001129300
912796B24,Bill,13-Week,2021-03-08,2021-03-11,2021-06-10,99.988625,59163278500
9127964L0,Bill,26-Week,2021-03-08,2021-03-11,2021-09-09,99.969667,55876419100
912796D71,Bill,4-Week,2021-03-04,2021-03-09,2021-04-06,99.997667,32899728100
912796F79,Bill,8-Week,2021-03-04,2021-03-09,2021-05-04,99.994556,38383846400
912796H85,Bill,119-Day,2021-03-03,2021-03-09,2021-07-06,99.983472,30000950600
9127964Y2,Bill,42-Day,2021-03-02,2021-03-04,2021-04-15,99.995333,30000005500
912796A41,Bill,13-Week,2021-03-01,2021-03-04,2021-06-03,99.989889,61246205600
912796D63,Bill,26-Week,2021-03-01,2021-03-04,2021-09-02,99.969667,57843700500
912796D22,Bill,4-Week,2021-02-25,2021-03-02,2021-03-30,99.997278,32417950400
912796F20,Bill,8-Week,2021-02-25,2021-03-02,2021-04-27,99.993778,37821849500
912796H36,Bill,119-Day,2021-02-24,2021-03-02,2021-06-29,99.985125,30000286000
9127964X4,Bill,42-Day,2021-02-23,2021-02-25,2021-04-08,99.997083,30000797000
912796D30,Bill,52-Week,2021-02-23,2021-02-25,2022-02-24,99.929222,37772353300
912796A33,Bill,13-Week,2021-02-22,2021-02-25,2021-05-27,99.992417,59992782400
912796D55,Bill,26-Week,2021-02-22,2021-02-25,2021-08-26,99.97725,56658863700
912796C98,Bill,4-Week,2021-02-18,2021-02-23,2021-03-23,99.998056,32934632500
912796D97,Bill,8-Week,2021-02-18,2021-02-23,2021-04-20,99.995333,38423576600
9127964P1,Bill,42-Day,2021-02-16,2021-02-18,2021-04-01,99.995333,30000145000
9127962Y4,Bill,13-Week,2021-02-16,2021-02-18,2021-05-20,99.989889,61118411600
9127963H0,Bill,119-Day,2021-02-16,2021-02-18,2021-06-17,99.983472,30000288000
912796D48,Bill,26-Week,2021-02-16,2021-02-18,2021-08-19,99.969667,57724222500
912796C80,Bill,4-Week,2021-02-11,2021-02-16,2021-03-16,99.997667,32837348200
912796D89,Bill,8-Week,2021-02-11,2021-02-16,2021-04-13,99.994556,38309574700
912796G37,Bill,105-Day,2021-02-10,2021-02-16,2021-06-01,99.986875,25000494000
912796J26,Bill,154-Day,2021-02-10,2021-02-16,2021-07-20,99.976472,30000247000
9127962F5,Bill,42-Day,2021-02-09,2021-02-11,2021-03-25,99.995917,30000988000
912796B24,Bill,119-Day,2021-02-09,2021-02-11,2021-06-10,99.986778,30001559500
912796A25,Bill,13-Week,2021-02-08,2021-02-11,2021-05-13,99.991153,60098038400
9127964B2,Bill,26-Week,2021-02-08,2021-02-11,2021-08-12,99.974722,56760040200
912796C72,Bill,4-Week,2021-02-04,2021-02-09,2021-03-09,99.997667,32899250900
912796D71,Bill,8-Week,2021-02-04,2021-02-09,2021-04-06,99.994556,38381688200
912796G29,Bill,105-Day,2021-02-03,2021-02-09,2021-05-25,99.983958,25001284000
912796H93,Bill,154-Day,2021-02-03,2021-02-09,2021-07-13,99.976472,30000388000
9127964N6,Bill,42-Day,2021-02-02,2021-02-04,2021-03-18,99.994167,30002203400
912796A41,Bill,119-Day,2021-02-02,2021-02-04,2021-06-03,99.980167,30000283500
9127965A3,Bill,13-Week,2021-02-01,2021-02-04,2021-05-06,99.983569,61277647400
912796C64,Bill,26-Week,2021-02-01,2021-02-04,2021-08-05,99.964611,57873625700
912796C23,Bill,4-Week,2021-01-28,2021-02-02,2021-03-02,99.995722,32420229000
912796D22,Bill,8-Week,2021-01-28,2021-02-02,2021-03-30,99.989889,37824963900
912796F95,Bill,105-Day,2021-01-27,2021-02-02,2021-05-18,99.978125,25001475000
912796H85,Bill,154-Day,2021-01-27,2021-02-02,2021-07-06,99.965778,30000769500
9127964M8,Bill,42-Day,2021-01-26,2021-01-28,2021-03-11,99.991833,30001833200
912796A33,Bill,119-Day,2021-01-26,2021-01-28,2021-05-27,99.975208,30000068000
912796C31,Bill,52-Week,2021-01-26,2021-01-28,2022-01-27,99.909,38636188800
9127964Z9,Bill,13-Week,2021-01-25,2021-01-28,2021-04-29,99.979778,61364669700
912796C56,Bill,26-Week,2021-01-25,2021-01-28,2021-07-29,99.957028,57954080100
912796B99,Bill,4-Week,2021-01-21,2021-01-26,2021-02-23,99.994556,32936635600
912796C98,Bill,8-Week,2021-01-21,2021-01-26,2021-03-23,99.987556,38427768900
912796F87,Bill,105-Day,2021-01-20,2021-01-26,2021-05-11,99.975208,25000644000
912796H36,Bill,154-Day,2021-01-20,2021-01-26,2021-06-29,99.9615,30000347800
9127964F3,Bill,42-Day,2021-01-19,2021-01-21,2021-03-04,99.990083,30001512000
9127962Q1,Bill,13-Week,2021-01-19,2021-01-21,2021-04-22,99.978514,61621441600
9127962Y4,Bill,119-Day,2021-01-19,2021-01-21,2021-05-20,99.97025,30000001400
912796C49,Bill,26-Week,2021-01-19,2021-01-21,2021-07-22,99.951972,58197433500
912796B81,Bill,4-Week,2021-01-14,2021-01-19,2021-02-16,99.994167,32838608000
912796C80,Bill,8-Week,2021-01-14,2021-01-19,2021-03-16,99.987556,38313066500
912796F79,Bill,105-Day,2021-01-13,2021-01-19,2021-05-04,99.97375,25000994600
912796H28,Bill,154-Day,2021-01-13,2021-01-19,2021-06-22,99.9615,30000818000
912796XE4,Bill,42-Day,2021-01-12,2021-01-14,2021-02-25,99.990083,30000032500
912796A25,Bill,119-Day,2021-01-12,2021-01-14,2021-05-13,99.97025,30002030500
9127964Y2,Bill,13-Week,2021-01-11,2021-01-14,2021-04-15,99.97725,60574699500
9127963S6,Bill,26-Week,2021-01-11,2021-01-14,2021-07-15,99.9545,57209487300
912796B73,Bill,4-Week,2021-01-07,2021-01-12,2021-02-09,99.993778,32901419700
912796C72,Bill,8-Week,2021-01-07,2021-01-12,2021-03-09,99.986778,38384848300
912796F20,Bill,105-Day,2021-01-06,2021-01-12,2021-04-27,99.97375,25001723500
912796G94,Bill,154-Day,2021-01-06,2021-01-12,2021-06-15,99.9615,30000666000
9127964D8,Bill,42-Day,2021-01-05,2021-01-07,2021-02-18,99.990083,30000683000
9127965A3,Bill,119-Day,2021-01-05,2021-01-07,2021-05-06,99.971903,30000066000
9127964X4,Bill,13-Week,2021-01-04,2021-01-07,2021-04-08,99.97725,60936717500
912796B57,Bill,26-Week,2021-01-04,2021-01-07,2021-07-08,99.9545,57550945600
912796B65,Bill,4-Week,2020-12-31,2021-01-05,2021-02-02,99.993778,32415107600
912796C23,Bill,8-Week,2020-12-31,2021-01-05,2021-03-02,99.986778,37818231200
912796D97,Bill,105-Day,2020-12-30,2021-01-05,2021-04-20,99.97375,25000218200
912796G86,Bill,154-Day,2020-12-30,2021-01-05,2021-06-08,99.9615,30000189000
9127964C0,Bill,42-Day,2020-12-29,2020-12-31,2021-02-11,99.990083,30000954500
9127964Z9,Bill,119-Day,2020-12-29,2020-12-31,2021-04-29,99.968597,30000717800
912796A90,Bill,52-Week,2020-12-29,2020-12-31,2021-12-30,99.888778,39731578300
9127964P1,Bill,13-Week,2020-12-28,2020-12-31,2021-04-01,99.975986,63102584800
912796B40,Bill,26-Week,2020-12-28,2020-12-31,2021-07-01,99.949444,59598151700
912796A82,Bill,4-Week,2020-12-24,2020-12-29,2021-01-26,99.993778,32933093800
912796B99,Bill,8-Week,2020-12-24,2020-12-29,2021-02-23,99.986,38422072500
912796D89,Bill,105-Day,2020-12-23,2020-12-29,2021-04-13,99.97375,25000260000
912796G37,Bill,154-Day,2020-12-23,2020-12-29,2021-06-01,99.959361,30000381800
9127963W7,Bill,42-Day,2020-12-22,2020-12-24,2021-02-04,99.990667,30000670000
9127962Q1,Bill,119-Day,2020-12-22,2020-12-24,2021-04-22,99.97025,30000067500
9127962F5,Bill,13-Week,2020-12-21,2020-12-24,2021-03-25,99.97725,56099849100
912796B32,Bill,26-Week,2020-12-21,2020-12-24,2021-06-24,99.9545,52983263800
912796A74,Bill,4-Week,2020-12-17,2020-12-22,2021-01-19,99.994167,32835486300
912796B81,Bill,8-Week,2020-12-17,2020-12-22,2021-02-16,99.987556,38308707100
9127965F2,Bill,8-Day,2020-12-17,2020-12-21,2020-12-29,99.998667,25000400
912796D71,Bill,105-Day,2020-12-16,2020-12-22,2021-04-06,99.975208,25000232500
912796G29,Bill,154-Day,2020-12-16,2020-12-22,2021-05-25,99.9615,30000799000
912796UC1,Bill,42-Day,2020-12-15,2020-12-17,2021-01-28,99.99125,30000946400
9127964Y2,Bill,119-Day,2020-12-15,2020-12-17,2021-04-15,99.971903,30000600400
9127964N6,Bill,13-Week,2020-12-14,2020-12-17,2021-03-18,99.981042,59529720000
9127963H0,Bill,26-Week,2020-12-14,2020-12-17,2021-06-17,99.957028,56224162900
912796A66,Bill,4-Week,2020-12-10,2020-12-15,2021-01-12,99.994944,32897015800
912796B73,Bill,8-Week,2020-12-10,2020-12-15,2021-02-09,99.988333,38380465300
912796D22,Bill,105-Day,2020-12-09,2020-12-15,2021-03-30,99.975208,25000022500
912796F95,Bill,154-Day,2020-12-09,2020-12-15,2021-05-18,99.9615,30001038400
9127963V9,Bill,42-Day,2020-12-08,2020-12-10,2021-01-21,99.991833,30000494000
9127964X4,Bill,119-Day,2020-12-08,2020-12-10,2021-04-08,99.973556,30001193800
9127964M8,Bill,13-Week,2020-12-07,2020-12-10,2021-03-11,99.979778,58645758000
912796B24,Bill,26-Week,2020-12-07,2020-12-10,2021-06-10,99.9545,55387490700
912796A58,Bill,4-Week,2020-12-03,2020-12-08,2021-01-05,99.994167,32425292800
912796B65,Bill,8-Week,2020-12-03,2020-12-08,2021-02-02,99.988333,37828765500
912796C98,Bill,105-Day,2020-12-02,2020-12-08,2021-03-23,99.975208,25000442000
912796F87,Bill,154-Day,2020-12-02,2020-12-08,2021-05-11,99.9615,30000178000
9127963U1,Bill,42-Day,2020-12-01,2020-12-03,2021-01-14,99.990667,30001161000
9127964P1,Bill,119-Day,2020-12-01,2020-12-03,2021-04-01,99.97025,30001179600
9127965G0,Bill,52-Week,2020-12-01,2020-12-03,2021-12-02,99.888778,38987756200
9127964F3,Bill,13-Week,2020-11-30,2020-12-03,2021-03-04,99.978514,61919742200
912796A41,Bill,26-Week,2020-11-30,2020-12-03,2021-06-03,99.9545,58479641200
9127965F2,Bill,4-Week,2020-11-25,2020-12-01,2020-12-29,99.993778,32939099400
912796A82,Bill,8-Week,2020-11-25,2020-12-01,2021-01-26,99.987556,38428878000
912796C80,Bill,105-Day,2020-11-25,2020-12-01,2021-03-16,99.975208,25001486000
912796F79,Bill,154-Day,2020-11-25,2020-12-01,2021-05-04,99.9615,30001731800
9127963T4,Bill,41-Day,2020-11-24,2020-11-27,2021-01-07,99.991458,30000686500
9127962F5,Bill,118-Day,2020-11-24,2020-11-27,2021-03-25,99.9705,30000314000
912796XE4,Bill,13-Week,2020-11-23,2020-11-27,2021-02-25,99.97875,58574128300
912796A33,Bill,26-Week,2020-11-23,2020-11-27,2021-05-27,99.95475,55320823300
9127965D7,Bill,4-Week,2020-11-19,2020-11-24,2020-12-22,99.994556,32841174900
912796A74,Bill,8-Week,2020-11-19,2020-11-24,2021-01-19,99.989111,38314247000
912796C72,Bill,105-Day,2020-11-18,2020-11-24,2021-03-09,99.97375,25001130000
912796F20,Bill,154-Day,2020-11-18,2020-11-24,2021-04-27,99.9615,30000940900
912796TY5,Bill,42-Day,2020-11-17,2020-11-19,2020-12-31,99.988917,30000319500
9127964N6,Bill,119-Day,2020-11-17,2020-11-19,2021-03-18,99.968597,30002523500
9127964D8,Bill,13-Week,2020-11-16,2020-11-19,2021-02-18,99.97725,61293256700
9127962Y4,Bill,26-Week,2020-11-16,2020-11-19,2021-05-20,99.949444,57887468400
9127965C9,Bill,4-Week,2020-11-12,2020-11-17,2020-12-15,99.993389,32904152300
912796A66,Bill,8-Week,2020-11-12,2020-11-17,2021-01-12,99.986,38388069100
912796C23,Bill,105-Day,2020-11-12,2020-11-17,2021-03-02,99.972292,25000562800
912796D97,Bill,154-Day,2020-11-12,2020-11-17,2021-04-20,99.957222,30001461700
9127963L1,Bill,42-Day,2020-11-09,2020-11-12,2020-12-24,99.988917,30000679000
9127964C0,Bill,13-Week,2020-11-09,2020-11-12,2021-02-11,99.974722,59862366600
9127964M8,Bill,119-Day,2020-11-09,2020-11-12,2021-03-11,99.966944,30000261100
912796A25,Bill,26-Week,2020-11-09,2020-11-12,2021-05-13,99.944389,56535944100
9127965B1,Bill,4-Week,2020-11-05,2020-11-10,2020-12-08,99.993778,32407768800
912796A58,Bill,8-Week,2020-11-05,2020-11-10,2021-01-05,99.986778,37809215200
912796B99,Bill,105-Day,2020-11-04,2020-11-10,2021-02-23,99.970833,25001493600
912796D89,Bill,154-Day,2020-11-04,2020-11-10,2021-04-13,99.955083,30000481500
9127963K3,Bill,42-Day,2020-11-03,2020-11-05,2020-12-17,99.990083,30000370000
9127964F3,Bill,119-Day,2020-11-03,2020-11-05,2021-03-04,99.965292,30000330000
9127964W6,Bill,52-Week,2020-11-03,2020-11-05,2021-11-04,99.8635,39377361100
9127963W7,Bill,13-Week,2020-11-02,2020-11-05,2021-02-04,99.975986,62539888100
9127965A3,Bill,26-Week,2020-11-02,2020-11-05,2021-05-06,99.944389,59065921600
9127964U0,Bill,4-Week,2020-10-29,2020-11-03,2020-12-01,99.993778,32929186600
9127965F2,Bill,8-Week,2020-10-29,2020-11-03,2020-12-29,99.986778,38416229400
912796B81,Bill,105-Day,2020-10-28,2020-11-03,2021-02-16,99.972292,25000414500
912796D71,Bill,154-Day,2020-10-28,2020-11-03,2021-04-06,99.955083,30000321500
9127963J6,Bill,42-Day,2020-10-27,2020-10-29,2020-12-10,99.990667,30000674000
912796XE4,Bill,119-Day,2020-10-27,2020-10-29,2021-02-25,99.966944,30001269500
912796UC1,Bill,13-Week,2020-10-26,2020-10-29,2021-01-28,99.974722,58879960100
9127964Z9,Bill,26-Week,2020-10-26,2020-10-29,2021-04-29,99.944389,55608066800
9127964T3,Bill,4-Week,2020-10-22,2020-10-27,2020-11-24,99.993389,32831324800
9127965D7,Bill,8-Week,2020-10-22,2020-10-27,2020-12-22,99.986,38302958100
912796B73,Bill,105-Day,2020-10-21,2020-10-27,2021-02-09,99.970833,25000537000
912796D22,Bill,154-Day,2020-10-21,2020-10-27,2021-03-30,99.950806,30000762600
912796TU3,Bill,42-Day,2020-10-20,2020-10-22,2020-12-03,99.9895,30000274000
9127964D8,Bill,119-Day,2020-10-20,2020-10-22,2021-02-18,99.965292,30000352000
9127963V9,Bill,13-Week,2020-10-19,2020-10-22,2021-01-21,99.974722,60910114000
9127962Q1,Bill,26-Week,2020-10-19,2020-10-22,2021-04-22,99.941861,57526924400
9127964S5,Bill,4-Week,2020-10-15,2020-10-20,2020-11-17,99.993,32892222300
9127965C9,Bill,8-Week,2020-10-15,2020-10-20,2020-12-15,99.985222,38373909600
912796B65,Bill,105-Day,2020-10-14,2020-10-20,2021-02-02,99.969375,25000705700
912796C98,Bill,154-Day,2020-10-14,2020-10-20,2021-03-23,99.948667,30000121500
9127963B3,Bill,43-Day,2020-10-13,2020-10-15,2020-11-27,99.988653,30000308600
9127963U1,Bill,13-Week,2020-10-13,2020-10-15,2021-01-14,99.973458,59913515800
9127964C0,Bill,119-Day,2020-10-13,2020-10-15,2021-02-11,99.963639,30000339300
9127964Y2,Bill,26-Week,2020-10-13,2020-10-15,2021-04-15,99.941861,56584621600
9127964R7,Bill,4-Week,2020-10-08,2020-10-13,2020-11-10,99.993,32439307500
9127965B1,Bill,8-Week,2020-10-08,2020-10-13,2020-12-08,99.986,37845887300
912796A82,Bill,105-Day,2020-10-07,2020-10-13,2021-01-26,99.970833,25000409600
912796C80,Bill,154-Day,2020-10-07,2020-10-13,2021-03-16,99.952944,30000260000
9127963A5,Bill,42-Day,2020-10-06,2020-10-08,2020-11-19,99.9895,30000734000
9127963W7,Bill,119-Day,2020-10-06,2020-10-08,2021-02-04,99.965292,30000476000
9127964V8,Bill,52-Week,2020-10-06,2020-10-08,2021-10-07,99.858444,39165267800
9127963T4,Bill,13-Week,2020-10-05,2020-10-08,2021-01-07,99.975986,62203365700
9127964X4,Bill,26-Week,2020-10-05,2020-10-08,2021-04-08,99.944389,58747240000
9127964Q9,Bill,4-Week,2020-10-01,2020-10-06,2020-11-03,99.993389,32947889900
9127964U0,Bill,8-Week,2020-10-01,2020-10-06,2020-12-01,99.986778,38439955700
912796A74,Bill,105-Day,2020-09-30,2020-10-06,2021-01-19,99.972292,25000610300
912796C72,Bill,154-Day,2020-09-30,2020-10-06,2021-03-09,99.955083,30000649500
9127962Z1,Bill,42-Day,2020-09-29,2020-10-01,2020-11-12,99.990083,30000402500
912796UC1,Bill,119-Day,2020-09-29,2020-10-01,2021-01-28,99.97025,30001059500
912796TY5,Bill,13-Week,2020-09-28,2020-10-01,2020-12-31,99.974722,58499048800
9127964P1,Bill,26-Week,2020-09-28,2020-10-01,2021-04-01,99.946917,55248497400
9127964K2,Bill,4-Week,2020-09-24,2020-09-29,2020-10-27,99.994167,32849859400
9127964T3,Bill,8-Week,2020-09-24,2020-09-29,2020-11-24,99.986,38324221800
912796A66,Bill,105-Day,2020-09-23,2020-09-29,2021-01-12,99.97375,25000238000
912796C23,Bill,154-Day,2020-09-23,2020-09-29,2021-03-02,99.957222,30000478000
912796TP4,Bill,42-Day,2020-09-22,2020-09-24,2020-11-05,99.990083,30000011000
9127963V9,Bill,119-Day,2020-09-22,2020-09-24,2021-01-21,99.968597,30000371900
9127963L1,Bill,13-Week,2020-09-21,2020-09-24,2020-12-24,99.974722,56015119800
9127962F5,Bill,26-Week,2020-09-21,2020-09-24,2021-03-25,99.946917,52902976400
9127964J5,Bill,4-Week,2020-09-17,2020-09-22,2020-10-20,99.993778,32915769000
9127964S5,Bill,8-Week,2020-09-17,2020-09-22,2020-11-17,99.985222,38401195000
912796A58,Bill,105-Day,2020-09-16,2020-09-22,2021-01-05,99.970833,25000743400
912796B99,Bill,154-Day,2020-09-16,2020-09-22,2021-02-23,99.952944,30000501600
9127962T5,Bill,42-Day,2020-09-15,2020-09-17,2020-10-29,99.988917,30001074000
9127963U1,Bill,119-Day,2020-09-15,2020-09-17,2021-01-14,99.963639,30002065900
9127963K3,Bill,13-Week,2020-09-14,2020-09-17,2020-12-17,99.972194,58313812700
9127964N6,Bill,26-Week,2020-09-14,2020-09-17,2021-03-18,99.939333,55074060800
9127964H9,Bill,4-Week,2020-09-10,2020-09-15,2020-10-13,99.993,32380710100
9127964R7,Bill,8-Week,2020-09-10,2020-09-15,2020-11-10,99.983667,37776560400
9127965F2,Bill,105-Day,2020-09-09,2020-09-15,2020-12-29,99.966458,25000666400
912796B81,Bill,154-Day,2020-09-09,2020-09-15,2021-02-16,99.948667,30000538700
9127962S7,Bill,42-Day,2020-09-08,2020-09-10,2020-10-22,99.98775,30000998000
9127963J6,Bill,13-Week,2020-09-08,2020-09-10,2020-12-10,99.970931,59711327900
9127963T4,Bill,119-Day,2020-09-08,2020-09-10,2021-01-07,99.960333,30000421200
9127964M8,Bill,26-Week,2020-09-08,2020-09-10,2021-03-11,99.936806,56393869600
9127964L0,Bill,52-Week,2020-09-08,2020-09-10,2021-09-09,99.858444,37596180300
9127964G1,Bill,4-Week,2020-09-03,2020-09-08,2020-10-06,99.993,32911851400
9127964Q9,Bill,8-Week,2020-09-03,2020-09-08,2020-11-03,99.984444,38397243200
9127965D7,Bill,105-Day,2020-09-02,2020-09-08,2020-12-22,99.966458,25000817000
912796B73,Bill,154-Day,2020-09-02,2020-09-08,2021-02-09,99.948667,30000702600
9127962R9,Bill,42-Day,2020-09-01,2020-09-03,2020-10-15,99.9895,30000570500
912796TY5,Bill,119-Day,2020-09-01,2020-09-03,2020-12-31,99.961986,30001412900
912796TU3,Bill,13-Week,2020-08-31,2020-09-03,2020-12-03,99.973458,60532375800
9127964F3,Bill,26-Week,2020-08-31,2020-09-03,2021-03-04,99.941861,57168974700
9127964A4,Bill,4-Week,2020-08-27,2020-09-01,2020-09-29,99.993778,32815238900
9127964K2,Bill,8-Week,2020-08-27,2020-09-01,2020-10-27,99.986,38284015800
9127965C9,Bill,105-Day,2020-08-26,2020-09-01,2020-12-15,99.970833,25000422400
912796B65,Bill,154-Day,2020-08-26,2020-09-01,2021-02-02,99.952944,30000939600
912796TN9,Bill,42-Day,2020-08-25,2020-08-27,2020-10-08,99.990083,30000359500
9127963L1,Bill,119-Day,2020-08-25,2020-08-27,2020-12-24,99.963639,30001079000
9127963B3,Bill,13-Week,2020-08-24,2020-08-27,2020-11-27,99.974444,58461782400
912796XE4,Bill,26-Week,2020-08-24,2020-08-27,2021-02-25,99.939333,55212799400
9127963Z0,Bill,4-Week,2020-08-20,2020-08-25,2020-09-22,99.993778,32871039800
9127964J5,Bill,8-Week,2020-08-20,2020-08-25,2020-10-20,99.986,38348733100
9127965B1,Bill,105-Day,2020-08-19,2020-08-25,2020-12-08,99.969375,25000782200
912796A82,Bill,154-Day,2020-08-19,2020-08-25,2021-01-26,99.950806,30000158000
9127962J7,Bill,42-Day,2020-08-18,2020-08-20,2020-10-01,99.9895,30001015500
9127963K3,Bill,119-Day,2020-08-18,2020-08-20,2020-12-17,99.963639,30000714000
9127963A5,Bill,13-Week,2020-08-17,2020-08-20,2020-11-19,99.973458,60932576800
9127964D8,Bill,26-Week,2020-08-17,2020-08-20,2021-02-18,99.939333,57547238300
9127963Y3,Bill,4-Week,2020-08-13,2020-08-18,2020-09-15,99.993389,32489979800
9127964H9,Bill,8-Week,2020-08-13,2020-08-18,2020-10-13,99.984444,37905119300
9127964U0,Bill,105-Day,2020-08-12,2020-08-18,2020-12-01,99.967917,25000299900
912796A74,Bill,154-Day,2020-08-12,2020-08-18,2021-01-19,99.948667,30001022000
9127962H1,Bill,42-Day,2020-08-11,2020-08-13,2020-09-24,99.988917,30000178000
9127963J6,Bill,119-Day,2020-08-11,2020-08-13,2020-12-10,99.963639,30001406900
9127964B2,Bill,52-Week,2020-08-11,2020-08-13,2021-08-12,99.858444,37997082800
9127962Z1,Bill,13-Week,2020-08-10,2020-08-13,2020-11-12,99.973458,60347426900
9127964C0,Bill,26-Week,2020-08-10,2020-08-13,2021-02-11,99.939333,56994546800
9127963X5,Bill,4-Week,2020-08-06,2020-08-11,2020-09-08,99.993778,32979741000
9127964G1,Bill,8-Week,2020-08-06,2020-08-11,2020-10-06,99.984444,38476491300
9127964T3,Bill,105-Day,2020-08-05,2020-08-11,2020-11-24,99.969375,25000869000
912796A66,Bill,154-Day,2020-08-05,2020-08-11,2021-01-12,99.952944,30000931000
9127962G3,Bill,42-Day,2020-08-04,2020-08-06,2020-09-17,99.990083,30000235000
912796TU3,Bill,119-Day,2020-08-04,2020-08-06,2020-12-03,99.966944,30001237600
912796TP4,Bill,13-Week,2020-08-03,2020-08-06,2020-11-05,99.974722,59940440300
9127963W7,Bill,26-Week,2020-08-03,2020-08-06,2021-02-04,99.946917,56610741000
9127963R8,Bill,4-Week,2020-07-30,2020-08-04,2020-09-01,99.993,32879305500
9127964A4,Bill,8-Week,2020-07-30,2020-08-04,2020-09-29,99.985222,38359824500
9127964S5,Bill,105-Day,2020-07-29,2020-08-04,2020-11-17,99.969375,25000269300
912796A58,Bill,154-Day,2020-07-29,2020-08-04,2021-01-05,99.952944,30000557700
912796TJ8,Bill,42-Day,2020-07-28,2020-07-30,2020-09-10,99.988333,30000251200
9127963B3,Bill,120-Day,2020-07-28,2020-07-30,2020-11-27,99.963333,30000355900
9127962T5,Bill,13-Week,2020-07-27,2020-07-30,2020-10-29,99.973458,60255293000
912796UC1,Bill,26-Week,2020-07-27,2020-07-30,2021-01-28,99.934278,56907878200
9127963Q0,Bill,4-Week,2020-07-23,2020-07-28,2020-08-25,99.993778,32953189200
9127963Z0,Bill,8-Week,2020-07-23,2020-07-28,2020-09-22,99.984444,38445625200
9127964R7,Bill,105-Day,2020-07-22,2020-07-28,2020-11-10,99.965,25001379400
9127965F2,Bill,154-Day,2020-07-22,2020-07-28,2020-12-29,99.94225,30000099000
912796XH7,Bill,42-Day,2020-07-21,2020-07-23,2020-09-03,99.988333,30000235400
9127963A5,Bill,119-Day,2020-07-21,2020-07-23,2020-11-19,99.960333,30000375000
9127962Q1,Bill,273-Day,2020-07-21,2020-07-23,2021-04-22,99.893833,20000029500
9127962S7,Bill,13-Week,2020-07-20,2020-07-23,2020-10-22,99.969667,62372121600
9127963V9,Bill,26-Week,2020-07-20,2020-07-23,2021-01-21,99.934278,58906428800
9127963P2,Bill,4-Week,2020-07-16,2020-07-21,2020-08-18,99.991833,37666740600
9127963Y3,Bill,8-Week,2020-07-16,2020-07-21,2020-09-15,99.982889,37666669800
9127964Q9,Bill,105-Day,2020-07-15,2020-07-21,2020-11-03,99.962083,25000170900
9127965D7,Bill,154-Day,2020-07-15,2020-07-21,2020-12-22,99.937972,30000610000
912796XG9,Bill,42-Day,2020-07-14,2020-07-16,2020-08-27,99.986,35000053800
9127962Z1,Bill,119-Day,2020-07-14,2020-07-16,2020-11-12,99.952069,35000802000
9127963S6,Bill,52-Week,2020-07-14,2020-07-16,2021-07-15,99.843278,38580076400
9127962R9,Bill,13-Week,2020-07-13,2020-07-16,2020-10-15,99.963347,61274260000
9127963U1,Bill,26-Week,2020-07-13,2020-07-16,2021-01-14,99.926694,57870396200
9127963N7,Bill,4-Week,2020-07-09,2020-07-14,2020-08-11,99.992222,43328882900
9127963X5,Bill,8-Week,2020-07-09,2020-07-14,2020-09-08,99.981333,43329090400
9127964K2,Bill,105-Day,2020-07-08,2020-07-14,2020-10-27,99.957708,25000289000
9127965C9,Bill,154-Day,2020-07-08,2020-07-14,2020-12-15,99.933694,30000352100
912796XF1,Bill,42-Day,2020-07-07,2020-07-09,2020-08-20,99.985417,35000165000
912796TP4,Bill,119-Day,2020-07-07,2020-07-09,2020-11-05,99.950417,35000340800
912796TN9,Bill,13-Week,2020-07-06,2020-07-09,2020-10-08,99.962083,59593322800
9127963T4,Bill,26-Week,2020-07-06,2020-07-09,2021-01-07,99.916583,56282393700
9127963M9,Bill,4-Week,2020-07-02,2020-07-07,2020-08-04,99.991056,48219281400
9127963R8,Bill,8-Week,2020-07-02,2020-07-07,2020-09-01,99.979,48218827500
9127964J5,Bill,105-Day,2020-07-01,2020-07-07,2020-10-20,99.959167,25000829700
9127965B1,Bill,154-Day,2020-07-01,2020-07-07,2020-12-08,99.933694,30000424900
912796TD1,Bill,42-Day,2020-06-30,2020-07-02,2020-08-13,99.984833,35000241000
9127962T5,Bill,119-Day,2020-06-30,2020-07-02,2020-10-29,99.948764,35000214600
9127962J7,Bill,13-Week,2020-06-29,2020-07-02,2020-10-01,99.962083,60959090400
912796TY5,Bill,26-Week,2020-06-29,2020-07-02,2020-12-31,99.916583,57571857000
9127963G2,Bill,4-Week,2020-06-25,2020-06-30,2020-07-28,99.991444,53265946200
9127963Q0,Bill,8-Week,2020-06-25,2020-06-30,2020-08-25,99.978222,53265504900
9127964H9,Bill,105-Day,2020-06-24,2020-06-30,2020-10-13,99.95625,30000843900
9127964U0,Bill,154-Day,2020-06-24,2020-06-30,2020-12-01,99.929417,35000624000
912796WZ8,Bill,42-Day,2020-06-23,2020-06-25,2020-08-06,99.985417,40000826500
9127962S7,Bill,119-Day,2020-06-23,2020-06-25,2020-10-22,99.948764,40000699600
9127962F5,Bill,273-Day,2020-06-23,2020-06-25,2021-03-25,99.8635,20000214000
9127962H1,Bill,13-Week,2020-06-22,2020-06-25,2020-09-24,99.960819,59183651000
9127963L1,Bill,26-Week,2020-06-22,2020-06-25,2020-12-24,99.911528,56068458900
9127963F4,Bill,4-Week,2020-06-18,2020-06-23,2020-07-21,99.990278,62976646300
9127963P2,Bill,8-Week,2020-06-18,2020-06-23,2020-08-18,99.979,57728773600
9127964G1,Bill,105-Day,2020-06-17,2020-06-23,2020-10-06,99.950417,35001007500
9127964T3,Bill,154-Day,2020-06-17,2020-06-23,2020-11-24,99.920861,40000762000
912796WY1,Bill,42-Day,2020-06-16,2020-06-18,2020-07-30,99.9825,50001214300
9127962R9,Bill,119-Day,2020-06-16,2020-06-18,2020-10-15,99.9405,40000353900
9127963H0,Bill,52-Week,2020-06-16,2020-06-18,2021-06-17,99.797778,38053862500
9127962G3,Bill,13-Week,2020-06-15,2020-06-18,2020-09-17,99.955764,67154291000
9127963K3,Bill,26-Week,2020-06-15,2020-06-18,2020-12-17,99.906472,60438540500
9127963D9,Bill,4-Week,2020-06-11,2020-06-16,2020-07-14,99.989889,73647626500
9127963N7,Bill,8-Week,2020-06-11,2020-06-16,2020-08-11,99.975889,63126589900
9127964A4,Bill,105-Day,2020-06-10,2020-06-16,2020-09-29,99.9475,35000584700
9127964S5,Bill,154-Day,2020-06-10,2020-06-16,2020-11-17,99.918722,40000654600
912796WX3,Bill,42-Day,2020-06-09,2020-06-11,2020-07-23,99.98075,60000358700
912796TN9,Bill,119-Day,2020-06-09,2020-06-11,2020-10-08,99.938847,40000192000
912796TJ8,Bill,13-Week,2020-06-08,2020-06-11,2020-09-10,99.957028,66874137800
9127963J6,Bill,26-Week,2020-06-08,2020-06-11,2020-12-10,99.906472,57321093600
9127963C1,Bill,4-Week,2020-06-04,2020-06-09,2020-07-07,99.990278,83451079300
9127963M9,Bill,8-Week,2020-06-04,2020-06-09,2020-08-04,99.977444,73019498500
9127963Z0,Bill,105-Day,2020-06-03,2020-06-09,2020-09-22,99.950417,40000328000
9127964R7,Bill,154-Day,2020-06-03,2020-06-09,2020-11-10,99.923,40000417500
912796SZ3,Bill,42-Day,2020-06-02,2020-06-04,2020-07-16,99.98425,65001752600
9127962J7,Bill,119-Day,2020-06-02,2020-06-04,2020-10-01,99.945458,40000587300
912796XH7,Bill,13-Week,2020-06-01,2020-06-04,2020-09-03,99.962083,68490540800
912796TU3,Bill,26-Week,2020-06-01,2020-06-04,2020-12-03,99.914056,58705361900
9127962X6,Bill,4-Week,2020-05-28,2020-06-02,2020-06-30,99.989889,83581166000
9127963G2,Bill,8-Week,2020-05-28,2020-06-02,2020-07-28,99.979,73134065400
9127964Q9,Bill,154-Day,2020-05-28,2020-06-02,2020-11-03,99.927278,40000123200
9127963Y3,Bill,105-Day,2020-05-27,2020-06-02,2020-09-15,99.951875,40000078200
9127962H1,Bill,119-Day,2020-05-27,2020-05-28,2020-09-24,99.943806,40000436000
912796XE4,Bill,273-Day,2020-05-27,2020-05-28,2021-02-25,99.8635,25000029000
912796WW5,Bill,42-Day,2020-05-26,2020-05-28,2020-07-09,99.986,65000698200
912796XG9,Bill,13-Week,2020-05-26,2020-05-28,2020-08-27,99.967139,68171795700
9127963B3,Bill,26-Week,2020-05-26,2020-05-28,2020-11-27,99.918667,58433310200
9127962W8,Bill,4-Week,2020-05-21,2020-05-26,2020-06-23,99.993,82694510600
9127963F4,Bill,8-Week,2020-05-21,2020-05-26,2020-07-21,99.983667,72357750900
9127963X5,Bill,105-Day,2020-05-20,2020-05-26,2020-09-08,99.959167,40000658000
9127964K2,Bill,154-Day,2020-05-20,2020-05-26,2020-10-27,99.935833,40000841300
912796UB3,Bill,42-Day,2020-05-19,2020-05-21,2020-07-02,99.98775,65000080000
9127962G3,Bill,119-Day,2020-05-19,2020-05-21,2020-09-17,99.953722,40001759800
9127962Y4,Bill,52-Week,2020-05-19,2020-05-21,2021-05-20,99.838222,35161067400
912796XF1,Bill,13-Week,2020-05-18,2020-05-21,2020-08-20,99.967139,71455888700
9127963A5,Bill,26-Week,2020-05-18,2020-05-21,2020-11-19,99.924167,61248654300
9127962V0,Bill,4-Week,2020-05-14,2020-05-19,2020-06-16,99.993,83442693900
9127963D9,Bill,8-Week,2020-05-14,2020-05-19,2020-07-14,99.982889,73012144000
9127963R8,Bill,105-Day,2020-05-13,2020-05-19,2020-09-01,99.959167,35000386000
9127964J5,Bill,154-Day,2020-05-13,2020-05-19,2020-10-20,99.933694,40000173000
912796UA5,Bill,42-Day,2020-05-12,2020-05-14,2020-06-25,99.987167,65000601700
912796TJ8,Bill,119-Day,2020-05-12,2020-05-14,2020-09-10,99.952069,35001439500
912796TD1,Bill,13-Week,2020-05-11,2020-05-14,2020-08-13,99.968403,68891635300
9127962Z1,Bill,26-Week,2020-05-11,2020-05-14,2020-11-12,99.921639,59049524600
9127962U2,Bill,4-Week,2020-05-07,2020-05-12,2020-06-09,99.992611,83413633900
9127963C1,Bill,8-Week,2020-05-07,2020-05-12,2020-07-07,99.982889,72986962800
9127963Q0,Bill,105-Day,2020-05-07,2020-05-12,2020-08-25,99.963542,30000021000
9127964H9,Bill,154-Day,2020-05-06,2020-05-12,2020-10-13,99.935833,35000395000
912796SV2,Bill,42-Day,2020-05-05,2020-05-07,2020-06-18,99.986583,65000381000
912796XH7,Bill,119-Day,2020-05-05,2020-05-07,2020-09-03,99.957028,30000081500
912796WZ8,Bill,13-Week,2020-05-04,2020-05-07,2020-08-06,99.972194,65585568700
912796TP4,Bill,26-Week,2020-05-04,2020-05-07,2020-11-05,99.934278,55747491700
9127963P2,Bill,105-Day,2020-05-04,2020-05-05,2020-08-18,99.966458,30000026900
9127962P3,Bill,4-Week,2020-04-30,2020-05-05,2020-06-02,99.992611,93793330400
9127962X6,Bill,8-Week,2020-04-30,2020-05-05,2020-06-30,99.985222,72951056900
9127964G1,Bill,154-Day,2020-04-30,2020-05-05,2020-10-06,99.940111,30000005500
9127963N7,Bill,103-Day,2020-04-29,2020-04-30,2020-08-11,99.967097,30000428000
912796XG9,Bill,119-Day,2020-04-29,2020-04-30,2020-08-27,99.963639,25000557500
912796UC1,Bill,273-Day,2020-04-29,2020-04-30,2021-01-28,99.874875,25000165000
912796TZ2,Bill,43-Day,2020-04-28,2020-04-29,2020-06-11,99.989847,55000690000
912796WY1,Bill,13-Week,2020-04-27,2020-04-30,2020-07-30,99.969667,60838599700
9127962T5,Bill,26-Week,2020-04-27,2020-04-30,2020-10-29,99.924167,51231844600
9127962N8,Bill,4-Week,2020-04-23,2020-04-28,2020-05-26,99.993,93873062000
9127962W8,Bill,8-Week,2020-04-23,2020-04-28,2020-06-23,99.981333,73010774600
9127964A4,Bill,154-Day,2020-04-22,2020-04-28,2020-09-29,99.94225,30000435000
9127963M9,Bill,103-Day,2020-04-22,2020-04-23,2020-08-04,99.969958,30000113500
912796XF1,Bill,119-Day,2020-04-21,2020-04-23,2020-08-20,99.963639,25000176200
9127962Q1,Bill,52-Week,2020-04-21,2020-04-23,2021-04-22,99.833167,30954782900
912796WX3,Bill,13-Week,2020-04-20,2020-04-23,2020-07-23,99.968403,63015023000
9127962S7,Bill,26-Week,2020-04-20,2020-04-23,2020-10-22,99.926694,53065189900
912796TX7,Bill,43-Day,2020-04-20,2020-04-22,2020-06-04,99.985667,65000079700
9127962M0,Bill,4-Week,2020-04-16,2020-04-21,2020-05-19,99.988333,94283755100
9127962V0,Bill,8-Week,2020-04-16,2020-04-21,2020-06-16,99.976667,73331988800
9127963Z0,Bill,154-Day,2020-04-15,2020-04-21,2020-09-22,99.918722,30000070500
9127963G2,Bill,103-Day,2020-04-15,2020-04-16,2020-07-28,99.952792,30000016000
912796TD1,Bill,119-Day,2020-04-14,2020-04-16,2020-08-13,99.927278,25000113000
912796TW9,Bill,43-Day,2020-04-14,2020-04-15,2020-05-28,99.977306,65000382000
912796SZ3,Bill,13-Week,2020-04-13,2020-04-16,2020-07-16,99.929222,62014661900
9127962R9,Bill,26-Week,2020-04-13,2020-04-16,2020-10-15,99.853389,52223075200
9127962W8,Bill,69-Day,2020-04-13,2020-04-15,2020-06-23,99.94825,35000285500
9127962L2,Bill,4-Week,2020-04-09,2020-04-14,2020-05-12,99.985222,93929876800
9127962U2,Bill,8-Week,2020-04-09,2020-04-14,2020-06-09,99.954889,73056552800
9127963Y3,Bill,154-Day,2020-04-08,2020-04-14,2020-09-15,99.893056,40000564000
9127962M0,Bill,40-Day,2020-04-08,2020-04-09,2020-05-19,99.982222,45000125000
9127963F4,Bill,103-Day,2020-04-08,2020-04-09,2020-07-21,99.942778,40000110700
912796WZ8,Bill,119-Day,2020-04-07,2020-04-09,2020-08-06,99.9405,40000439500
9127962V0,Bill,69-Day,2020-04-07,2020-04-08,2020-06-16,99.974125,45000019000
912796WW5,Bill,13-Week,2020-04-06,2020-04-09,2020-07-09,99.968403,58893788700
912796TN9,Bill,26-Week,2020-04-06,2020-04-09,2020-10-08,99.919111,49078064500
912796SR1,Bill,43-Day,2020-04-06,2020-04-08,2020-05-21,99.988653,60000462000
9127962K4,Bill,4-Week,2020-04-02,2020-04-07,2020-05-05,99.993,83894318700
9127962P3,Bill,8-Week,2020-04-02,2020-04-07,2020-06-02,99.985222,62920956300
9127963X5,Bill,154-Day,2020-04-02,2020-04-07,2020-09-08,99.935833,40000027000
9127963D9,Bill,102-Day,2020-04-02,2020-04-03,2020-07-14,99.964583,40000341300
9127962L2,Bill,39-Day,2020-04-01,2020-04-03,2020-05-12,99.991333,45000378600
912796WY1,Bill,119-Day,2020-04-01,2020-04-02,2020-07-30,99.957028,40000546500
912796TV1,Bill,42-Day,2020-03-31,2020-04-02,2020-05-14,99.990667,60000182000
9127962U2,Bill,69-Day,2020-03-31,2020-04-01,2020-06-09,99.986583,45000454000
912796UB3,Bill,13-Week,2020-03-30,2020-04-02,2020-07-02,99.978514,53170745500
9127962J7,Bill,26-Week,2020-03-30,2020-04-02,2020-10-01,99.949444,43787779300
912796TT6,Bill,37-Day,2020-03-30,2020-03-31,2020-05-07,99.997431,60000031300
9127962D0,Bill,4-Week,2020-03-26,2020-03-31,2020-04-28,100.0,61418835800
9127962N8,Bill,8-Week,2020-03-26,2020-03-31,2020-05-26,100.0,51189465000
9127962F5,Bill,52-Week,2020-03-24,2020-03-26,2021-03-25,99.737111,27156147800
912796UA5,Bill,13-Week,2020-03-23,2020-03-26,2020-06-25,100.0,47003986200
9127962H1,Bill,26-Week,2020-03-23,2020-03-26,2020-09-24,99.959556,40734321400
9127962C2,Bill,4-Week,2020-03-19,2020-03-24,2020-04-21,99.997667,52713414200
9127962M0,Bill,8-Week,2020-03-19,2020-03-24,2020-05-19,99.995333,42170379500
912796TZ2,Bill,79-Day,2020-03-19,2020-03-24,2020-06-11,99.989028,20000278000
912796SV2,Bill,13-Week,2020-03-16,2020-03-19,2020-06-18,99.926694,43439019300
9127962G3,Bill,26-Week,2020-03-16,2020-03-19,2020-09-17,99.848333,37233464800
9127962B4,Bill,4-Week,2020-03-12,2020-03-17,2020-04-14,99.969278,53088439400
9127962L2,Bill,8-Week,2020-03-12,2020-03-17,2020-05-12,99.954889,42470808700
912796TZ2,Bill,13-Week,2020-03-09,2020-03-12,2020-06-11,99.901417,43801707300
912796TJ8,Bill,26-Week,2020-03-09,2020-03-12,2020-09-10,99.797778,37544704400
9127962A6,Bill,4-Week,2020-03-05,2020-03-10,2020-04-07,99.928056,53165636900
9127962K4,Bill,8-Week,2020-03-05,2020-03-10,2020-05-05,99.872444,47849316200
912796TX7,Bill,13-Week,2020-03-02,2020-03-05,2020-06-04,99.708042,47685226600
912796XH7,Bill,26-Week,2020-03-02,2020-03-05,2020-09-03,99.489389,41327049200
912796XD6,Bill,4-Week,2020-02-27,2020-03-03,2020-03-31,99.881,50540888200
9127962D0,Bill,8-Week,2020-02-27,2020-03-03,2020-04-28,99.766667,45486901900
912796XE4,Bill,52-Week,2020-02-25,2020-02-27,2021-02-25,98.715889,26552282800
912796TW9,Bill,13-Week,2020-02-24,2020-02-27,2020-05-28,99.619569,45955028700
912796XG9,Bill,26-Week,2020-02-24,2020-02-27,2020-08-27,99.272,39827523300
912796XC8,Bill,4-Week,2020-02-20,2020-02-25,2020-03-24,99.8775,52354296300
9127962C2,Bill,8-Week,2020-02-20,2020-02-25,2020-04-21,99.755778,47118981800
912796TK5,Bill,21-Day,2020-02-18,2020-02-20,2020-03-12,99.907542,40000300000
912796SR1,Bill,13-Week,2020-02-18,2020-02-20,2020-05-21,99.609458,45703592300
912796XF1,Bill,26-Week,2020-02-18,2020-02-20,2020-08-20,99.236611,39609658700
912796XB0,Bill,4-Week,2020-02-13,2020-02-18,2020-03-17,99.878667,52258748500
9127962B4,Bill,8-Week,2020-02-13,2020-02-18,2020-04-14,99.756556,47033189400
912796TQ2,Bill,56-Day,2020-02-11,2020-02-13,2020-04-09,99.758111,30000009000
912796TV1,Bill,13-Week,2020-02-10,2020-02-13,2020-05-14,99.608194,46293277100
912796TD1,Bill,26-Week,2020-02-10,2020-02-13,2020-08-13,99.236611,40120953200
912796XA2,Bill,4-Week,2020-02-06,2020-02-11,2020-03-10,99.880222,53562686700
9127962A6,Bill,8-Week,2020-02-06,2020-02-11,2020-04-07,99.758889,48206783600
912796TT6,Bill,13-Week,2020-02-03,2020-02-06,2020-05-07,99.608194,45654461500
912796WZ8,Bill,26-Week,2020-02-03,2020-02-06,2020-08-06,99.231556,39566689500
912796WV7,Bill,4-Week,2020-01-30,2020-02-04,2020-03-03,99.879833,45579397800
912796XD6,Bill,8-Week,2020-01-30,2020-02-04,2020-03-31,99.758889,45579843600
912796UC1,Bill,52-Week,2020-01-28,2020-01-30,2021-01-28,98.493444,26360948300
912796TS8,Bill,13-Week,2020-01-27,2020-01-30,2020-04-30,99.61325,45624928600
912796WY1,Bill,26-Week,2020-01-27,2020-01-30,2020-07-30,99.223972,39541071000
912796WU9,Bill,4-Week,2020-01-23,2020-01-28,2020-02-25,99.883333,41531445900
912796XC8,Bill,8-Week,2020-01-23,2020-01-28,2020-03-24,99.760444,41531171300
912796SM2,Bill,13-Week,2020-01-21,2020-01-23,2020-04-23,99.61325,42814773800
912796WX3,Bill,26-Week,2020-01-21,2020-01-23,2020-07-23,99.231556,36698478400
912796WT2,Bill,4-Week,2020-01-16,2020-01-21,2020-02-18,99.882944,36629533400
912796XB0,Bill,8-Week,2020-01-16,2020-01-21,2020-03-17,99.762,36629732000
912796TR0,Bill,13-Week,2020-01-13,2020-01-16,2020-04-16,99.61325,44965368600
912796SZ3,Bill,26-Week,2020-01-13,2020-01-16,2020-07-16,99.2265,38541749500
912796WS4,Bill,4-Week,2020-01-09,2020-01-14,2020-02-11,99.884111,37162228500
912796XA2,Bill,8-Week,2020-01-09,2020-01-14,2020-03-10,99.764333,37162352200
912796TQ2,Bill,13-Week,2020-01-06,2020-01-09,2020-04-09,99.615778,42631089500
912796WW5,Bill,26-Week,2020-01-06,2020-01-09,2020-07-09,99.231556,36541239100
912796WR6,Bill,4-Week,2020-01-02,2020-01-07,2020-02-04,99.883333,35134337300
912796WV7,Bill,8-Week,2020-01-02,2020-01-07,2020-03-03,99.764333,35134087300
912796TM1,Bill,13-Week,2019-12-30,2020-01-02,2020-04-02,99.615778,42001066500
912796UB3,Bill,26-Week,2019-12-30,2020-01-02,2020-07-02,99.211333,36000543800
912796TY5,Bill,52-Week,2019-12-30,2020-01-02,2020-12-31,98.432778,26000458000
912796WQ8,Bill,4-Week,2019-12-26,2019-12-31,2020-01-28,99.879056,37308015400
912796WU9,Bill,8-Week,2019-12-26,2019-12-31,2020-02-25,99.756556,37308028100
912796SH3,Bill,13-Week,2019-12-23,2019-12-26,2020-03-26,99.606931,42775757800
912796UA5,Bill,26-Week,2019-12-23,2019-12-26,2020-06-25,99.206278,36664809600
912796WP0,Bill,4-Week,2019-12-19,2019-12-24,2020-01-21,99.882556,37000126900
912796WT2,Bill,8-Week,2019-12-19,2019-12-24,2020-02-18,99.758111,37000125700
912796TL3,Bill,13-Week,2019-12-16,2019-12-19,2020-03-19,99.610722,42040426500
912796SV2,Bill,26-Week,2019-12-16,2019-12-19,2020-06-18,99.216389,36034978800
912796WN5,Bill,4-Week,2019-12-12,2019-12-17,2020-01-14,99.880222,44324500500
912796WS4,Bill,8-Week,2019-12-12,2019-12-17,2020-02-11,99.760444,38783832100
912796TK5,Bill,13-Week,2019-12-09,2019-12-12,2020-03-12,99.615778,42000451500
912796TZ2,Bill,26-Week,2019-12-09,2019-12-12,2020-06-11,99.231556,36000196800
912796WM7,Bill,4-Week,2019-12-05,2019-12-10,2020-01-07,99.883333,40100877700
912796WR6,Bill,8-Week,2019-12-05,2019-12-10,2020-02-04,99.763556,35088445900
912796TU3,Bill,52-Week,2019-12-03,2019-12-05,2020-12-03,98.458056,26000274700
912796TH2,Bill,13-Week,2019-12-02,2019-12-05,2020-03-05,99.605667,42000340000
912796TX7,Bill,26-Week,2019-12-02,2019-12-05,2020-06-04,99.208806,36000016700
912796WL9,Bill,4-Week,2019-11-27,2019-12-03,2019-12-31,99.874,45583719000
912796WQ8,Bill,8-Week,2019-11-27,2019-12-03,2020-01-28,99.755778,35454193800
912796SD2,Bill,13-Week,2019-11-25,2019-11-29,2020-02-27,99.61,45002728500
912796TW9,Bill,26-Week,2019-11-25,2019-11-29,2020-05-28,99.205611,39002447700
912796WK1,Bill,4-Week,2019-11-21,2019-11-26,2019-12-24,99.879444,50011285700
912796WP0,Bill,8-Week,2019-11-21,2019-11-26,2020-01-21,99.760444,40008966600
912796SW0,Bill,16-Day,2019-11-20,2019-11-26,2019-12-12,99.931556,15000034000
912796TG4,Bill,13-Week,2019-11-18,2019-11-21,2020-02-20,99.610722,45000144800
912796SR1,Bill,26-Week,2019-11-18,2019-11-21,2020-05-21,99.221444,42000288600
912796WJ4,Bill,4-Week,2019-11-14,2019-11-19,2019-12-17,99.878278,55000027400
912796WN5,Bill,8-Week,2019-11-14,2019-11-19,2020-01-14,99.763556,40000445300
912796TF6,Bill,13-Week,2019-11-12,2019-11-14,2020-02-13,99.604403,46039787200
912796TV1,Bill,26-Week,2019-11-12,2019-11-14,2020-05-14,99.216389,42970492600
912796WH8,Bill,4-Week,2019-11-07,2019-11-12,2019-12-10,99.880611,55021978400
912796WM7,Bill,8-Week,2019-11-07,2019-11-12,2020-01-07,99.762,40015954300
912796TP4,Bill,52-Week,2019-11-05,2019-11-07,2020-11-05,98.417611,28000014500
912796TE9,Bill,13-Week,2019-11-04,2019-11-07,2020-02-06,99.615778,45000238900
912796TT6,Bill,26-Week,2019-11-04,2019-11-07,2020-05-07,99.223972,42000072900
912796WG0,Bill,4-Week,2019-10-31,2019-11-05,2019-12-03,99.877889,55030849600
912796WL9,Bill,8-Week,2019-10-31,2019-11-05,2019-12-31,99.757333,40022559300
912796RY7,Bill,13-Week,2019-10-28,2019-10-31,2020-01-30,99.5905,45000028700
912796TS8,Bill,26-Week,2019-10-28,2019-10-31,2020-04-30,99.186056,42000644200
912796WF2,Bill,4-Week,2019-10-24,2019-10-29,2019-11-26,99.867,55000374800
912796WK1,Bill,8-Week,2019-10-24,2019-10-29,2019-12-24,99.738667,40000251200
912796TC3,Bill,13-Week,2019-10-21,2019-10-24,2020-01-23,99.587972,45000269900
912796SM2,Bill,26-Week,2019-10-21,2019-10-24,2020-04-23,99.191111,42000445500
912796WE5,Bill,4-Week,2019-10-17,2019-10-22,2019-11-19,99.866222,55000156800
912796WJ4,Bill,8-Week,2019-10-17,2019-10-22,2019-12-17,99.741,40000105700
912796TB5,Bill,13-Week,2019-10-15,2019-10-17,2020-01-16,99.585444,45000294100
912796TR0,Bill,26-Week,2019-10-15,2019-10-17,2020-04-16,99.181,42000101500
912796WD7,Bill,4-Week,2019-10-10,2019-10-15,2019-11-12,99.866222,50015472300
912796WH8,Bill,8-Week,2019-10-10,2019-10-15,2019-12-10,99.737889,40012513400
912796TN9,Bill,52-Week,2019-10-08,2019-10-10,2020-10-08,98.382222,28000094900
912796TA7,Bill,13-Week,2019-10-07,2019-10-10,2020-01-09,99.575333,45000090500
912796TQ2,Bill,26-Week,2019-10-07,2019-10-10,2020-04-09,99.145611,42000418900
912796WC9,Bill,4-Week,2019-10-03,2019-10-08,2019-11-05,99.863889,45053148700
912796WG0,Bill,8-Week,2019-10-03,2019-10-08,2019-12-03,99.734,40047216900
912796RT8,Bill,13-Week,2019-09-30,2019-10-03,2020-01-02,99.534889,45000193000
912796TM1,Bill,26-Week,2019-09-30,2019-10-03,2020-04-02,99.092528,42000104600
912796WB1,Bill,4-Week,2019-09-26,2019-10-01,2019-10-29,99.853778,45000124000
912796WF2,Bill,8-Week,2019-09-26,2019-10-01,2019-11-26,99.710667,40000663900
912796SY6,Bill,13-Week,2019-09-23,2019-09-26,2019-12-26,99.518458,45000041600
912796SH3,Bill,26-Week,2019-09-23,2019-09-26,2020-03-26,99.059667,42000201000
912796WA3,Bill,4-Week,2019-09-19,2019-09-24,2019-10-22,99.848333,45000323600
912796WE5,Bill,8-Week,2019-09-19,2019-09-24,2019-11-19,99.696667,40000337100
912796SX8,Bill,13-Week,2019-09-16,2019-09-19,2019-12-19,99.508347,45000093900
912796TL3,Bill,26-Week,2019-09-16,2019-09-19,2020-03-19,99.054611,42000035100
912796VZ9,Bill,4-Week,2019-09-12,2019-09-17,2019-10-15,99.849111,50028266800
912796WD7,Bill,8-Week,2019-09-12,2019-09-17,2019-11-12,99.701333,40022276500
912796TJ8,Bill,52-Week,2019-09-10,2019-09-12,2020-09-10,98.240667,28000217300
912796SW0,Bill,13-Week,2019-09-09,2019-09-12,2019-12-12,99.514667,45000654100
912796TK5,Bill,26-Week,2019-09-09,2019-09-12,2020-03-12,99.077361,42000276400
912796VY2,Bill,4-Week,2019-09-05,2019-09-10,2019-10-08,99.8425,55000151700
912796WC9,Bill,8-Week,2019-09-05,2019-09-10,2019-11-05,99.695111,40000674400
912796RN1,Bill,13-Week,2019-09-03,2019-09-05,2019-12-05,99.512139,45000051100
912796TH2,Bill,26-Week,2019-09-03,2019-09-05,2020-03-05,99.077361,42000173700
912796VX4,Bill,4-Week,2019-08-29,2019-09-03,2019-10-01,99.839778,55000073400
912796WB1,Bill,8-Week,2019-08-29,2019-09-03,2019-10-29,99.690444,40000220000
912796SU4,Bill,13-Week,2019-08-26,2019-08-29,2019-11-29,99.501667,45000026100
912796SD2,Bill,26-Week,2019-08-26,2019-08-29,2020-02-27,99.069778,42000622600
912796VW6,Bill,4-Week,2019-08-22,2019-08-27,2019-09-24,99.839778,55000487200
912796WA3,Bill,8-Week,2019-08-22,2019-08-27,2019-10-22,99.691222,40000011200
912796ST7,Bill,13-Week,2019-08-19,2019-08-22,2019-11-21,99.519722,45000270200
912796TG4,Bill,26-Week,2019-08-19,2019-08-22,2020-02-20,99.069778,42000033900
912796VV8,Bill,4-Week,2019-08-15,2019-08-20,2019-09-17,99.841333,55000219300
912796VZ9,Bill,8-Week,2019-08-15,2019-08-20,2019-10-15,99.696667,40000208700
912796TD1,Bill,52-Week,2019-08-13,2019-08-15,2020-08-13,98.18,28000258200
912796SS9,Bill,13-Week,2019-08-12,2019-08-15,2019-11-14,99.504556,42000514900
912796TF6,Bill,26-Week,2019-08-12,2019-08-15,2020-02-13,99.0445,42000368600
912796VU0,Bill,4-Week,2019-08-08,2019-08-13,2019-09-10,99.839389,50000164500
912796VY2,Bill,8-Week,2019-08-08,2019-08-13,2019-10-08,99.681111,40001062700
912796RM3,Bill,13-Week,2019-08-05,2019-08-08,2019-11-07,99.496972,39000368100
912796TE9,Bill,26-Week,2019-08-05,2019-08-08,2020-02-06,99.014167,39000407500
912796VT3,Bill,4-Week,2019-08-01,2019-08-06,2019-09-03,99.838222,35000051700
912796VX4,Bill,8-Week,2019-08-01,2019-08-06,2019-10-01,99.673333,35000232300
912796XK0,Bill,45-Day,2019-08-01,2019-08-02,2019-09-16,99.73625,35000221000
912796SQ3,Bill,13-Week,2019-07-29,2019-08-01,2019-10-31,99.47675,36000343600
912796RY7,Bill,26-Week,2019-07-29,2019-08-01,2020-01-30,98.971194,36000039000
912796VS5,Bill,4-Week,2019-07-25,2019-07-30,2019-08-27,99.835889,35000311400
912796VW6,Bill,8-Week,2019-07-25,2019-07-30,2019-09-24,99.667111,35000164700
912796SP5,Bill,13-Week,2019-07-22,2019-07-25,2019-10-24,99.484333,36000159700
912796TC3,Bill,26-Week,2019-07-22,2019-07-25,2020-01-23,98.983833,36000498800
912796VR7,Bill,4-Week,2019-07-18,2019-07-23,2019-08-20,99.837444,35000102600
912796VV8,Bill,8-Week,2019-07-18,2019-07-23,2019-09-17,99.670222,35000082900
912796SZ3,Bill,52-Week,2019-07-16,2019-07-18,2020-07-16,98.063722,26000053100
912796SN0,Bill,13-Week,2019-07-15,2019-07-18,2019-10-17,99.465375,36000094100
912796TB5,Bill,26-Week,2019-07-15,2019-07-18,2020-01-16,98.983833,36000377600
912796VQ9,Bill,4-Week,2019-07-11,2019-07-16,2019-08-13,99.833944,35000277500
912796VU0,Bill,8-Week,2019-07-11,2019-07-16,2019-09-10,99.668667,35000130100
912796RF8,Bill,13-Week,2019-07-08,2019-07-11,2019-10-10,99.441361,36000193600
912796TA7,Bill,26-Week,2019-07-08,2019-07-11,2020-01-09,98.950972,36000328700
912796VP1,Bill,4-Week,2019-07-03,2019-07-09,2019-08-06,99.828111,40000065500
912796VT3,Bill,8-Week,2019-07-03,2019-07-09,2019-09-03,99.664778,35000109700
912796SL4,Bill,13-Week,2019-07-01,2019-07-05,2019-10-03,99.46375,36000062700
912796RT8,Bill,26-Week,2019-07-01,2019-07-05,2020-01-02,98.974333,36000119200
912796VN6,Bill,4-Week,2019-06-27,2019-07-02,2019-07-30,99.833167,40000046500
912796VS5,Bill,8-Week,2019-06-27,2019-07-02,2019-08-27,99.670222,35000366300
912796SK6,Bill,13-Week,2019-06-24,2019-06-27,2019-09-26,99.472958,36000050400
912796SY6,Bill,26-Week,2019-06-24,2019-06-27,2019-12-26,98.973722,36000306800
912796VM8,Bill,4-Week,2019-06-20,2019-06-25,2019-07-23,99.833556,40000047000
912796VR7,Bill,8-Week,2019-06-20,2019-06-25,2019-08-20,99.672556,35000535200
912796SV2,Bill,52-Week,2019-06-18,2019-06-20,2020-06-18,97.992944,26000031700
912796SJ9,Bill,13-Week,2019-06-17,2019-06-20,2019-09-19,99.451472,36000120500
912796SX8,Bill,26-Week,2019-06-17,2019-06-20,2019-12-19,98.923167,36000025100
912796VL0,Bill,4-Week,2019-06-13,2019-06-18,2019-07-16,99.827722,40000002400
912796VQ9,Bill,8-Week,2019-06-13,2019-06-18,2019-08-13,99.657778,35000604500
912796RA9,Bill,13-Week,2019-06-10,2019-06-13,2019-09-12,99.433778,36000004300
912796SW0,Bill,26-Week,2019-06-10,2019-06-13,2019-12-12,98.918111,36000576800
912796VK2,Bill,4-Week,2019-06-06,2019-06-11,2019-07-09,99.821889,40002734800
912796VP1,Bill,8-Week,2019-06-06,2019-06-11,2019-08-06,99.642222,35002353200
912796SG5,Bill,13-Week,2019-06-03,2019-06-06,2019-09-05,99.418611,36000070100
912796RN1,Bill,26-Week,2019-06-03,2019-06-06,2019-12-05,98.859972,36000142800
912796VJ5,Bill,4-Week,2019-05-30,2019-06-04,2019-07-02,99.818778,40000379300
912796VN6,Bill,8-Week,2019-05-30,2019-06-04,2019-07-30,99.637556,35000527500
912796SF7,Bill,13-Week,2019-05-28,2019-05-30,2019-08-29,99.416083,36000077100
912796SU4,Bill,26-Week,2019-05-28,2019-05-30,2019-11-29,98.820667,36000213000
912796VH9,Bill,4-Week,2019-05-23,2019-05-28,2019-06-25,99.818389,45000177500
912796VM8,Bill,8-Week,2019-05-23,2019-05-28,2019-07-23,99.637556,35000044900
912796SR1,Bill,52-Week,2019-05-21,2019-05-23,2020-05-21,97.694667,26000117000
912796SE0,Bill,13-Week,2019-05-20,2019-05-23,2019-08-22,99.409764,36000201600
912796ST7,Bill,26-Week,2019-05-20,2019-05-23,2019-11-21,98.817,36000133800
912796VG1,Bill,4-Week,2019-05-16,2019-05-21,2019-06-18,99.816056,50000328400
912796VL0,Bill,8-Week,2019-05-16,2019-05-21,2019-07-16,99.633667,35000452100
912796QV4,Bill,13-Week,2019-05-13,2019-05-16,2019-08-15,99.403444,39000725400
912796SS9,Bill,26-Week,2019-05-13,2019-05-16,2019-11-14,98.809417,36000011800
912796VF3,Bill,4-Week,2019-05-09,2019-05-14,2019-06-11,99.8145,50000367700
912796VK2,Bill,8-Week,2019-05-09,2019-05-14,2019-07-09,99.629778,35000211600
912796SC4,Bill,13-Week,2019-05-06,2019-05-09,2019-08-08,99.398389,39000509700
912796RM3,Bill,26-Week,2019-05-06,2019-05-09,2019-11-07,98.796778,36000251900
912796VE6,Bill,4-Week,2019-05-02,2019-05-07,2019-06-04,99.814111,50000282400
912796RU5,Bill,37-Day,2019-05-02,2019-05-07,2019-06-13,99.754875,20000087000
912796VJ5,Bill,8-Week,2019-05-02,2019-05-07,2019-07-02,99.628222,35000357800
912796SB6,Bill,13-Week,2019-04-29,2019-05-02,2019-08-01,99.397125,39000650300
912796SQ3,Bill,26-Week,2019-04-29,2019-05-02,2019-10-31,98.789194,36000319600
912796VD8,Bill,4-Week,2019-04-25,2019-04-30,2019-05-28,99.814111,50000830200
912796VH9,Bill,8-Week,2019-04-25,2019-04-30,2019-06-25,99.629778,35000880100
912796SM2,Bill,52-Week,2019-04-23,2019-04-25,2020-04-23,97.613778,26000353200
912796SA8,Bill,13-Week,2019-04-22,2019-04-25,2019-07-25,99.393333,42000865900
912796SP5,Bill,26-Week,2019-04-22,2019-04-25,2019-10-24,98.786667,36000046500
912796VC0,Bill,4-Week,2019-04-18,2019-04-23,2019-05-21,99.813333,50000232800
912796VG1,Bill,8-Week,2019-04-18,2019-04-23,2019-06-18,99.628222,35000320000
912796QR3,Bill,13-Week,2019-04-15,2019-04-18,2019-07-18,99.398389,42000179800
912796SN0,Bill,26-Week,2019-04-15,2019-04-18,2019-10-17,98.791722,36000817600
912796VB2,Bill,4-Week,2019-04-11,2019-04-16,2019-05-14,99.815278,50000083900
912796VF3,Bill,8-Week,2019-04-11,2019-04-16,2019-06-11,99.630556,35000382700
912796RZ4,Bill,13-Week,2019-04-08,2019-04-11,2019-07-11,99.399653,42000054800
912796RF8,Bill,26-Week,2019-04-08,2019-04-11,2019-10-10,98.789194,36000108500
912796VA4,Bill,4-Week,2019-04-04,2019-04-09,2019-05-07,99.814111,50000531800
912796VE6,Bill,8-Week,2019-04-04,2019-04-09,2019-06-04,99.629778,35000180200
912796RW1,Bill,13-Week,2019-04-01,2019-04-04,2019-07-05,99.391778,45000307900
912796SL4,Bill,26-Week,2019-04-01,2019-04-04,2019-10-03,98.796778,39000440600
912796UZ0,Bill,4-Week,2019-03-28,2019-04-02,2019-04-30,99.813333,50000846600
912796VD8,Bill,8-Week,2019-03-28,2019-04-02,2019-05-28,99.627444,35000253200
912796SH3,Bill,52-Week,2019-03-26,2019-03-28,2020-03-26,97.613778,26000351000
912796RV3,Bill,13-Week,2019-03-25,2019-03-28,2019-06-27,99.390806,48000376300
912796SK6,Bill,26-Week,2019-03-25,2019-03-28,2019-09-26,98.779083,39000322300
912796UY3,Bill,4-Week,2019-03-21,2019-03-26,2019-04-23,99.807889,60000508000
912796VC0,Bill,8-Week,2019-03-21,2019-03-26,2019-05-21,99.623556,35000492200
912796QM4,Bill,13-Week,2019-03-18,2019-03-21,2019-06-20,99.390806,48000099000
912796SJ9,Bill,26-Week,2019-03-18,2019-03-21,2019-09-19,98.761389,39000688400
912796UX5,Bill,4-Week,2019-03-14,2019-03-19,2019-04-16,99.811778,60000007700
912796VB2,Bill,8-Week,2019-03-14,2019-03-19,2019-05-14,99.626667,35000207400
912796RU5,Bill,13-Week,2019-03-11,2019-03-14,2019-06-13,99.392069,48000307900
912796RA9,Bill,26-Week,2019-03-11,2019-03-14,2019-09-12,98.758861,39000464900
912796UW7,Bill,4-Week,2019-03-07,2019-03-12,2019-04-09,99.812944,60000218900
912796VA4,Bill,8-Week,2019-03-07,2019-03-12,2019-05-07,99.626667,35000942400
912796RH4,Bill,42-Day,2019-03-05,2019-03-07,2019-04-18,99.718833,30000005000
912796RS0,Bill,13-Week,2019-03-04,2019-03-07,2019-06-06,99.390806,48000338100
912796SG5,Bill,26-Week,2019-03-04,2019-03-07,2019-09-05,98.756333,39000669400
912796UV9,Bill,4-Week,2019-02-28,2019-03-05,2019-04-02,99.812556,60000250300
912796UZ0,Bill,8-Week,2019-02-28,2019-03-05,2019-04-30,99.625111,35000079000
912796RG6,Bill,41-Day,2019-02-28,2019-03-01,2019-04-11,99.726667,23000325000
912796SD2,Bill,52-Week,2019-02-26,2019-02-28,2020-02-27,97.502556,26000131000
912796RR2,Bill,13-Week,2019-02-25,2019-02-28,2019-05-30,99.392069,48000627000
912796SF7,Bill,26-Week,2019-02-25,2019-02-28,2019-08-29,98.758861,39000588300
912796UU1,Bill,4-Week,2019-02-21,2019-02-26,2019-03-26,99.814111,50001051200
912796UY3,Bill,8-Week,2019-02-21,2019-02-26,2019-04-23,99.626667,35000868800
912796QH5,Bill,13-Week,2019-02-19,2019-02-21,2019-05-23,99.394597,45000155200
912796SE0,Bill,26-Week,2019-02-19,2019-02-21,2019-08-22,98.758861,39000099300
912796UT4,Bill,4-Week,2019-02-14,2019-02-19,2019-03-19,99.813722,50000265700
912796UX5,Bill,8-Week,2019-02-14,2019-02-19,2019-04-16,99.626667,35000065900
912796RQ4,Bill,13-Week,2019-02-11,2019-02-14,2019-05-16,99.393333,45000236200
912796QV4,Bill,26-Week,2019-02-11,2019-02-14,2019-08-15,98.761389,39000662600
912796US6,Bill,4-Week,2019-02-07,2019-02-12,2019-03-12,99.814111,50000156900
912796UW7,Bill,8-Week,2019-02-07,2019-02-12,2019-04-09,99.629,35000446400
912796XJ3,Bill,18-Day,2019-02-06,2019-02-11,2019-03-01,99.88025,50000294000
912796RP6,Bill,13-Week,2019-02-04,2019-02-07,2019-05-09,99.397125,45000122800
912796SC4,Bill,26-Week,2019-02-04,2019-02-07,2019-08-08,98.766444,39000209800
912796UR8,Bill,4-Week,2019-01-31,2019-02-05,2019-03-05,99.814111,50000033500
912796UV9,Bill,8-Week,2019-01-31,2019-02-05,2019-04-02,99.626667,35000103600
912796RY7,Bill,52-Week,2019-01-29,2019-01-31,2020-01-30,97.457056,26000000000
912796RJ0,Bill,13-Week,2019-01-28,2019-01-31,2019-05-02,99.399653,42000466500
912796SB6,Bill,26-Week,2019-01-28,2019-01-31,2019-08-01,98.761389,39000454700
912796UQ0,Bill,4-Week,2019-01-24,2019-01-29,2019-02-26,99.816833,45000037500
912796UU1,Bill,8-Week,2019-01-24,2019-01-29,2019-03-26,99.631333,35000154800
912796QC6,Bill,13-Week,2019-01-22,2019-01-24,2019-04-25,99.395861,42000029000
912796SA8,Bill,26-Week,2019-01-22,2019-01-24,2019-07-25,98.761389,39000803800
912796UP2,Bill,4-Week,2019-01-17,2019-01-22,2019-02-19,99.815667,40000351800
912796UT4,Bill,8-Week,2019-01-17,2019-01-22,2019-03-19,99.632111,30000331700
912796RH4,Bill,13-Week,2019-01-14,2019-01-17,2019-04-18,99.392069,39000110400
912796QR3,Bill,26-Week,2019-01-14,2019-01-17,2019-07-18,98.756333,36000014000
912796UN7,Bill,4-Week,2019-01-10,2019-01-15,2019-02-12,99.814889,40000012000
912796US6,Bill,8-Week,2019-01-10,2019-01-15,2019-03-12,99.628222,30000171500
912796RG6,Bill,13-Week,2019-01-07,2019-01-10,2019-04-11,99.390806,39000180000
912796RZ4,Bill,26-Week,2019-01-07,2019-01-10,2019-07-11,98.751278,36000257600
912796UM9,Bill,4-Week,2019-01-03,2019-01-08,2019-02-05,99.814111,40000277600
912796UR8,Bill,8-Week,2019-01-03,2019-01-08,2019-03-05,99.630556,30000214700
912796RD3,Bill,13-Week,2018-12-31,2019-01-03,2019-04-04,99.376903,39000298600
912796RW1,Bill,26-Week,2018-12-31,2019-01-03,2019-07-05,98.726625,36000001000
912796RT8,Bill,52-Week,2018-12-31,2019-01-03,2020-01-02,97.426722,26000091400
912796UL1,Bill,4-Week,2018-12-27,2019-01-02,2019-01-29,99.82,40000395400
912796UQ0,Bill,8-Week,2018-12-27,2019-01-02,2019-02-26,99.630278,30000181500
912796PX1,Bill,13-Week,2018-12-24,2018-12-27,2019-03-28,99.389542,39000127800
912796RV3,Bill,26-Week,2018-12-24,2018-12-27,2019-06-27,98.746222,36000040800
912796UK3,Bill,4-Week,2018-12-20,2018-12-26,2019-01-22,99.823,40000486900
912796UP2,Bill,8-Week,2018-12-20,2018-12-26,2019-02-19,99.637153,30000143800
912796RC5,Bill,13-Week,2018-12-17,2018-12-20,2019-03-21,99.399653,39000009800
912796QM4,Bill,26-Week,2018-12-17,2018-12-20,2019-06-20,98.743694,36000013600
912796UJ6,Bill,4-Week,2018-12-13,2018-12-18,2019-01-15,99.819167,40000096800
912796UN7,Bill,8-Week,2018-12-13,2018-12-18,2019-02-12,99.632889,30000709500
912796RB7,Bill,13-Week,2018-12-10,2018-12-13,2019-03-14,99.399653,39000090500
912796RU5,Bill,26-Week,2018-12-10,2018-12-13,2019-06-13,98.746222,36000029000
912796UH0,Bill,4-Week,2018-12-06,2018-12-11,2019-01-08,99.816056,40000013700
912796UM9,Bill,8-Week,2018-12-06,2018-12-11,2019-02-05,99.628222,30000056800
912796UG2,Bill,4-Week,2018-12-04,2018-12-06,2019-01-02,99.826,40000332600
912796UL1,Bill,8-Week,2018-12-04,2018-12-06,2019-01-29,99.646,30000066100
912796RN1,Bill,52-Week,2018-12-04,2018-12-06,2019-12-05,97.335722,26000041600
912796QZ5,Bill,13-Week,2018-12-03,2018-12-06,2019-03-07,99.402181,39000097600
912796RS0,Bill,26-Week,2018-12-03,2018-12-06,2019-06-06,98.738639,36000131000
912796UF4,Bill,4-Week,2018-11-27,2018-11-29,2018-12-26,99.82975,50000273400
912796UK3,Bill,8-Week,2018-11-27,2018-11-29,2019-01-22,99.65275,30000107200
912796PT0,Bill,13-Week,2018-11-26,2018-11-29,2019-02-28,99.400917,39001350400
912796RR2,Bill,26-Week,2018-11-26,2018-11-29,2019-05-30,98.74875,36000671400
912796UE7,Bill,4-Week,2018-11-20,2018-11-23,2018-12-18,99.847222,50000734900
912796UJ6,Bill,8-Week,2018-11-20,2018-11-23,2019-01-15,99.661389,30000160400
912796QY8,Bill,13-Week,2018-11-19,2018-11-23,2019-02-21,99.41375,42000045000
912796QH5,Bill,26-Week,2018-11-19,2018-11-23,2019-05-23,98.765681,36000025400
912796UD9,Bill,4-Week,2018-11-13,2018-11-15,2018-12-11,99.841111,50000763800
912796UH0,Bill,8-Week,2018-11-13,2018-11-15,2019-01-08,99.65725,30000077500
912796QX0,Bill,13-Week,2018-11-13,2018-11-15,2019-02-14,99.4085,45000097900
912796RQ4,Bill,26-Week,2018-11-13,2018-11-15,2019-05-16,98.753806,39000016300
912796PE3,Bill,4-Week,2018-11-06,2018-11-08,2018-12-06,99.828889,50000437900
912796UG2,Bill,8-Week,2018-11-06,2018-11-08,2019-01-02,99.657778,30000352700
912796RM3,Bill,52-Week,2018-11-06,2018-11-08,2019-11-07,97.325611,26000124800
912796QW2,Bill,13-Week,2018-11-05,2018-11-08,2019-02-07,99.413556,45000243000
912796RP6,Bill,26-Week,2018-11-05,2018-11-08,2019-05-09,98.761389,39000179200
912796QL6,Bill,4-Week,2018-10-30,2018-11-01,2018-11-29,99.831611,45000196700
912796UF4,Bill,8-Week,2018-10-30,2018-11-01,2018-12-26,99.663125,25000087300
912796PP8,Bill,13-Week,2018-10-29,2018-11-01,2019-01-31,99.417347,45000641900
912796RJ0,Bill,26-Week,2018-10-29,2018-11-01,2019-05-02,98.7715,39000686700
912796QK8,Bill,4-Week,2018-10-23,2018-10-25,2018-11-23,99.824389,40000154900
912796UE7,Bill,8-Week,2018-10-23,2018-10-25,2018-12-18,99.673,25000105500
912796QU6,Bill,13-Week,2018-10-22,2018-10-25,2019-01-24,99.418611,45000053700
912796QC6,Bill,26-Week,2018-10-22,2018-10-25,2019-04-25,98.774028,39000074600
912796QJ1,Bill,4-Week,2018-10-16,2018-10-18,2018-11-15,99.832389,40000042300
912796UD9,Bill,8-Week,2018-10-16,2018-10-18,2018-12-11,99.6745,25000172500
912796QT9,Bill,13-Week,2018-10-15,2018-10-18,2019-01-17,99.426194,45000425500
912796RH4,Bill,26-Week,2018-10-15,2018-10-18,2019-04-18,98.779083,39000054600
912796PD5,Bill,4-Week,2018-10-09,2018-10-11,2018-11-08,99.833944,40026028000
912796QS1,Bill,13-Week,2018-10-09,2018-10-11,2019-01-10,99.438833,48000704500
912796RG6,Bill,26-Week,2018-10-09,2018-10-11,2019-04-11,98.796778,42000221500
912796RF8,Bill,52-Week,2018-10-09,2018-10-11,2019-10-10,97.391333,26000237500
912796QF9,Bill,4-Week,2018-10-02,2018-10-04,2018-11-01,99.836278,40000051900
912796PK9,Bill,13-Week,2018-10-01,2018-10-04,2019-01-03,99.450208,48000048400
912796RD3,Bill,26-Week,2018-10-01,2018-10-04,2019-04-04,98.819528,42000030000
912796QE2,Bill,4-Week,2018-09-25,2018-09-27,2018-10-25,99.838222,40000148000
912796QQ5,Bill,13-Week,2018-09-24,2018-09-27,2018-12-27,99.448944,48000238500
912796PX1,Bill,26-Week,2018-09-24,2018-09-27,2019-03-28,98.827111,42000495500
912796QD4,Bill,4-Week,2018-09-18,2018-09-20,2018-10-18,99.842889,40000479200
912796QP7,Bill,13-Week,2018-09-17,2018-09-20,2018-12-20,99.462847,48000062300
912796RC5,Bill,26-Week,2018-09-17,2018-09-20,2019-03-21,98.842278,42000198600
912796NZ8,Bill,4-Week,2018-09-11,2018-09-13,2018-10-11,99.846389,45000074600
912796RA9,Bill,52-Week,2018-09-11,2018-09-13,2019-09-12,97.507611,26000254400
912796QN2,Bill,13-Week,2018-09-10,2018-09-13,2018-12-13,99.466639,48000144400
912796RB7,Bill,26-Week,2018-09-10,2018-09-13,2019-03-14,98.854917,42000073300
912796QB8,Bill,4-Week,2018-09-04,2018-09-06,2018-10-04,99.846778,55000477600
912796PE3,Bill,13-Week,2018-09-04,2018-09-06,2018-12-06,99.470431,48000170300
912796QZ5,Bill,26-Week,2018-09-04,2018-09-06,2019-03-07,98.867556,42000123400
912796QA0,Bill,4-Week,2018-08-28,2018-08-30,2018-09-27,99.849889,65000463200
912796QL6,Bill,13-Week,2018-08-27,2018-08-30,2018-11-29,99.474222,51000092100
912796PT0,Bill,26-Week,2018-08-27,2018-08-30,2019-02-28,98.882722,45000296700
912796PZ6,Bill,4-Week,2018-08-21,2018-08-23,2018-09-20,99.851444,70000660500
912796QK8,Bill,13-Week,2018-08-20,2018-08-23,2018-11-23,99.479944,51000242700
912796QY8,Bill,26-Week,2018-08-20,2018-08-23,2019-02-21,98.895361,45000196500
912796NV7,Bill,4-Week,2018-08-14,2018-08-16,2018-09-13,99.851444,70000117000
912796QV4,Bill,52-Week,2018-08-14,2018-08-16,2019-08-15,97.608722,26000160000
912796QJ1,Bill,13-Week,2018-08-13,2018-08-16,2018-11-15,99.486861,51000203000
912796QX0,Bill,26-Week,2018-08-13,2018-08-16,2019-02-14,98.897889,45000336300
912796PY9,Bill,4-Week,2018-08-07,2018-08-09,2018-09-06,99.851833,70000187000
912796PD5,Bill,13-Week,2018-08-06,2018-08-09,2018-11-08,99.491917,51000824800
912796QW2,Bill,26-Week,2018-08-06,2018-08-09,2019-02-07,98.897889,45000197500
912796PW3,Bill,4-Week,2018-07-31,2018-08-02,2018-08-30,99.851444,65000383500
912796QF9,Bill,13-Week,2018-07-30,2018-08-02,2018-11-01,99.494444,51000745800
912796PP8,Bill,26-Week,2018-07-30,2018-08-02,2019-01-31,98.908,45000421400
912796PV5,Bill,4-Week,2018-07-24,2018-07-26,2018-08-23,99.853778,55000121200
912796QE2,Bill,13-Week,2018-07-23,2018-07-26,2018-10-25,99.502028,51000564700
912796QU6,Bill,26-Week,2018-07-23,2018-07-26,2019-01-24,98.918111,45000169300
912796NQ8,Bill,4-Week,2018-07-17,2018-07-19,2018-08-16,99.853778,45000113700
912796QR3,Bill,52-Week,2018-07-17,2018-07-19,2019-07-18,97.639056,26000129900
912796QD4,Bill,13-Week,2018-07-16,2018-07-19,2018-10-18,99.4995,51000283100
912796QT9,Bill,26-Week,2018-07-16,2018-07-19,2019-01-17,98.918111,45000055300
912796PU7,Bill,4-Week,2018-07-10,2018-07-12,2018-08-09,99.856111,35000303300
912796NZ8,Bill,13-Week,2018-07-09,2018-07-12,2018-10-11,99.508347,48000208000
912796QS1,Bill,26-Week,2018-07-09,2018-07-12,2019-01-10,98.938333,42000137500
912796PS2,Bill,4-Week,2018-07-02,2018-07-05,2018-08-02,99.855333,35000369300
912796QB8,Bill,13-Week,2018-07-02,2018-07-05,2018-10-04,99.509611,48000224000
912796PK9,Bill,26-Week,2018-07-02,2018-07-05,2019-01-03,98.945917,42000042900
912796PR4,Bill,4-Week,2018-06-26,2018-06-28,2018-07-26,99.862333,35000368100
912796QA0,Bill,13-Week,2018-06-25,2018-06-28,2018-09-27,99.519722,48000669900
912796QQ5,Bill,26-Week,2018-06-25,2018-06-28,2018-12-27,98.945917,42000373500
912796MK2,Bill,4-Week,2018-06-19,2018-06-21,2018-07-19,99.858833,35000053100
912796QM4,Bill,52-Week,2018-06-19,2018-06-21,2019-06-20,97.699722,26000161200
912796PZ6,Bill,13-Week,2018-06-18,2018-06-21,2018-09-20,99.519722,48000211900
912796QP7,Bill,26-Week,2018-06-18,2018-06-21,2018-12-20,98.950972,42000007800
912796PQ6,Bill,4-Week,2018-06-12,2018-06-14,2018-07-12,99.860778,35000150500
912796NV7,Bill,13-Week,2018-06-11,2018-06-14,2018-09-13,99.517194,48000303900
912796QN2,Bill,26-Week,2018-06-11,2018-06-14,2018-12-13,98.950972,42000034800
912796PN3,Bill,4-Week,2018-06-05,2018-06-07,2018-07-05,99.861556,35000079100
912796PY9,Bill,13-Week,2018-06-04,2018-06-07,2018-09-06,99.517194,48000024400
912796PE3,Bill,26-Week,2018-06-04,2018-06-07,2018-12-06,98.9535,42000421400
912796PM5,Bill,4-Week,2018-05-29,2018-05-31,2018-06-28,99.863889,40000142200
912796PW3,Bill,13-Week,2018-05-29,2018-05-31,2018-08-30,99.520986,48000212100
912796QL6,Bill,26-Week,2018-05-29,2018-05-31,2018-11-29,98.973722,42000028900
912796MF3,Bill,4-Week,2018-05-22,2018-05-24,2018-06-21,99.866222,45000042900
912796QH5,Bill,52-Week,2018-05-22,2018-05-24,2019-05-23,97.699722,26000269300
912796PV5,Bill,13-Week,2018-05-21,2018-05-24,2018-08-23,99.520986,48000074600
912796QK8,Bill,26-Week,2018-05-21,2018-05-24,2018-11-23,98.942667,42000311900
912796PL7,Bill,4-Week,2018-05-15,2018-05-17,2018-06-14,99.871278,45000219000
912796NQ8,Bill,13-Week,2018-05-14,2018-05-17,2018-08-16,99.52225,48000066600
912796QJ1,Bill,26-Week,2018-05-14,2018-05-17,2018-11-15,98.971194,42000271600
912796PJ2,Bill,4-Week,2018-05-08,2018-05-10,2018-06-07,99.870889,45000566500
912796PU7,Bill,13-Week,2018-05-07,2018-05-10,2018-08-09,99.534889,48000011300
912796PD5,Bill,26-Week,2018-05-07,2018-05-10,2018-11-08,98.988889,42000511800
912796PH6,Bill,4-Week,2018-05-01,2018-05-03,2018-05-31,99.871667,45000437100
912796PS2,Bill,13-Week,2018-04-30,2018-05-03,2018-08-02,99.536153,48000039400
912796QF9,Bill,26-Week,2018-04-30,2018-05-03,2018-11-01,98.993944,42000089500
912796MB2,Bill,4-Week,2018-04-24,2018-04-26,2018-05-24,99.869333,45000401100
912796QC6,Bill,52-Week,2018-04-24,2018-04-26,2019-04-25,97.775556,26000439900
912796PR4,Bill,13-Week,2018-04-23,2018-04-26,2018-07-26,99.537417,48000350500
912796QE2,Bill,26-Week,2018-04-23,2018-04-26,2018-10-25,98.996472,42000244700
912796PG8,Bill,4-Week,2018-04-17,2018-04-19,2018-05-17,99.873222,45000214200
912796MK2,Bill,13-Week,2018-04-16,2018-04-19,2018-07-19,99.555111,48000192700
912796QD4,Bill,26-Week,2018-04-16,2018-04-19,2018-10-18,99.016694,42000207900
912796PF0,Bill,4-Week,2018-04-10,2018-04-12,2018-05-10,99.874,45000135500
912796PQ6,Bill,13-Week,2018-04-09,2018-04-12,2018-07-12,99.566486,48000176200
912796NZ8,Bill,26-Week,2018-04-09,2018-04-12,2018-10-11,99.049556,42000025400
912796PC7,Bill,4-Week,2018-04-03,2018-04-05,2018-05-03,99.868167,55000399600
912796PN3,Bill,13-Week,2018-04-02,2018-04-05,2018-07-05,99.560167,48000442900
912796QB8,Bill,26-Week,2018-04-02,2018-04-05,2018-10-04,99.036917,42000398400
912796LX5,Bill,4-Week,2018-03-27,2018-03-29,2018-04-26,99.867389,65000070400
912796PX1,Bill,52-Week,2018-03-27,2018-03-29,2019-03-28,97.907,24000018500
912796PM5,Bill,13-Week,2018-03-26,2018-03-29,2018-06-28,99.555111,51000026100
912796QA0,Bill,26-Week,2018-03-26,2018-03-29,2018-09-27,99.041972,45000033100
912796PB9,Bill,4-Week,2018-03-20,2018-03-22,2018-04-19,99.866222,65000237200
912796MF3,Bill,13-Week,2018-03-19,2018-03-22,2018-06-21,99.550056,51000805500
912796PZ6,Bill,26-Week,2018-03-19,2018-03-22,2018-09-20,99.014167,45000123700
912796PA1,Bill,4-Week,2018-03-13,2018-03-15,2018-04-12,99.871667,65000659000
912796PL7,Bill,13-Week,2018-03-12,2018-03-15,2018-06-14,99.577861,51000382800
912796NV7,Bill,26-Week,2018-03-12,2018-03-15,2018-09-13,99.064722,45000382000
912796NY1,Bill,4-Week,2018-03-06,2018-03-08,2018-04-05,99.879444,65000523200
912796PJ2,Bill,13-Week,2018-03-05,2018-03-08,2018-06-07,99.580389,51000199400
912796PY9,Bill,26-Week,2018-03-05,2018-03-08,2018-09-06,99.074833,45000585700
912796LS6,Bill,4-Week,2018-02-27,2018-03-01,2018-03-29,99.883722,60000010100
912796PT0,Bill,52-Week,2018-02-27,2018-03-01,2019-02-28,97.957556,22000143100
912796PH6,Bill,13-Week,2018-02-26,2018-03-01,2018-05-31,99.584181,51000273700
912796PW3,Bill,26-Week,2018-02-26,2018-03-01,2018-08-30,99.074833,45000056900
912796NX3,Bill,4-Week,2018-02-20,2018-02-22,2018-03-22,99.892667,55000166700
912796MB2,Bill,13-Week,2018-02-20,2018-02-22,2018-05-24,99.587972,51000030400
912796PV5,Bill,26-Week,2018-02-20,2018-02-22,2018-08-23,99.079889,45000458500
912796PA1,Bill,55-Day,2018-02-13,2018-02-16,2018-04-12,99.761667,50000563100
912796NW5,Bill,4-Week,2018-02-13,2018-02-15,2018-03-15,99.894222,50000064200
912796PG8,Bill,13-Week,2018-02-12,2018-02-15,2018-05-17,99.603139,48001400300
912796NQ8,Bill,26-Week,2018-02-12,2018-02-15,2018-08-16,99.097583,42000085300
912796NU9,Bill,4-Week,2018-02-06,2018-02-08,2018-03-08,99.884889,15000049800
912796PB9,Bill,70-Day,2018-02-06,2018-02-08,2018-04-19,99.72,30000579000
912796PF0,Bill,13-Week,2018-02-05,2018-02-08,2018-05-10,99.620833,48000400200
912796PU7,Bill,26-Week,2018-02-05,2018-02-08,2018-08-09,99.165833,42000096000
912796LN7,Bill,4-Week,2018-01-30,2018-02-01,2018-03-01,99.888,25000098300
912796PP8,Bill,52-Week,2018-01-30,2018-02-01,2019-01-31,98.149667,20000333600
912796PC7,Bill,13-Week,2018-01-29,2018-02-01,2018-05-03,99.639792,48000221200
912796PS2,Bill,26-Week,2018-01-29,2018-02-01,2018-08-02,99.178472,42000410300
912796NT2,Bill,4-Week,2018-01-23,2018-01-25,2018-02-22,99.904333,35000543000
912796LX5,Bill,13-Week,2018-01-22,2018-01-25,2018-04-26,99.638528,48000375400
912796PR4,Bill,26-Week,2018-01-22,2018-01-25,2018-07-26,99.183528,42000379500
912796NP0,Bill,6-Day,2018-01-19,2018-01-19,2018-01-25,99.979833,25000100
912796NS4,Bill,4-Week,2018-01-16,2018-01-18,2018-02-15,99.899278,45000040300
912796PB9,Bill,13-Week,2018-01-16,2018-01-18,2018-04-19,99.638528,48000844000
912796MK2,Bill,26-Week,2018-01-16,2018-01-18,2018-07-19,99.191111,42000089500
912796NR6,Bill,4-Week,2018-01-09,2018-01-11,2018-02-08,99.900444,50000116400
912796PA1,Bill,13-Week,2018-01-08,2018-01-11,2018-04-12,99.638528,48000428700
912796PQ6,Bill,26-Week,2018-01-08,2018-01-11,2018-07-12,99.20375,42000106200
912796LJ6,Bill,4-Week,2018-01-02,2018-01-04,2018-02-01,99.901222,50000086600
912796NY1,Bill,13-Week,2018-01-02,2018-01-04,2018-04-05,99.637264,48001502300
912796PN3,Bill,26-Week,2018-01-02,2018-01-04,2018-07-05,99.20375,42000469900
912796PK9,Bill,52-Week,2018-01-02,2018-01-04,2019-01-03,98.200222,20000117700
912796NP0,Bill,4-Week,2017-12-26,2017-12-28,2018-01-25,99.903167,50000084600
912796LS6,Bill,13-Week,2017-12-26,2017-12-28,2018-03-29,99.634736,45000036100
912796PM5,Bill,26-Week,2017-12-26,2017-12-28,2018-06-28,99.2265,39000561900
912796NN5,Bill,4-Week,2017-12-19,2017-12-21,2018-01-18,99.903167,50000279900
912796NX3,Bill,13-Week,2017-12-18,2017-12-21,2018-03-22,99.657486,45000084700
912796MF3,Bill,26-Week,2017-12-18,2017-12-21,2018-06-21,99.251778,39000071500
912796ML0,Bill,4-Week,2017-12-12,2017-12-14,2018-01-11,99.903556,45000306800
912796NW5,Bill,13-Week,2017-12-11,2017-12-14,2018-03-15,99.666333,45000441200
912796PL7,Bill,26-Week,2017-12-11,2017-12-14,2018-06-14,99.261889,39000297400
912796NN5,Bill,41-Day,2017-12-08,2017-12-08,2018-01-18,99.86675,9000066000
912796LC1,Bill,4-Week,2017-12-05,2017-12-07,2018-01-04,99.908222,35000190200
912796PE3,Bill,52-Week,2017-12-05,2017-12-07,2018-12-06,98.331667,20000209900
912796NU9,Bill,13-Week,2017-12-04,2017-12-07,2018-03-08,99.673917,42000339000
912796PJ2,Bill,26-Week,2017-12-04,2017-12-07,2018-06-07,99.266944,36000284700
912796MJ5,Bill,4-Week,2017-11-28,2017-11-30,2017-12-28,99.909,45000217500
912796LN7,Bill,13-Week,2017-11-27,2017-11-30,2018-03-01,99.675181,42000135000
912796PH6,Bill,26-Week,2017-11-27,2017-11-30,2018-05-31,99.274528,36000431200
912796MH9,Bill,4-Week,2017-11-21,2017-11-24,2017-12-21,99.91525,45000100600
912796NT2,Bill,13-Week,2017-11-20,2017-11-24,2018-02-22,99.67875,42000417900
912796MB2,Bill,26-Week,2017-11-20,2017-11-24,2018-05-24,99.288569,36000163000
912796MG1,Bill,4-Week,2017-11-14,2017-11-16,2017-12-14,99.918722,50000240800
912796NS4,Bill,13-Week,2017-11-13,2017-11-16,2018-02-15,99.686556,42000346200
912796PG8,Bill,26-Week,2017-11-13,2017-11-16,2018-05-17,99.312444,36000021800
912796LB3,Bill,4-Week,2017-11-07,2017-11-09,2017-12-07,99.9195,50000105900
912796PD5,Bill,52-Week,2017-11-07,2017-11-09,2018-11-08,98.4985,20000038100
912796NR6,Bill,13-Week,2017-11-06,2017-11-09,2018-02-08,99.700458,42000237700
912796PF0,Bill,26-Week,2017-11-06,2017-11-09,2018-05-10,99.342778,36000081400
912796ME6,Bill,4-Week,2017-10-31,2017-11-02,2017-11-30,99.920667,50000401100
912796LJ6,Bill,13-Week,2017-10-30,2017-11-02,2018-02-01,99.714361,42000005800
912796PC7,Bill,26-Week,2017-10-30,2017-11-02,2018-05-03,99.363,36000355000
912796RX9,Bill,37-Day,2017-10-30,2017-11-01,2017-12-08,99.894139,50000494500
912796MD8,Bill,4-Week,2017-10-24,2017-10-26,2017-11-24,99.919042,45000054700
912796NP0,Bill,13-Week,2017-10-23,2017-10-26,2018-01-25,99.720681,42000076800
912796LX5,Bill,26-Week,2017-10-23,2017-10-26,2018-04-26,99.370583,36000038000
912796MC0,Bill,4-Week,2017-10-17,2017-10-19,2017-11-16,99.922611,40000165700
912796NN5,Bill,13-Week,2017-10-16,2017-10-19,2018-01-18,99.724472,42000292200
912796PB9,Bill,26-Week,2017-10-16,2017-10-19,2018-04-19,99.373111,36000343500
912796KX6,Bill,4-Week,2017-10-10,2017-10-12,2017-11-09,99.921056,35000026900
912796ML0,Bill,13-Week,2017-10-10,2017-10-12,2018-01-11,99.725736,42000316100
912796PA1,Bill,26-Week,2017-10-10,2017-10-12,2018-04-12,99.383222,36000360000
912796NZ8,Bill,52-Week,2017-10-10,2017-10-12,2018-10-11,98.619833,20000056100
912796MA4,Bill,4-Week,2017-10-03,2017-10-05,2017-11-02,99.923778,35000350000
912796LC1,Bill,13-Week,2017-10-02,2017-10-05,2018-01-04,99.734583,42000056800
912796NY1,Bill,26-Week,2017-10-02,2017-10-05,2018-04-05,99.398389,36000286400
912796LZ0,Bill,4-Week,2017-09-26,2017-09-28,2017-10-26,99.924556,35000206100
912796MJ5,Bill,13-Week,2017-09-25,2017-09-28,2017-12-28,99.734583,42000519500
912796LS6,Bill,26-Week,2017-09-25,2017-09-28,2018-03-29,99.4085,36000632800
912796LY3,Bill,4-Week,2017-09-19,2017-09-21,2017-10-19,99.925333,35000314400
912796MH9,Bill,13-Week,2017-09-18,2017-09-21,2017-12-21,99.735847,42000411800
912796NX3,Bill,26-Week,2017-09-18,2017-09-21,2018-03-22,99.403444,36000337300
912796KR9,Bill,4-Week,2017-09-12,2017-09-14,2017-10-12,99.924556,35000263000
912796NV7,Bill,52-Week,2017-09-12,2017-09-14,2018-09-13,98.746222,20000305500
912796MG1,Bill,13-Week,2017-09-11,2017-09-14,2017-12-14,99.738375,39000560800
912796NW5,Bill,26-Week,2017-09-11,2017-09-14,2018-03-15,99.423667,33000394900
912796RL5,Bill,7-Day,2017-09-08,2017-09-08,2017-09-15,99.980361,20000250000
912796RL5,Bill,8-Day,2017-09-05,2017-09-07,2017-09-15,99.977556,25000358000
912796LW7,Bill,4-Week,2017-09-05,2017-09-07,2017-10-05,99.898889,20000002500
912796LB3,Bill,13-Week,2017-09-05,2017-09-07,2017-12-07,99.742167,39000018400
912796NU9,Bill,26-Week,2017-09-05,2017-09-07,2018-03-08,99.436306,33000280900
912796RK7,Bill,123-Day,2017-08-29,2017-09-01,2018-01-02,99.637833,40000684000
912796LV9,Bill,4-Week,2017-08-29,2017-08-31,2017-09-28,99.925333,25000123800
912796ME6,Bill,13-Week,2017-08-28,2017-08-31,2017-11-30,99.742167,39000554700
912796LN7,Bill,26-Week,2017-08-28,2017-08-31,2018-03-01,99.436306,33000254600
912796LU1,Bill,4-Week,2017-08-22,2017-08-24,2017-09-21,99.926889,30000210800
912796MD8,Bill,13-Week,2017-08-21,2017-08-24,2017-11-24,99.744444,39000606600
912796NT2,Bill,26-Week,2017-08-21,2017-08-24,2018-02-22,99.436306,33000037600
912796KL2,Bill,4-Week,2017-08-15,2017-08-17,2017-09-14,99.926889,35000160400
912796NQ8,Bill,52-Week,2017-08-15,2017-08-17,2018-08-16,98.756333,20000099900
912796MC0,Bill,13-Week,2017-08-14,2017-08-17,2017-11-16,99.743431,39000962300
912796NS4,Bill,26-Week,2017-08-14,2017-08-17,2018-02-15,99.436306,33000053200
912796LT4,Bill,4-Week,2017-08-08,2017-08-10,2017-09-07,99.923389,45000064500
912796KX6,Bill,13-Week,2017-08-07,2017-08-10,2017-11-09,99.737111,39001463300
912796NR6,Bill,26-Week,2017-08-07,2017-08-10,2018-02-08,99.423667,33000179700
912796LR8,Bill,4-Week,2017-08-01,2017-08-03,2017-08-31,99.923,45000412100
912796MA4,Bill,13-Week,2017-07-31,2017-08-03,2017-11-02,99.729528,39000406800
912796LJ6,Bill,26-Week,2017-07-31,2017-08-03,2018-02-01,99.428722,33000379700
912796RE1,Bill,14-Day,2017-07-27,2017-08-01,2017-08-15,99.960722,20000164000
912796LQ0,Bill,4-Week,2017-07-25,2017-07-27,2017-08-24,99.923778,45000058700
912796LZ0,Bill,13-Week,2017-07-24,2017-07-27,2017-10-26,99.701722,39000064400
912796NP0,Bill,26-Week,2017-07-24,2017-07-27,2018-01-25,99.428722,33000014500
912796KF5,Bill,4-Week,2017-07-18,2017-07-20,2017-08-17,99.925722,45000090400
912796MK2,Bill,52-Week,2017-07-18,2017-07-20,2018-07-19,98.796778,20000064700
912796LY3,Bill,13-Week,2017-07-17,2017-07-20,2017-10-19,99.734583,39000403700
912796NN5,Bill,26-Week,2017-07-17,2017-07-20,2018-01-18,99.441361,33000445100
912796LP2,Bill,4-Week,2017-07-11,2017-07-13,2017-08-10,99.926111,40000475500
912796KR9,Bill,13-Week,2017-07-10,2017-07-13,2017-10-12,99.737111,39000110900
912796ML0,Bill,26-Week,2017-07-10,2017-07-13,2018-01-11,99.43125,33000075800
912796LM9,Bill,4-Week,2017-07-03,2017-07-06,2017-08-03,99.926111,40000255400
912796LW7,Bill,13-Week,2017-07-03,2017-07-06,2017-10-05,99.735847,39000108800
912796LC1,Bill,26-Week,2017-07-03,2017-07-06,2018-01-04,99.428722,33000066000
912796LL1,Bill,4-Week,2017-06-27,2017-06-29,2017-07-27,99.930778,40000012900
912796LV9,Bill,13-Week,2017-06-26,2017-06-29,2017-09-28,99.747222,39000069400
912796MJ5,Bill,26-Week,2017-06-26,2017-06-29,2017-12-28,99.438833,33000238300
912796KB4,Bill,4-Week,2017-06-20,2017-06-22,2017-07-20,99.933889,35000269400
912796MF3,Bill,52-Week,2017-06-20,2017-06-22,2018-06-21,98.7715,20000000100
912796LU1,Bill,13-Week,2017-06-19,2017-06-22,2017-09-21,99.744694,39000375300
912796MH9,Bill,26-Week,2017-06-19,2017-06-22,2017-12-21,99.433778,33000070600
912796LK3,Bill,4-Week,2017-06-13,2017-06-15,2017-07-13,99.931167,35000011500
912796KL2,Bill,13-Week,2017-06-12,2017-06-15,2017-09-14,99.74975,39000272500
912796MG1,Bill,26-Week,2017-06-12,2017-06-15,2017-12-14,99.443889,33000002700
912796LG2,Bill,4-Week,2017-06-06,2017-06-08,2017-07-06,99.934667,40000467100
912796LT4,Bill,13-Week,2017-06-05,2017-06-08,2017-09-07,99.752278,39000098900
912796LB3,Bill,26-Week,2017-06-05,2017-06-08,2017-12-07,99.459056,33000970000
912796LE7,Bill,14-Day,2017-05-30,2017-06-01,2017-06-15,99.971417,25000075000
912796LF4,Bill,4-Week,2017-05-30,2017-06-01,2017-06-29,99.934667,45000146800
912796LR8,Bill,13-Week,2017-05-30,2017-06-01,2017-08-31,99.757333,39000134400
912796ME6,Bill,26-Week,2017-05-30,2017-06-01,2017-11-30,99.464111,33000471600
912796JX8,Bill,4-Week,2017-05-23,2017-05-25,2017-06-22,99.942833,55000121300
912796MB2,Bill,52-Week,2017-05-23,2017-05-25,2018-05-24,98.842278,20000017500
912796LQ0,Bill,13-Week,2017-05-22,2017-05-25,2017-08-24,99.767444,39000285100
912796MD8,Bill,26-Week,2017-05-22,2017-05-25,2017-11-24,99.46625,33000196500
912796LE7,Bill,4-Week,2017-05-16,2017-05-18,2017-06-15,99.945944,55000010200
912796KF5,Bill,13-Week,2017-05-15,2017-05-18,2017-08-17,99.771236,39000216000
912796MC0,Bill,26-Week,2017-05-15,2017-05-18,2017-11-16,99.484333,33000582000
912796LD9,Bill,4-Week,2017-05-09,2017-05-11,2017-06-08,99.944778,55000590700
912796LP2,Bill,13-Week,2017-05-08,2017-05-11,2017-08-10,99.7725,39000185000
912796KX6,Bill,26-Week,2017-05-08,2017-05-11,2017-11-09,99.486861,33000163900
912796LA5,Bill,4-Week,2017-05-02,2017-05-04,2017-06-01,99.943611,55000107800
912796LM9,Bill,13-Week,2017-05-01,2017-05-04,2017-08-03,99.786403,39000134900
912796MA4,Bill,26-Week,2017-05-01,2017-05-04,2017-11-02,99.507083,33000081500
912796JT7,Bill,4-Week,2017-04-25,2017-04-27,2017-05-25,99.942833,60000745100
912796LX5,Bill,52-Week,2017-04-25,2017-04-27,2018-04-26,98.928222,20000121900
912796LL1,Bill,13-Week,2017-04-24,2017-04-27,2017-07-27,99.792722,39000241400
912796LZ0,Bill,26-Week,2017-04-24,2017-04-27,2017-10-26,99.517194,33000347400
912796KZ1,Bill,4-Week,2017-04-18,2017-04-20,2017-05-18,99.941667,55000521500
912796KB4,Bill,13-Week,2017-04-17,2017-04-20,2017-07-20,99.792722,39000178300
912796LY3,Bill,26-Week,2017-04-17,2017-04-20,2017-10-19,99.52225,33000103700
912796KY4,Bill,4-Week,2017-04-11,2017-04-13,2017-05-11,99.940889,55000213800
912796LK3,Bill,13-Week,2017-04-10,2017-04-13,2017-07-13,99.791458,39000151500
912796KR9,Bill,26-Week,2017-04-10,2017-04-13,2017-10-12,99.519722,33000071600
912796KZ1,Bill,37-Day,2017-04-07,2017-04-11,2017-05-18,99.926,25000400
912796KU2,Bill,4-Week,2017-04-04,2017-04-06,2017-05-04,99.940889,55000171400
912796LG2,Bill,13-Week,2017-04-03,2017-04-06,2017-07-06,99.800306,39000362100
912796LW7,Bill,26-Week,2017-04-03,2017-04-06,2017-10-05,99.539944,33000152000
912796JP5,Bill,4-Week,2017-03-28,2017-03-30,2017-04-27,99.942056,55000250100
912796LS6,Bill,52-Week,2017-03-28,2017-03-30,2018-03-29,98.963611,20000051300
912796LF4,Bill,13-Week,2017-03-27,2017-03-30,2017-06-29,99.802833,39000341500
912796LV9,Bill,26-Week,2017-03-27,2017-03-30,2017-09-28,99.542472,33000096300
912796KT5,Bill,4-Week,2017-03-21,2017-03-23,2017-04-20,99.942056,55000323800
912796JX8,Bill,13-Week,2017-03-20,2017-03-23,2017-06-22,99.807889,39000374800
912796LU1,Bill,26-Week,2017-03-20,2017-03-23,2017-09-21,99.550056,33000140100
912796KS7,Bill,4-Week,2017-03-14,2017-03-16,2017-04-13,99.940111,55001580200
912796KT5,Bill,35-Day,2017-03-14,2017-03-16,2017-04-20,99.924167,35000309600
912796LE7,Bill,13-Week,2017-03-13,2017-03-16,2017-06-15,99.802833,36000525400
912796KL2,Bill,26-Week,2017-03-13,2017-03-16,2017-09-14,99.539944,30000100700
912796JP5,Bill,44-Day,2017-03-13,2017-03-14,2017-04-27,99.905889,33000528000
912796QG7,Bill,6-Day,2017-03-07,2017-03-09,2017-03-15,99.991417,20000000000
912796KQ1,Bill,4-Week,2017-03-07,2017-03-09,2017-04-06,99.955667,15000462900
912796LD9,Bill,13-Week,2017-03-06,2017-03-09,2017-06-08,99.811681,30000021600
912796LT4,Bill,26-Week,2017-03-06,2017-03-09,2017-09-07,99.577861,24000321800
912796JJ9,Bill,4-Week,2017-02-28,2017-03-02,2017-03-30,99.968889,18000106000
912796LN7,Bill,52-Week,2017-02-28,2017-03-02,2018-03-01,99.140556,20000045700
912796LA5,Bill,13-Week,2017-02-27,2017-03-02,2017-06-01,99.869819,34000082100
912796LR8,Bill,26-Week,2017-02-27,2017-03-02,2017-08-31,99.661278,28000300500
912796KP3,Bill,4-Week,2017-02-21,2017-02-23,2017-03-23,99.962667,35000644500
912796JT7,Bill,13-Week,2017-02-21,2017-02-23,2017-05-25,99.864764,34000193800
912796LQ0,Bill,26-Week,2017-02-21,2017-02-23,2017-08-24,99.661278,28000177000
912796KN8,Bill,4-Week,2017-02-14,2017-02-16,2017-03-16,99.959944,45000351400
912796KZ1,Bill,13-Week,2017-02-13,2017-02-16,2017-05-18,99.8635,34000192400
912796KF5,Bill,26-Week,2017-02-13,2017-02-16,2017-08-17,99.673917,28000110800
912796KM0,Bill,4-Week,2017-02-07,2017-02-09,2017-03-09,99.958778,45000287400
912796QG7,Bill,34-Day,2017-02-07,2017-02-09,2017-03-15,99.950417,50000740500
912796KY4,Bill,13-Week,2017-02-06,2017-02-09,2017-05-11,99.866028,34000166100
912796LP2,Bill,26-Week,2017-02-06,2017-02-09,2017-08-10,99.686556,28000354700
912796JE0,Bill,4-Week,2017-01-31,2017-02-02,2017-03-02,99.961889,45000618500
912796LJ6,Bill,52-Week,2017-01-31,2017-02-02,2018-02-01,99.181,20000281400
912796KU2,Bill,13-Week,2017-01-30,2017-02-02,2017-05-04,99.869819,34000157700
912796LM9,Bill,26-Week,2017-01-30,2017-02-02,2017-08-03,99.684028,28000085900
912796KJ7,Bill,4-Week,2017-01-24,2017-01-26,2017-02-23,99.962667,45000402400
912796JP5,Bill,13-Week,2017-01-23,2017-01-26,2017-04-27,99.872347,34000019200
912796LL1,Bill,26-Week,2017-01-23,2017-01-26,2017-07-27,99.696667,28000130400
912796KH1,Bill,4-Week,2017-01-17,2017-01-19,2017-02-16,99.959556,45000398000
912796KT5,Bill,13-Week,2017-01-17,2017-01-19,2017-04-20,99.866028,34000198800
912796KB4,Bill,26-Week,2017-01-17,2017-01-19,2017-07-20,99.694139,28000150400
912796KG3,Bill,4-Week,2017-01-10,2017-01-12,2017-02-09,99.961111,45000347500
912796KS7,Bill,13-Week,2017-01-09,2017-01-12,2017-04-13,99.871083,34000414200
912796LK3,Bill,26-Week,2017-01-09,2017-01-12,2017-07-13,99.701722,28000463800
912796JA8,Bill,4-Week,2017-01-03,2017-01-05,2017-02-02,99.963056,45000117300
912796KQ1,Bill,13-Week,2017-01-03,2017-01-05,2017-04-06,99.866028,34000247600
912796LG2,Bill,26-Week,2017-01-03,2017-01-05,2017-07-06,99.6815,28000692800
912796LC1,Bill,52-Week,2017-01-03,2017-01-05,2018-01-04,99.120333,20000056700
912796KE8,Bill,4-Week,2016-12-27,2016-12-29,2017-01-26,99.962278,50000149200
912796JJ9,Bill,13-Week,2016-12-27,2016-12-29,2017-03-30,99.859708,34000040700
912796LF4,Bill,26-Week,2016-12-27,2016-12-29,2017-06-29,99.666333,28000165800
912796KD0,Bill,4-Week,2016-12-20,2016-12-22,2017-01-19,99.961889,55000177900
912796KP3,Bill,13-Week,2016-12-19,2016-12-22,2017-03-23,99.869819,34000062900
912796JX8,Bill,26-Week,2016-12-19,2016-12-22,2017-06-22,99.673917,28000019900
912796KC2,Bill,4-Week,2016-12-13,2016-12-15,2017-01-12,99.962667,45000210100
912796KN8,Bill,13-Week,2016-12-12,2016-12-15,2017-03-16,99.866028,34000554000
912796LE7,Bill,26-Week,2016-12-12,2016-12-15,2017-06-15,99.673917,28000145700
912796HV4,Bill,4-Week,2016-12-06,2016-12-08,2017-01-05,99.973556,45000134700
912796LB3,Bill,52-Week,2016-12-06,2016-12-08,2017-12-07,99.160778,20000042500
912796KM0,Bill,13-Week,2016-12-05,2016-12-08,2017-03-09,99.876139,34000094300
912796LD9,Bill,26-Week,2016-12-05,2016-12-08,2017-06-08,99.689083,28000088400
912796KA6,Bill,4-Week,2016-11-29,2016-12-01,2016-12-29,99.971611,45000042900
912796JE0,Bill,13-Week,2016-11-28,2016-12-01,2017-03-02,99.876139,36000040400
912796LA5,Bill,26-Week,2016-11-28,2016-12-01,2017-06-01,99.691611,30000601400
912796JZ3,Bill,4-Week,2016-11-22,2016-11-25,2016-12-22,99.9745,55000431700
912796KJ7,Bill,13-Week,2016-11-21,2016-11-25,2017-02-23,99.88,39000368000
912796JT7,Bill,26-Week,2016-11-21,2016-11-25,2017-05-25,99.695819,33000461900
912796JY6,Bill,4-Week,2016-11-15,2016-11-17,2016-12-15,99.976278,65000250200
912796KH1,Bill,13-Week,2016-11-14,2016-11-17,2017-02-16,99.869819,42000001000
912796KZ1,Bill,26-Week,2016-11-14,2016-11-17,2017-05-18,99.684028,36000038100
912796HU6,Bill,4-Week,2016-11-08,2016-11-10,2016-12-08,99.979,65000298500
912796KX6,Bill,52-Week,2016-11-08,2016-11-10,2017-11-09,99.297278,20000035700
912796KG3,Bill,13-Week,2016-11-07,2016-11-10,2017-02-09,99.893833,42000108700
912796KY4,Bill,26-Week,2016-11-07,2016-11-10,2017-05-11,99.729528,36000171200
912796JW0,Bill,4-Week,2016-11-01,2016-11-03,2016-12-01,99.981333,55000294500
912796JA8,Bill,13-Week,2016-10-31,2016-11-03,2017-02-02,99.911528,42000260800
912796KU2,Bill,26-Week,2016-10-31,2016-11-03,2017-05-04,99.747222,36000347100
912796JV2,Bill,4-Week,2016-10-25,2016-10-27,2016-11-25,99.980667,50000020900
912796KE8,Bill,13-Week,2016-10-24,2016-10-27,2017-01-26,99.914056,42000485200
912796JP5,Bill,26-Week,2016-10-24,2016-10-27,2017-04-27,99.759861,36000025900
912796JU4,Bill,4-Week,2016-10-18,2016-10-20,2016-11-17,99.980944,45000143800
912796KD0,Bill,13-Week,2016-10-17,2016-10-20,2017-01-19,99.914056,42000046100
912796KT5,Bill,26-Week,2016-10-17,2016-10-20,2017-04-20,99.762389,36000209600
912796HQ5,Bill,4-Week,2016-10-11,2016-10-13,2016-11-10,99.979389,40000210500
912796KC2,Bill,13-Week,2016-10-11,2016-10-13,2017-01-12,99.909,42000460700
912796KS7,Bill,26-Week,2016-10-11,2016-10-13,2017-04-13,99.74975,36000030400
912796KR9,Bill,52-Week,2016-10-11,2016-10-13,2017-10-12,99.312444,20000186300
912796JS9,Bill,4-Week,2016-10-04,2016-10-06,2016-11-03,99.979778,40000479600
912796HV4,Bill,13-Week,2016-10-03,2016-10-06,2017-01-05,99.921639,42000145400
912796KQ1,Bill,26-Week,2016-10-03,2016-10-06,2017-04-06,99.752278,36000013900
912796JR1,Bill,4-Week,2016-09-27,2016-09-29,2016-10-27,99.987556,40000025100
912796KA6,Bill,13-Week,2016-09-26,2016-09-29,2016-12-29,99.936806,40000413300
912796JJ9,Bill,26-Week,2016-09-26,2016-09-29,2017-03-30,99.787667,36000330900
912796JQ3,Bill,4-Week,2016-09-20,2016-09-22,2016-10-20,99.986,35000053600
912796JZ3,Bill,13-Week,2016-09-19,2016-09-22,2016-12-22,99.922903,40000060400
912796KP3,Bill,26-Week,2016-09-19,2016-09-22,2017-03-23,99.747222,36000014200
912796HJ1,Bill,4-Week,2016-09-13,2016-09-15,2016-10-13,99.980556,35000399800
912796KL2,Bill,52-Week,2016-09-13,2016-09-15,2017-09-14,99.363,20000268900
912796JY6,Bill,13-Week,2016-09-12,2016-09-15,2016-12-15,99.905208,40000298700
912796KN8,Bill,26-Week,2016-09-12,2016-09-15,2017-03-16,99.727,36000020000
912796JN0,Bill,4-Week,2016-09-06,2016-09-08,2016-10-06,99.980556,40000899800
912796HU6,Bill,13-Week,2016-09-06,2016-09-08,2016-12-08,99.915319,40000358200
912796KM0,Bill,26-Week,2016-09-06,2016-09-08,2017-03-09,99.762389,36000453800
912796JM2,Bill,4-Week,2016-08-30,2016-09-01,2016-09-29,99.980167,45000211000
912796JW0,Bill,13-Week,2016-08-29,2016-09-01,2016-12-01,99.915319,40000255100
912796JE0,Bill,26-Week,2016-08-29,2016-09-01,2017-03-02,99.757333,34000013100
912796JL4,Bill,4-Week,2016-08-23,2016-08-25,2016-09-22,99.978611,55000584000
912796JV2,Bill,13-Week,2016-08-22,2016-08-25,2016-11-25,99.920778,40000107500
912796KJ7,Bill,26-Week,2016-08-22,2016-08-25,2017-02-23,99.7725,34000225200
912796CP2,Bill,7-Day,2016-08-17,2016-08-17,2016-08-24,99.996111,25000400
912796HE2,Bill,4-Week,2016-08-16,2016-08-18,2016-09-15,99.978611,55000651300
912796KF5,Bill,52-Week,2016-08-16,2016-08-18,2017-08-17,99.423667,20000038300
912796JU4,Bill,13-Week,2016-08-15,2016-08-18,2016-11-17,99.924167,40000074400
912796KH1,Bill,26-Week,2016-08-15,2016-08-18,2017-02-16,99.775028,34000098400
912796JK6,Bill,4-Week,2016-08-09,2016-08-11,2016-09-08,99.979,55000493200
912796HQ5,Bill,13-Week,2016-08-08,2016-08-11,2016-11-10,99.922903,40000316100
912796KG3,Bill,26-Week,2016-08-08,2016-08-11,2017-02-09,99.777556,34000121200
912796JH3,Bill,4-Week,2016-08-02,2016-08-04,2016-09-01,99.979778,50000033100
912796JS9,Bill,13-Week,2016-08-01,2016-08-04,2016-11-03,99.927958,37000248100
912796JA8,Bill,26-Week,2016-08-01,2016-08-04,2017-02-02,99.800306,32000210800
912796JG5,Bill,4-Week,2016-07-26,2016-07-28,2016-08-25,99.979,45000075600
912796JR1,Bill,13-Week,2016-07-25,2016-07-28,2016-10-27,99.919111,37000622500
912796KE8,Bill,26-Week,2016-07-25,2016-07-28,2017-01-26,99.785139,32000098700
912796HA0,Bill,4-Week,2016-07-19,2016-07-21,2016-08-18,99.978611,45000109800
912796KB4,Bill,52-Week,2016-07-19,2016-07-21,2017-07-20,99.443889,20000223100
912796JQ3,Bill,13-Week,2016-07-18,2016-07-21,2016-10-20,99.919111,37000410700
912796KD0,Bill,26-Week,2016-07-18,2016-07-21,2017-01-19,99.782611,32000584300
912796JF7,Bill,4-Week,2016-07-12,2016-07-14,2016-08-11,99.977444,45000227700
912796HJ1,Bill,13-Week,2016-07-11,2016-07-14,2016-10-13,99.921639,37000085300
912796KC2,Bill,26-Week,2016-07-11,2016-07-14,2017-01-12,99.802833,32000415700
912796JD2,Bill,4-Week,2016-07-05,2016-07-07,2016-08-04,99.978611,45000447400
912796JN0,Bill,13-Week,2016-07-05,2016-07-07,2016-10-06,99.93175,34000423400
912796HV4,Bill,26-Week,2016-07-05,2016-07-07,2017-01-05,99.828111,29000322200
912796JC4,Bill,4-Week,2016-06-28,2016-06-30,2016-07-28,99.979778,50000398800
912796JM2,Bill,13-Week,2016-06-27,2016-06-30,2016-09-29,99.934278,31000008700
912796KA6,Bill,26-Week,2016-06-27,2016-06-30,2016-12-29,99.828111,26000026900
912796GW3,Bill,4-Week,2016-06-21,2016-06-23,2016-07-21,99.980556,50000469800
912796JX8,Bill,52-Week,2016-06-21,2016-06-23,2017-06-22,99.433778,20000110900
912796JL4,Bill,13-Week,2016-06-20,2016-06-23,2016-09-22,99.93175,31000040100
912796JZ3,Bill,26-Week,2016-06-20,2016-06-23,2016-12-22,99.797778,26000331400
912796JB6,Bill,4-Week,2016-06-14,2016-06-16,2016-07-14,99.981333,45000017200
912796HE2,Bill,13-Week,2016-06-13,2016-06-16,2016-09-15,99.93175,31000247700
912796JY6,Bill,26-Week,2016-06-13,2016-06-16,2016-12-15,99.797778,26000185200
912796HZ5,Bill,4-Week,2016-06-07,2016-06-09,2016-07-07,99.985222,40000364700
912796JK6,Bill,13-Week,2016-06-06,2016-06-09,2016-09-08,99.927958,31000267400
912796HU6,Bill,26-Week,2016-06-06,2016-06-09,2016-12-08,99.782611,26000088900
912796HY8,Bill,4-Week,2016-05-31,2016-06-02,2016-06-30,99.979389,40000038300
912796JH3,Bill,13-Week,2016-05-31,2016-06-02,2016-09-01,99.914056,31000310300
912796JW0,Bill,26-Week,2016-05-31,2016-06-02,2016-12-01,99.759861,26000065700
912796GS2,Bill,4-Week,2016-05-24,2016-05-26,2016-06-23,99.979389,45000751000
912796JT7,Bill,52-Week,2016-05-24,2016-05-26,2017-05-25,99.307389,20000102500
912796JG5,Bill,13-Week,2016-05-23,2016-05-26,2016-08-25,99.911528,31000354600
912796JV2,Bill,26-Week,2016-05-23,2016-05-26,2016-11-25,99.756,26000308100
912796HX0,Bill,4-Week,2016-05-17,2016-05-19,2016-06-16,99.981333,45000317600
912796HA0,Bill,13-Week,2016-05-16,2016-05-19,2016-08-18,99.930486,31000094800
912796JU4,Bill,26-Week,2016-05-16,2016-05-19,2016-11-17,99.812944,26000619000
912796HW2,Bill,4-Week,2016-05-10,2016-05-12,2016-06-09,99.980944,45000056000
912796JF7,Bill,13-Week,2016-05-09,2016-05-12,2016-08-11,99.939333,31000408400
912796HQ5,Bill,26-Week,2016-05-09,2016-05-12,2016-11-10,99.807889,26000196500
912796HT9,Bill,4-Week,2016-05-03,2016-05-05,2016-06-02,99.986778,40000070800
912796JD2,Bill,13-Week,2016-05-02,2016-05-05,2016-08-04,99.944389,28000108600
912796JS9,Bill,26-Week,2016-05-02,2016-05-05,2016-11-03,99.800306,24000139700
912796GN3,Bill,4-Week,2016-04-26,2016-04-28,2016-05-26,99.985222,35000259300
912796JP5,Bill,52-Week,2016-04-26,2016-04-28,2017-04-27,99.388278,20000167000
912796JC4,Bill,13-Week,2016-04-25,2016-04-28,2016-07-28,99.936806,28000577900
912796JR1,Bill,26-Week,2016-04-25,2016-04-28,2016-10-27,99.797778,24000219200
912796HS1,Bill,4-Week,2016-04-19,2016-04-21,2016-05-19,99.986389,35000400300
912796GW3,Bill,13-Week,2016-04-18,2016-04-21,2016-07-21,99.944389,28000680100
912796JQ3,Bill,26-Week,2016-04-18,2016-04-21,2016-10-20,99.823056,24000081300
912796HR3,Bill,4-Week,2016-04-12,2016-04-14,2016-05-12,99.984444,35001014400
912796JB6,Bill,13-Week,2016-04-11,2016-04-14,2016-07-14,99.941861,28000052200
912796HJ1,Bill,26-Week,2016-04-11,2016-04-14,2016-10-13,99.823056,24000241300
912796HN2,Bill,4-Week,2016-04-05,2016-04-07,2016-05-05,99.985611,35000150500
912796HZ5,Bill,13-Week,2016-04-04,2016-04-07,2016-07-07,99.940597,28000063300
912796JN0,Bill,26-Week,2016-04-04,2016-04-07,2016-10-06,99.805361,24000050300
912796GH6,Bill,4-Week,2016-03-29,2016-03-31,2016-04-28,99.984444,45000188300
912796JJ9,Bill,52-Week,2016-03-29,2016-03-31,2017-03-30,99.332667,20000055700
912796HY8,Bill,13-Week,2016-03-28,2016-03-31,2016-06-30,99.924167,31000283700
912796JM2,Bill,26-Week,2016-03-28,2016-03-31,2016-09-29,99.759861,26000245700
912796HM4,Bill,4-Week,2016-03-22,2016-03-24,2016-04-21,99.979,55001949400
912796GS2,Bill,13-Week,2016-03-21,2016-03-24,2016-06-23,99.924167,34000556600
912796JL4,Bill,26-Week,2016-03-21,2016-03-24,2016-09-22,99.777556,28000163800
912796HL6,Bill,4-Week,2016-03-15,2016-03-17,2016-04-14,99.978222,60000604800
912796HX0,Bill,13-Week,2016-03-14,2016-03-17,2016-06-16,99.915319,37000282700
912796HE2,Bill,26-Week,2016-03-14,2016-03-17,2016-09-15,99.742167,30000058300
912796HK8,Bill,4-Week,2016-03-08,2016-03-10,2016-04-07,99.978611,60000422900
912796HW2,Bill,13-Week,2016-03-07,2016-03-10,2016-06-09,99.920375,37000138900
912796JK6,Bill,26-Week,2016-03-07,2016-03-10,2016-09-08,99.759861,30000076100
912796GD5,Bill,4-Week,2016-03-01,2016-03-03,2016-03-31,99.977056,55000287100
912796JE0,Bill,52-Week,2016-03-01,2016-03-03,2017-03-02,99.332667,20000019500
912796HT9,Bill,13-Week,2016-02-29,2016-03-03,2016-06-02,99.917847,37000326900
912796JH3,Bill,26-Week,2016-02-29,2016-03-03,2016-09-01,99.757333,30000071300
912796HH5,Bill,4-Week,2016-02-23,2016-02-25,2016-03-24,99.977833,55000004100
912796GN3,Bill,13-Week,2016-02-22,2016-02-25,2016-05-26,99.919111,37000259300
912796JG5,Bill,26-Week,2016-02-22,2016-02-25,2016-08-25,99.769972,30000006300
912796HG7,Bill,4-Week,2016-02-17,2016-02-18,2016-03-17,99.979,55000156700
912796HS1,Bill,13-Week,2016-02-16,2016-02-18,2016-05-19,99.924167,37000064000
912796HA0,Bill,26-Week,2016-02-16,2016-02-18,2016-08-18,99.792722,30000358600
912796HF9,Bill,4-Week,2016-02-09,2016-02-11,2016-03-10,99.979389,55000037000
912796HR3,Bill,13-Week,2016-02-08,2016-02-11,2016-05-12,99.920375,37000105200
912796JF7,Bill,26-Week,2016-02-08,2016-02-11,2016-08-11,99.787667,30000400600
912796FZ7,Bill,4-Week,2016-02-02,2016-02-04,2016-03-03,99.979,55000243900
912796JA8,Bill,52-Week,2016-02-02,2016-02-04,2017-02-02,99.464111,18000097300
912796HN2,Bill,13-Week,2016-02-01,2016-02-04,2016-05-05,99.911528,37000357600
912796JD2,Bill,26-Week,2016-02-01,2016-02-04,2016-08-04,99.764917,30000153500
912796HD4,Bill,4-Week,2016-01-26,2016-01-28,2016-02-25,99.977056,55000423900
912796GH6,Bill,13-Week,2016-01-25,2016-01-28,2016-04-28,99.922903,34000231200
912796JC4,Bill,26-Week,2016-01-25,2016-01-28,2016-07-28,99.790194,28000300400
912796HC6,Bill,4-Week,2016-01-20,2016-01-21,2016-02-18,99.980556,50000719300
912796HM4,Bill,13-Week,2016-01-19,2016-01-21,2016-04-21,99.935542,31000153300
912796GW3,Bill,26-Week,2016-01-19,2016-01-21,2016-07-21,99.812944,26000448100
912796HB8,Bill,4-Week,2016-01-12,2016-01-14,2016-02-11,99.982889,45000005400
912796HL6,Bill,13-Week,2016-01-11,2016-01-14,2016-04-14,99.945653,28000309100
912796JB6,Bill,26-Week,2016-01-11,2016-01-14,2016-07-14,99.762389,26000399400
912796FV6,Bill,4-Week,2016-01-05,2016-01-07,2016-02-04,99.984444,45000474100
912796HV4,Bill,52-Week,2016-01-05,2016-01-07,2017-01-05,99.322556,16000162400
912796HK8,Bill,13-Week,2016-01-04,2016-01-07,2016-04-07,99.945653,28000097500
912796HZ5,Bill,26-Week,2016-01-04,2016-01-07,2016-07-07,99.747222,26000337300
912796GZ6,Bill,4-Week,2015-12-29,2015-12-31,2016-01-28,99.986778,45000112200
912796GD5,Bill,13-Week,2015-12-28,2015-12-31,2016-03-31,99.934278,28000341500
912796HY8,Bill,26-Week,2015-12-28,2015-12-31,2016-06-30,99.721944,26000665000
912796GY9,Bill,4-Week,2015-12-22,2015-12-24,2016-01-21,99.984833,45000278900
912796HH5,Bill,13-Week,2015-12-21,2015-12-24,2016-03-24,99.936806,28000012400
912796GS2,Bill,26-Week,2015-12-21,2015-12-24,2016-06-23,99.739639,26000017900
912796GX1,Bill,4-Week,2015-12-15,2015-12-17,2016-01-14,99.984056,45000349300
912796HG7,Bill,13-Week,2015-12-14,2015-12-17,2016-03-17,99.929222,28000166400
912796HX0,Bill,26-Week,2015-12-14,2015-12-17,2016-06-16,99.70425,26000184400
912796FP9,Bill,4-Week,2015-12-08,2015-12-10,2016-01-07,99.981722,45000163400
912796HU6,Bill,52-Week,2015-12-08,2015-12-10,2016-12-08,99.251778,14000153800
912796HF9,Bill,13-Week,2015-12-07,2015-12-10,2016-03-10,99.929222,28000164500
912796HW2,Bill,26-Week,2015-12-07,2015-12-10,2016-06-09,99.729528,26000233900
912796GV5,Bill,4-Week,2015-12-01,2015-12-03,2015-12-31,99.985222,45000248800
912796FZ7,Bill,13-Week,2015-11-30,2015-12-03,2016-03-03,99.945653,28000368500
912796HT9,Bill,26-Week,2015-11-30,2015-12-03,2016-06-02,99.790194,26000144700
912796GU7,Bill,4-Week,2015-11-24,2015-11-27,2015-12-24,99.991,50000961700
912796HD4,Bill,13-Week,2015-11-23,2015-11-27,2016-02-25,99.965,28000479900
912796GN3,Bill,26-Week,2015-11-23,2015-11-27,2016-05-26,99.824028,26000133100
912796GT0,Bill,4-Week,2015-11-17,2015-11-19,2015-12-17,99.994167,55000610200
912796HC6,Bill,13-Week,2015-11-16,2015-11-19,2016-02-18,99.963347,30000602300
912796HS1,Bill,26-Week,2015-11-16,2015-11-19,2016-05-19,99.833167,28000102600
912796FN4,Bill,4-Week,2015-11-10,2015-11-12,2015-12-10,99.994167,52000969900
912796HQ5,Bill,52-Week,2015-11-10,2015-11-12,2016-11-10,99.494444,12000095000
912796HB8,Bill,13-Week,2015-11-09,2015-11-12,2016-02-11,99.965875,30000010900
912796HR3,Bill,26-Week,2015-11-09,2015-11-12,2016-05-12,99.828111,28000410700
912796GR4,Bill,4-Week,2015-11-03,2015-11-05,2015-12-03,99.994556,50000821900
912796FV6,Bill,13-Week,2015-11-02,2015-11-05,2016-02-04,99.972194,28000178500
912796HN2,Bill,26-Week,2015-11-02,2015-11-05,2016-05-05,99.858444,26000461000
912796GX1,Bill,72-Day,2015-11-02,2015-11-03,2016-01-14,99.984,45000060000
912796FP9,Bill,69-Day,2015-10-29,2015-10-30,2016-01-07,99.986583,35000240000
912796GQ6,Bill,4-Week,2015-10-27,2015-10-29,2015-11-27,99.999194,5000064500
912796GZ6,Bill,13-Week,2015-10-26,2015-10-29,2016-01-28,99.994944,26000223200
912796GH6,Bill,26-Week,2015-10-26,2015-10-29,2016-04-28,99.921639,26000216500
912796GP8,Bill,4-Week,2015-10-20,2015-10-22,2015-11-19,99.990667,5000032400
912796GY9,Bill,13-Week,2015-10-19,2015-10-22,2016-01-21,99.996208,26000105100
912796HM4,Bill,26-Week,2015-10-19,2015-10-22,2016-04-21,99.944389,26000365100
912796FG9,Bill,4-Week,2015-10-14,2015-10-15,2015-11-12,100.0,5000025900
912796HJ1,Bill,52-Week,2015-10-14,2015-10-15,2016-10-13,99.792722,10000150400
912796GX1,Bill,13-Week,2015-10-13,2015-10-15,2016-01-14,100.0,20000513500
912796HL6,Bill,26-Week,2015-10-13,2015-10-15,2016-04-14,99.959556,20001010800
912796LH0,Bill,25-Day,2015-10-06,2015-10-08,2015-11-02,100.0,15006961100
912796GM5,Bill,4-Week,2015-10-06,2015-10-08,2015-11-05,100.0,8005194600
912796FP9,Bill,13-Week,2015-10-05,2015-10-08,2016-01-07,100.0,21002827500
912796HK8,Bill,26-Week,2015-10-05,2015-10-08,2016-04-07,99.967139,21000509700
912796GL7,Bill,4-Week,2015-09-29,2015-10-01,2015-10-29,100.0,10006262800
912796GV5,Bill,13-Week,2015-09-28,2015-10-01,2015-12-31,99.996208,18000058700
912796GD5,Bill,26-Week,2015-09-28,2015-10-01,2016-03-31,99.946917,18000300300
912796GK9,Bill,4-Week,2015-09-22,2015-09-24,2015-10-22,100.0,15001707300
912796GU7,Bill,13-Week,2015-09-21,2015-09-24,2015-12-24,99.998736,20000641200
912796HH5,Bill,26-Week,2015-09-21,2015-09-24,2016-03-24,99.941861,20000285800
912796FB0,Bill,4-Week,2015-09-15,2015-09-17,2015-10-15,100.0,20001073900
912796HE2,Bill,52-Week,2015-09-15,2015-09-17,2016-09-15,99.555111,20000243300
912796GT0,Bill,13-Week,2015-09-14,2015-09-17,2015-12-17,99.986097,20000146300
912796HG7,Bill,26-Week,2015-09-14,2015-09-17,2016-03-17,99.868556,20000499500
912796GG8,Bill,21-Day,2015-09-09,2015-09-10,2015-10-01,99.999125,25000520000
912796GJ2,Bill,4-Week,2015-09-09,2015-09-10,2015-10-08,99.999611,30000235600
912796FN4,Bill,13-Week,2015-09-08,2015-09-10,2015-12-10,99.981042,22000140000
912796HF9,Bill,26-Week,2015-09-08,2015-09-10,2016-03-10,99.860972,22000056000
912796GG8,Bill,4-Week,2015-09-01,2015-09-03,2015-10-01,100.0,35003024600
912796GR4,Bill,13-Week,2015-08-31,2015-09-03,2015-12-03,99.975986,24000100100
912796FZ7,Bill,26-Week,2015-08-31,2015-09-03,2016-03-03,99.8635,24000322000
912796KW8,Bill,14-Day,2015-08-31,2015-09-01,2015-09-15,99.997083,25000250000
912796GF0,Bill,4-Week,2015-08-25,2015-08-27,2015-09-24,99.9965,40000432100
912796GQ6,Bill,13-Week,2015-08-24,2015-08-27,2015-11-27,99.987222,24000295100
912796HD4,Bill,26-Week,2015-08-24,2015-08-27,2016-02-25,99.898889,24000550600
912796EX3,Bill,4-Week,2015-08-18,2015-08-20,2015-09-17,99.996889,40000422100
912796HA0,Bill,52-Week,2015-08-18,2015-08-20,2016-08-18,99.585444,22000674200
912796GP8,Bill,13-Week,2015-08-17,2015-08-20,2015-11-19,99.973458,24000162300
912796HC6,Bill,26-Week,2015-08-17,2015-08-20,2016-02-18,99.876139,24000041200
912796GE3,Bill,4-Week,2015-08-11,2015-08-13,2015-09-10,99.996111,40000096900
912796KV0,Bill,19-Day,2015-08-11,2015-08-12,2015-08-31,99.996042,25000030000
912796FG9,Bill,13-Week,2015-08-10,2015-08-13,2015-11-12,99.968403,24000143100
912796HB8,Bill,26-Week,2015-08-10,2015-08-13,2016-02-11,99.876139,24000205200
912796GC7,Bill,4-Week,2015-08-04,2015-08-06,2015-09-03,99.996111,40000142700
912796GM5,Bill,13-Week,2015-08-03,2015-08-06,2015-11-05,99.981042,24000452100
912796FV6,Bill,26-Week,2015-08-03,2015-08-06,2016-02-04,99.916583,24000048600
912796GB9,Bill,4-Week,2015-07-28,2015-07-30,2015-08-27,99.996111,40000335400
912796GL7,Bill,13-Week,2015-07-27,2015-07-30,2015-10-29,99.987361,24000409900
912796GZ6,Bill,26-Week,2015-07-27,2015-07-30,2016-01-28,99.926694,24000274600
912796ET2,Bill,4-Week,2015-07-21,2015-07-23,2015-08-20,99.997278,40001035900
912796GW3,Bill,52-Week,2015-07-21,2015-07-23,2016-07-21,99.666333,25000315700
912796GK9,Bill,13-Week,2015-07-20,2015-07-23,2015-10-22,99.992417,24000343000
912796GY9,Bill,26-Week,2015-07-20,2015-07-23,2016-01-21,99.93175,24000144000
912796GA1,Bill,4-Week,2015-07-14,2015-07-16,2015-08-13,99.998444,45000931100
912796FB0,Bill,13-Week,2015-07-13,2015-07-16,2015-10-15,99.996208,24000487700
912796GX1,Bill,26-Week,2015-07-13,2015-07-16,2016-01-14,99.949444,24000143900
912796FY0,Bill,4-Week,2015-07-07,2015-07-09,2015-08-06,99.998833,40000028900
912796GJ2,Bill,13-Week,2015-07-06,2015-07-09,2015-10-08,99.996208,24000415800
912796FP9,Bill,26-Week,2015-07-06,2015-07-09,2016-01-07,99.957028,24000322300
912796FX2,Bill,4-Week,2015-06-30,2015-07-02,2015-07-30,99.998833,30000170800
912796GG8,Bill,13-Week,2015-06-29,2015-07-02,2015-10-01,99.996208,24000395500
912796GV5,Bill,26-Week,2015-06-29,2015-07-02,2015-12-31,99.944389,24000101600
912796EN5,Bill,4-Week,2015-06-23,2015-06-25,2015-07-23,100.0,25006694500
912796GS2,Bill,52-Week,2015-06-23,2015-06-25,2016-06-23,99.706778,25000171100
912796GF0,Bill,13-Week,2015-06-22,2015-06-25,2015-09-24,99.997472,24000059800
912796GU7,Bill,26-Week,2015-06-22,2015-06-25,2015-12-24,99.959556,24000366400
912796FW4,Bill,4-Week,2015-06-16,2015-06-18,2015-07-16,100.0,25001854600
912796EX3,Bill,13-Week,2015-06-15,2015-06-18,2015-09-17,99.997472,24000166000
912796GT0,Bill,26-Week,2015-06-15,2015-06-18,2015-12-17,99.949444,24000897100
912796FT1,Bill,4-Week,2015-06-09,2015-06-11,2015-07-09,99.999611,35000506000
912796GE3,Bill,13-Week,2015-06-08,2015-06-11,2015-09-10,99.996208,24000051700
912796FN4,Bill,26-Week,2015-06-08,2015-06-11,2015-12-10,99.959556,24000228400
912796FS3,Bill,4-Week,2015-06-02,2015-06-04,2015-07-02,99.999611,35000287300
912796KK4,Bill,12-Day,2015-06-02,2015-06-03,2015-06-15,99.998333,30000105000
912796GC7,Bill,13-Week,2015-06-01,2015-06-04,2015-09-03,99.997472,24000195200
912796GR4,Bill,26-Week,2015-06-01,2015-06-04,2015-12-03,99.964611,24000963800
912796EJ4,Bill,4-Week,2015-05-27,2015-05-28,2015-06-25,99.999222,45000449000
912796GN3,Bill,52-Week,2015-05-27,2015-05-28,2016-05-26,99.742167,25000442400
912796GB9,Bill,13-Week,2015-05-26,2015-05-28,2015-08-27,99.996208,24000780500
912796GQ6,Bill,26-Week,2015-05-26,2015-05-28,2015-11-27,99.956792,24000103900
912796FR5,Bill,4-Week,2015-05-19,2015-05-21,2015-06-18,99.998833,45000082300
912796ET2,Bill,13-Week,2015-05-18,2015-05-21,2015-08-20,99.996208,24000071300
912796GP8,Bill,26-Week,2015-05-18,2015-05-21,2015-11-19,99.959556,24000039400
912796FQ7,Bill,4-Week,2015-05-12,2015-05-14,2015-06-11,99.999222,40000806200
912796GA1,Bill,13-Week,2015-05-11,2015-05-14,2015-08-13,99.994944,24000033400
912796FG9,Bill,26-Week,2015-05-11,2015-05-14,2015-11-12,99.957028,24000025300
912796FK0,Bill,4-Week,2015-05-05,2015-05-07,2015-06-04,100.0,30003407500
912796FY0,Bill,13-Week,2015-05-04,2015-05-07,2015-08-06,99.996208,24000868500
912796GM5,Bill,26-Week,2015-05-04,2015-05-07,2015-11-05,99.964611,24000424400
912796EC9,Bill,4-Week,2015-04-28,2015-04-30,2015-05-28,100.0,30000041600
912796GH6,Bill,52-Week,2015-04-28,2015-04-30,2016-04-28,99.752278,25000390800
912796FX2,Bill,13-Week,2015-04-27,2015-04-30,2015-07-30,99.994944,24000426000
912796GL7,Bill,26-Week,2015-04-27,2015-04-30,2015-10-29,99.951972,24000754900
912796FJ3,Bill,4-Week,2015-04-21,2015-04-23,2015-05-21,99.998833,30000422100
912796EN5,Bill,13-Week,2015-04-20,2015-04-23,2015-07-23,99.993681,24000436800
912796GK9,Bill,26-Week,2015-04-20,2015-04-23,2015-10-22,99.9545,24000155600
912796FH7,Bill,4-Week,2015-04-14,2015-04-16,2015-05-14,99.998833,30000000400
912796FW4,Bill,13-Week,2015-04-13,2015-04-16,2015-07-16,99.993681,24000385600
912796FB0,Bill,26-Week,2015-04-13,2015-04-16,2015-10-15,99.946917,24000207300
912796FF1,Bill,4-Week,2015-04-07,2015-04-09,2015-05-07,99.998833,30000518800
912796FT1,Bill,13-Week,2015-04-06,2015-04-09,2015-07-09,99.994944,24000364600
912796GJ2,Bill,26-Week,2015-04-06,2015-04-09,2015-10-08,99.951972,24000018100
912796DY2,Bill,4-Week,2015-03-31,2015-04-02,2015-04-30,99.996111,40000554700
912796GD5,Bill,52-Week,2015-03-31,2015-04-02,2016-03-31,99.737111,25000267500
912796FS3,Bill,13-Week,2015-03-30,2015-04-02,2015-07-02,99.991153,24000097200
912796GG8,Bill,26-Week,2015-03-30,2015-04-02,2015-10-01,99.93175,24000478900
912796FE4,Bill,4-Week,2015-03-24,2015-03-26,2015-04-23,99.998444,40000270500
912796EJ4,Bill,13-Week,2015-03-23,2015-03-26,2015-06-25,99.994944,24000142000
912796GF0,Bill,26-Week,2015-03-23,2015-03-26,2015-09-24,99.946917,24000186300
912796FD6,Bill,4-Week,2015-03-17,2015-03-19,2015-04-16,99.996111,40000587700
912796FR5,Bill,13-Week,2015-03-16,2015-03-19,2015-06-18,99.989889,26000259200
912796EX3,Bill,26-Week,2015-03-16,2015-03-19,2015-09-17,99.926694,26000281800
912796FC8,Bill,4-Week,2015-03-10,2015-03-12,2015-04-09,99.998833,40000997100
912796FQ7,Bill,13-Week,2015-03-09,2015-03-12,2015-06-11,99.996208,26000527300
912796GE3,Bill,26-Week,2015-03-09,2015-03-12,2015-09-10,99.951972,26000859300
912796DU0,Bill,4-Week,2015-03-03,2015-03-05,2015-04-02,99.999611,30000234200
912796FZ7,Bill,52-Week,2015-03-03,2015-03-05,2016-03-03,99.737111,25000275000
912796FK0,Bill,13-Week,2015-03-02,2015-03-05,2015-06-04,99.996208,26000057700
912796GC7,Bill,26-Week,2015-03-02,2015-03-05,2015-09-03,99.962083,26000259900
912796FA2,Bill,4-Week,2015-02-24,2015-02-26,2015-03-26,99.998833,40000248600
912796EC9,Bill,13-Week,2015-02-23,2015-02-26,2015-05-28,99.994944,26000132500
912796GB9,Bill,26-Week,2015-02-23,2015-02-26,2015-08-27,99.967139,26000580900
912796EZ8,Bill,4-Week,2015-02-18,2015-02-19,2015-03-19,99.999222,40000121000
912796FJ3,Bill,13-Week,2015-02-17,2015-02-19,2015-05-21,99.996208,26000662800
912796ET2,Bill,26-Week,2015-02-17,2015-02-19,2015-08-20,99.967139,26000027700
912796EY1,Bill,4-Week,2015-02-10,2015-02-12,2015-03-12,99.998833,40001374500
912796FH7,Bill,13-Week,2015-02-09,2015-02-12,2015-05-14,99.994944,26000268500
912796GA1,Bill,26-Week,2015-02-09,2015-02-12,2015-08-13,99.957028,26000080400
912796DP1,Bill,4-Week,2015-02-03,2015-02-05,2015-03-05,99.998444,40001399600
912796FV6,Bill,52-Week,2015-02-03,2015-02-05,2016-02-04,99.792722,25000231200
912796FF1,Bill,13-Week,2015-02-02,2015-02-05,2015-05-07,99.996208,26000111300
912796FY0,Bill,26-Week,2015-02-02,2015-02-05,2015-08-06,99.967139,26000440600
912796EW5,Bill,4-Week,2015-01-26,2015-01-29,2015-02-26,99.998444,30000890700
912796DY2,Bill,13-Week,2015-01-26,2015-01-29,2015-04-30,99.994944,24000354800
912796FX2,Bill,26-Week,2015-01-26,2015-01-29,2015-07-30,99.962083,24000591500
912796EV7,Bill,4-Week,2015-01-21,2015-01-22,2015-02-19,99.999611,30000665000
912796FE4,Bill,13-Week,2015-01-20,2015-01-22,2015-04-23,99.993681,24000183900
912796EN5,Bill,26-Week,2015-01-20,2015-01-22,2015-07-23,99.962083,24000428100
912796EU9,Bill,4-Week,2015-01-13,2015-01-15,2015-02-12,99.998833,30000463900
912796FD6,Bill,13-Week,2015-01-12,2015-01-15,2015-04-16,99.993681,24000093800
912796FW4,Bill,26-Week,2015-01-12,2015-01-15,2015-07-16,99.957028,24000053100
912796DG1,Bill,4-Week,2015-01-06,2015-01-08,2015-02-05,99.999222,30000519000
912796FP9,Bill,52-Week,2015-01-06,2015-01-08,2016-01-07,99.747222,25000854200
912796FC8,Bill,13-Week,2015-01-05,2015-01-08,2015-04-09,99.992417,24000099900
912796FT1,Bill,26-Week,2015-01-05,2015-01-08,2015-07-09,99.944389,24001142300
912796ER6,Bill,4-Week,2014-12-30,2015-01-02,2015-01-29,99.998875,30000102800
912796DU0,Bill,13-Week,2014-12-29,2015-01-02,2015-04-02,99.99,24000029600
912796FS3,Bill,26-Week,2014-12-29,2015-01-02,2015-07-02,99.934639,24000479000
912796EQ8,Bill,4-Week,2014-12-23,2014-12-26,2015-01-22,99.99925,30000386400
912796FA2,Bill,13-Week,2014-12-22,2014-12-26,2015-03-26,99.98625,24000254800
912796EJ4,Bill,26-Week,2014-12-22,2014-12-26,2015-06-25,99.922069,24000153400
912796EP0,Bill,4-Week,2014-12-16,2014-12-18,2015-01-15,99.998444,40000068700
912796EZ8,Bill,13-Week,2014-12-15,2014-12-18,2015-03-19,99.991153,24000497200
912796FR5,Bill,26-Week,2014-12-15,2014-12-18,2015-06-18,99.944389,26000078000
912796DF3,Bill,4-Week,2014-12-09,2014-12-11,2015-01-08,99.996889,50000971600
912796FN4,Bill,52-Week,2014-12-09,2014-12-11,2015-12-10,99.787667,25000080400
912796EY1,Bill,13-Week,2014-12-08,2014-12-11,2015-03-12,99.993681,24000356100
912796FQ7,Bill,26-Week,2014-12-08,2014-12-11,2015-06-11,99.9545,26000132600
912796EM7,Bill,4-Week,2014-12-02,2014-12-04,2015-01-02,99.997583,50000068800
912796DP1,Bill,13-Week,2014-12-01,2014-12-04,2015-03-05,99.993681,24000149300
912796FK0,Bill,26-Week,2014-12-01,2014-12-04,2015-06-04,99.962083,26001194600
912796EL9,Bill,4-Week,2014-11-25,2014-11-28,2014-12-26,99.995333,40000551900
912796EW5,Bill,13-Week,2014-11-24,2014-11-28,2015-02-26,99.995,24001138200
912796EC9,Bill,26-Week,2014-11-24,2014-11-28,2015-05-28,99.964806,28000196100
912796EK1,Bill,4-Week,2014-11-18,2014-11-20,2014-12-18,99.997278,40000312100
912796EV7,Bill,13-Week,2014-11-17,2014-11-20,2015-02-19,99.993681,24000369400
912796FJ3,Bill,26-Week,2014-11-17,2014-11-20,2015-05-21,99.964611,28000815600
912796DB2,Bill,4-Week,2014-11-12,2014-11-13,2014-12-11,99.9965,40000943900
912796FG9,Bill,52-Week,2014-11-12,2014-11-13,2015-11-12,99.858444,25000744700
912796EU9,Bill,13-Week,2014-11-10,2014-11-13,2015-02-12,99.993681,24000167200
912796FH7,Bill,26-Week,2014-11-10,2014-11-13,2015-05-14,99.969667,28000371400
912796EG0,Bill,4-Week,2014-11-04,2014-11-06,2014-12-04,99.997278,36002590400
912796DG1,Bill,13-Week,2014-11-03,2014-11-06,2015-02-05,99.994944,24000583000
912796FF1,Bill,26-Week,2014-11-03,2014-11-06,2015-05-07,99.969667,30000527300
912796EF2,Bill,4-Week,2014-10-28,2014-10-30,2014-11-28,99.998389,34000350600
912796ER6,Bill,13-Week,2014-10-27,2014-10-30,2015-01-29,99.994944,24000225800
912796DY2,Bill,26-Week,2014-10-27,2014-10-30,2015-04-30,99.972194,30000065700
912796EE5,Bill,4-Week,2014-10-21,2014-10-23,2014-11-20,99.997667,34002003500
912796EQ8,Bill,13-Week,2014-10-20,2014-10-23,2015-01-22,99.994944,24000813800
912796FE4,Bill,26-Week,2014-10-20,2014-10-23,2015-04-23,99.974722,30000556700
912796CL1,Bill,4-Week,2014-10-15,2014-10-16,2014-11-13,99.998833,33000940400
912796FB0,Bill,52-Week,2014-10-15,2014-10-16,2015-10-15,99.898889,25001197200
912796EP0,Bill,13-Week,2014-10-14,2014-10-16,2015-01-15,99.997472,24000692100
912796FD6,Bill,26-Week,2014-10-14,2014-10-16,2015-04-16,99.979778,27000764400
912796ED7,Bill,4-Week,2014-10-07,2014-10-09,2014-11-06,99.999222,32002114100
912796DF3,Bill,13-Week,2014-10-06,2014-10-09,2015-01-08,99.996208,24000638400
912796FC8,Bill,26-Week,2014-10-06,2014-10-09,2015-04-09,99.979778,24001163600
912796EB1,Bill,4-Week,2014-09-30,2014-10-02,2014-10-30,99.998444,30000293000
912796EM7,Bill,13-Week,2014-09-29,2014-10-02,2015-01-02,99.996167,24000327500
912796DU0,Bill,26-Week,2014-09-29,2014-10-02,2015-04-02,99.979778,24000126100
912796EA3,Bill,4-Week,2014-09-23,2014-09-25,2014-10-23,100.0,40002761100
912796EL9,Bill,13-Week,2014-09-22,2014-09-25,2014-12-26,99.997444,24000319800
912796FA2,Bill,26-Week,2014-09-22,2014-09-25,2015-03-26,99.979778,23000850800
912796CF4,Bill,4-Week,2014-09-16,2014-09-18,2014-10-16,100.0,30000958500
912796EX3,Bill,52-Week,2014-09-16,2014-09-18,2015-09-17,99.878667,25000342500
912796EK1,Bill,13-Week,2014-09-15,2014-09-18,2014-12-18,99.996208,24000569400
912796EZ8,Bill,26-Week,2014-09-15,2014-09-18,2015-03-19,99.97725,23000026700
912796DZ9,Bill,4-Week,2014-09-09,2014-09-11,2014-10-09,99.999611,35000406000
912796DB2,Bill,13-Week,2014-09-08,2014-09-11,2014-12-11,99.994944,26000220200
912796EY1,Bill,26-Week,2014-09-08,2014-09-11,2015-03-12,99.97725,23000079600
912796HP7,Bill,11-Day,2014-09-03,2014-09-04,2014-09-15,99.999236,15000450000
912796DX4,Bill,4-Week,2014-09-03,2014-09-04,2014-10-02,99.998833,40000586600
912796EG0,Bill,13-Week,2014-09-02,2014-09-04,2014-12-04,99.993681,28000573700
912796DP1,Bill,26-Week,2014-09-02,2014-09-04,2015-03-05,99.974722,24000446300
912796DW6,Bill,4-Week,2014-08-26,2014-08-28,2014-09-25,99.997667,50000799200
912796EF2,Bill,13-Week,2014-08-25,2014-08-28,2014-11-28,99.992333,29000701600
912796EW5,Bill,26-Week,2014-08-25,2014-08-28,2015-02-26,99.974722,24000822600
912796CB3,Bill,4-Week,2014-08-19,2014-08-21,2014-09-18,99.997278,50001794900
912796ET2,Bill,52-Week,2014-08-19,2014-08-21,2015-08-20,99.893833,25000555100
912796EE5,Bill,13-Week,2014-08-18,2014-08-21,2014-11-20,99.992417,29000157900
912796EV7,Bill,26-Week,2014-08-18,2014-08-21,2015-02-19,99.974722,25000626400
912796DV8,Bill,4-Week,2014-08-12,2014-08-14,2014-09-11,99.996889,50001009100
912796CL1,Bill,13-Week,2014-08-11,2014-08-14,2014-11-13,99.992417,29001286300
912796EU9,Bill,26-Week,2014-08-11,2014-08-14,2015-02-12,99.974722,25001347700
912796DS5,Bill,4-Week,2014-08-05,2014-08-07,2014-09-04,99.998444,40000733500
912796ED7,Bill,13-Week,2014-08-04,2014-08-07,2014-11-06,99.993681,28000458300
912796DG1,Bill,26-Week,2014-08-04,2014-08-07,2015-02-05,99.974722,25000045500
912796DR7,Bill,4-Week,2014-07-29,2014-07-31,2014-08-28,99.997667,40000438600
912796EB1,Bill,13-Week,2014-07-28,2014-07-31,2014-10-30,99.992417,27000195600
912796ER6,Bill,26-Week,2014-07-28,2014-07-31,2015-01-29,99.972194,24000632000
912796BX6,Bill,4-Week,2014-07-22,2014-07-24,2014-08-21,99.998056,35001108700
912796EN5,Bill,52-Week,2014-07-22,2014-07-24,2015-07-23,99.888778,25000775200
912796EA3,Bill,13-Week,2014-07-21,2014-07-24,2014-10-23,99.993681,26000589200
912796EQ8,Bill,26-Week,2014-07-21,2014-07-24,2015-01-22,99.972194,24000503600
912796DQ9,Bill,4-Week,2014-07-15,2014-07-17,2014-08-14,99.998444,35001356500
912796CF4,Bill,13-Week,2014-07-14,2014-07-17,2014-10-16,99.993681,25000968900
912796EP0,Bill,26-Week,2014-07-14,2014-07-17,2015-01-15,99.969667,23001051400
912796DL0,Bill,4-Week,2014-07-08,2014-07-10,2014-08-07,99.998444,35001165900
912796DZ9,Bill,13-Week,2014-07-07,2014-07-10,2014-10-09,99.992417,25000213700
912796DF3,Bill,26-Week,2014-07-07,2014-07-10,2015-01-08,99.969667,23000323000
912796DK2,Bill,4-Week,2014-07-01,2014-07-03,2014-07-31,99.998056,30000417500
912796DX4,Bill,13-Week,2014-06-30,2014-07-03,2014-10-02,99.989889,25000751600
912796EM7,Bill,26-Week,2014-06-30,2014-07-03,2015-01-02,99.966958,23001095300
912796BT5,Bill,4-Week,2014-06-24,2014-06-26,2014-07-24,99.999222,25000159000
912796EJ4,Bill,52-Week,2014-06-24,2014-06-26,2015-06-25,99.888778,25000199600
912796DW6,Bill,13-Week,2014-06-23,2014-06-26,2014-09-25,99.993681,25000483200
912796EL9,Bill,26-Week,2014-06-23,2014-06-26,2014-12-26,99.974583,23000762000
912796DJ5,Bill,4-Week,2014-06-17,2014-06-19,2014-07-17,99.997667,30002209900
912796CB3,Bill,13-Week,2014-06-16,2014-06-19,2014-09-18,99.991153,25000847000
912796EK1,Bill,26-Week,2014-06-16,2014-06-19,2014-12-18,99.964611,23000871000
912796DH9,Bill,4-Week,2014-06-10,2014-06-12,2014-07-10,99.997667,30000321000
912796DV8,Bill,13-Week,2014-06-09,2014-06-12,2014-09-11,99.991153,25000372800
912796DB2,Bill,26-Week,2014-06-09,2014-06-12,2014-12-11,99.969667,23001351500
912796DD8,Bill,14-Day,2014-06-03,2014-06-05,2014-06-19,99.998056,25000574000
912796DE6,Bill,4-Week,2014-06-03,2014-06-05,2014-07-03,99.997278,35002627100
912796DS5,Bill,13-Week,2014-06-02,2014-06-05,2014-09-04,99.991153,25000284700
912796EG0,Bill,26-Week,2014-06-02,2014-06-05,2014-12-04,99.972194,23000441500
912796BP3,Bill,4-Week,2014-05-28,2014-05-29,2014-06-26,99.996889,45000893900
912796EC9,Bill,52-Week,2014-05-28,2014-05-29,2015-05-28,99.903944,25000029300
912796DR7,Bill,13-Week,2014-05-27,2014-05-29,2014-08-28,99.992417,25000569800
912796EF2,Bill,26-Week,2014-05-27,2014-05-29,2014-11-28,99.974583,23000582000
912796DD8,Bill,4-Week,2014-05-20,2014-05-22,2014-06-19,99.997667,45001425800
912796BX6,Bill,13-Week,2014-05-19,2014-05-22,2014-08-21,99.993681,25000644300
912796EE5,Bill,26-Week,2014-05-19,2014-05-22,2014-11-20,99.974722,23001673800
912796DC0,Bill,4-Week,2014-05-13,2014-05-15,2014-06-12,99.998056,40000322400
912796DQ9,Bill,13-Week,2014-05-12,2014-05-15,2014-08-14,99.993681,25000465900
912796CL1,Bill,26-Week,2014-05-12,2014-05-15,2014-11-13,99.974722,23000317100
912796DA4,Bill,4-Week,2014-05-06,2014-05-08,2014-06-05,99.998056,35001385900
912796DL0,Bill,13-Week,2014-05-05,2014-05-08,2014-08-07,99.993681,25000217500
912796ED7,Bill,26-Week,2014-05-05,2014-05-08,2014-11-06,99.97725,23000905200
912796BJ7,Bill,4-Week,2014-04-29,2014-05-01,2014-05-29,99.999222,25001029100
912796DY2,Bill,52-Week,2014-04-29,2014-05-01,2015-04-30,99.893833,25000475100
912796DK2,Bill,13-Week,2014-04-28,2014-05-01,2014-07-31,99.994944,25000669600
912796EB1,Bill,26-Week,2014-04-28,2014-05-01,2014-10-30,99.97725,23000717300
912796CZ0,Bill,4-Week,2014-04-22,2014-04-24,2014-05-22,99.998833,25000223500
912796BT5,Bill,13-Week,2014-04-21,2014-04-24,2014-07-24,99.992417,25000378000
912796EA3,Bill,26-Week,2014-04-21,2014-04-24,2014-10-23,99.974722,23000442000
912796CM9,Bill,4-Week,2014-04-15,2014-04-17,2014-05-15,99.998056,25001075400
912796DJ5,Bill,13-Week,2014-04-14,2014-04-17,2014-07-17,99.991153,25000653700
912796CF4,Bill,26-Week,2014-04-14,2014-04-17,2014-10-16,99.974722,23001014600
912796CK3,Bill,4-Week,2014-04-08,2014-04-10,2014-05-08,99.998056,25000867000
912796DH9,Bill,13-Week,2014-04-07,2014-04-10,2014-07-10,99.992417,25000736900
912796DZ9,Bill,26-Week,2014-04-07,2014-04-10,2014-10-09,99.974722,23000895000
912796BE8,Bill,4-Week,2014-04-01,2014-04-03,2014-05-01,99.998444,25000267400
912796DU0,Bill,52-Week,2014-04-01,2014-04-03,2015-04-02,99.873611,25000657900
912796DE6,Bill,13-Week,2014-03-31,2014-04-03,2014-07-03,99.988625,25001697500
912796DX4,Bill,26-Week,2014-03-31,2014-04-03,2014-10-02,99.967139,23000014000
912796CJ6,Bill,4-Week,2014-03-25,2014-03-27,2014-04-24,99.9965,30000059600
912796BP3,Bill,13-Week,2014-03-24,2014-03-27,2014-06-26,99.987361,25000854900
912796DW6,Bill,26-Week,2014-03-24,2014-03-27,2014-09-25,99.962083,23000966800
912796CH0,Bill,4-Week,2014-03-18,2014-03-20,2014-04-17,99.995333,35000587600
912796DD8,Bill,13-Week,2014-03-17,2014-03-20,2014-06-19,99.987361,25000665500
912796CB3,Bill,26-Week,2014-03-17,2014-03-20,2014-09-18,99.959556,23000796600
912796CG2,Bill,4-Week,2014-03-11,2014-03-13,2014-04-10,99.995722,35002186000
912796DC0,Bill,13-Week,2014-03-10,2014-03-13,2014-06-12,99.987361,25001188200
912796DV8,Bill,26-Week,2014-03-10,2014-03-13,2014-09-11,99.959556,23000300000
912796BA6,Bill,4-Week,2014-03-04,2014-03-06,2014-04-03,99.9965,35000474800
912796DP1,Bill,52-Week,2014-03-04,2014-03-06,2015-03-05,99.878667,25000044400
912796DA4,Bill,13-Week,2014-03-03,2014-03-06,2014-06-05,99.987361,25000139400
912796DS5,Bill,26-Week,2014-03-03,2014-03-06,2014-09-04,99.959556,25001167100
912796CK3,Bill,66-Day,2014-02-28,2014-03-03,2014-05-08,99.990833,20001267000
912796CE7,Bill,4-Week,2014-02-25,2014-02-27,2014-03-27,99.997278,35001303300
912796BJ7,Bill,13-Week,2014-02-24,2014-02-27,2014-05-29,99.988625,25000885700
912796DR7,Bill,26-Week,2014-02-24,2014-02-27,2014-08-28,99.962083,25000788600
912796CD9,Bill,4-Week,2014-02-19,2014-02-20,2014-03-20,99.997278,32000582000
912796CZ0,Bill,13-Week,2014-02-18,2014-02-20,2014-05-22,99.987361,30001069500
912796BX6,Bill,26-Week,2014-02-18,2014-02-20,2014-08-21,99.962083,30000842100
912796CH0,Bill,58-Day,2014-02-14,2014-02-18,2014-04-17,99.991944,45000846500
912796CC1,Bill,4-Week,2014-02-11,2014-02-13,2014-03-13,99.997667,8000163300
912796CM9,Bill,13-Week,2014-02-10,2014-02-13,2014-05-15,99.975986,42000206900
912796DQ9,Bill,26-Week,2014-02-10,2014-02-13,2014-08-14,99.944389,42000960200
912796CJ6,Bill,72-Day,2014-02-10,2014-02-11,2014-04-24,99.982,50000285000
912796AW9,Bill,4-Week,2014-02-04,2014-02-06,2014-03-06,99.989889,8000009200
912796DG1,Bill,52-Week,2014-02-04,2014-02-06,2015-02-05,99.883722,18000496200
912796CK3,Bill,13-Week,2014-02-03,2014-02-06,2014-05-08,99.989889,28000311100
912796DL0,Bill,26-Week,2014-02-03,2014-02-06,2014-08-07,99.969667,20000091900
912796CA5,Bill,4-Week,2014-01-28,2014-01-30,2014-02-27,99.996111,10000006300
912796BE8,Bill,13-Week,2014-01-27,2014-01-30,2014-05-01,99.986097,28000948900
912796DK2,Bill,26-Week,2014-01-27,2014-01-30,2014-07-31,99.967139,20000504900
912796BZ1,Bill,4-Week,2014-01-22,2014-01-23,2014-02-20,100.0,12001867300
912796CJ6,Bill,13-Week,2014-01-21,2014-01-23,2014-04-24,99.991153,28000640700
912796BT5,Bill,26-Week,2014-01-21,2014-01-23,2014-07-24,99.969667,25000456500
912796BY4,Bill,4-Week,2014-01-14,2014-01-16,2014-02-13,100.0,15003255400
912796CH0,Bill,13-Week,2014-01-13,2014-01-16,2014-04-17,99.991153,28000696900
912796DJ5,Bill,26-Week,2014-01-13,2014-01-16,2014-07-17,99.972194,26000576800
912796AR0,Bill,4-Week,2014-01-07,2014-01-09,2014-02-06,100.0,18001335400
912796DF3,Bill,52-Week,2014-01-07,2014-01-09,2015-01-08,99.873611,23000350400
912796CG2,Bill,13-Week,2014-01-06,2014-01-09,2014-04-10,99.986097,28000198600
912796DH9,Bill,26-Week,2014-01-06,2014-01-09,2014-07-10,99.959556,26000647800
912796BW8,Bill,4-Week,2013-12-30,2014-01-02,2014-01-30,99.999611,20000494000
912796BA6,Bill,13-Week,2013-12-30,2014-01-02,2014-04-03,99.983569,30000142100
912796DE6,Bill,26-Week,2013-12-30,2014-01-02,2014-07-03,99.9545,26000675000
912796BV0,Bill,4-Week,2013-12-23,2013-12-26,2014-01-23,99.999611,20000488100
912796CE7,Bill,13-Week,2013-12-23,2013-12-26,2014-03-27,99.982306,32000549500
912796BP3,Bill,26-Week,2013-12-23,2013-12-26,2014-06-26,99.9545,27001065400
912796BU2,Bill,4-Week,2013-12-17,2013-12-19,2014-01-16,99.999222,30000248000
912796CD9,Bill,13-Week,2013-12-16,2013-12-19,2014-03-20,99.983569,32000125700
912796DD8,Bill,26-Week,2013-12-16,2013-12-19,2014-06-19,99.9545,27000364500
912796AQ2,Bill,4-Week,2013-12-10,2013-12-12,2014-01-09,99.998056,40000585100
912796DB2,Bill,52-Week,2013-12-10,2013-12-12,2014-12-11,99.8635,25000195900
912796CC1,Bill,13-Week,2013-12-09,2013-12-12,2014-03-13,99.982306,32001378100
912796DC0,Bill,26-Week,2013-12-09,2013-12-12,2014-06-12,99.951972,27000187600
912796BS7,Bill,4-Week,2013-12-03,2013-12-05,2014-01-02,99.997667,45000805900
912796AW9,Bill,13-Week,2013-12-03,2013-12-05,2014-03-06,99.981042,32000444800
912796DA4,Bill,26-Week,2013-12-03,2013-12-05,2014-06-05,99.949444,27000258900
912796BR9,Bill,4-Week,2013-11-26,2013-11-29,2013-12-26,99.995125,45001048900
912796CA5,Bill,13-Week,2013-11-25,2013-11-29,2014-02-27,99.98,32000463200
912796BJ7,Bill,26-Week,2013-11-25,2013-11-29,2014-05-29,99.947208,28001024200
912796BQ1,Bill,4-Week,2013-11-19,2013-11-21,2013-12-19,99.995333,45000539400
912796BZ1,Bill,13-Week,2013-11-18,2013-11-21,2014-02-20,99.979778,32000415400
912796CZ0,Bill,26-Week,2013-11-18,2013-11-21,2014-05-22,99.949444,28001258300
912796AK5,Bill,4-Week,2013-11-13,2013-11-14,2013-12-12,99.995333,45001138400
912796CL1,Bill,52-Week,2013-11-13,2013-11-14,2014-11-13,99.8635,25001192500
912796BY4,Bill,13-Week,2013-11-12,2013-11-14,2014-02-13,99.981042,33000875200
912796CM9,Bill,26-Week,2013-11-12,2013-11-14,2014-05-15,99.951972,29000962400
912796BN8,Bill,4-Week,2013-11-05,2013-11-07,2013-12-05,99.996111,45000289000
912796AR0,Bill,13-Week,2013-11-04,2013-11-07,2014-02-06,99.987361,33001101300
912796CK3,Bill,26-Week,2013-11-04,2013-11-07,2014-05-08,99.957028,29000858500
912796BM0,Bill,4-Week,2013-10-29,2013-10-31,2013-11-29,99.995569,45000586700
912796BW8,Bill,13-Week,2013-10-28,2013-10-31,2014-01-30,99.988625,34001187300
912796BE8,Bill,26-Week,2013-10-28,2013-10-31,2014-05-01,99.959556,30000545500
912796BL2,Bill,4-Week,2013-10-22,2013-10-24,2013-11-21,99.997667,35000939200
912796BV0,Bill,13-Week,2013-10-21,2013-10-24,2014-01-23,99.991153,35000812400
912796CJ6,Bill,26-Week,2013-10-21,2013-10-24,2014-04-24,99.964611,30000726800
912796AE9,Bill,4-Week,2013-10-16,2013-10-17,2013-11-14,99.981333,20000115200
912796CJ6,Bill,189-Day,2013-10-16,2013-10-17,2014-04-24,99.929125,26000260000
912796CF4,Bill,52-Week,2013-10-16,2013-10-17,2014-10-16,99.838222,22000014800
912796BU2,Bill,13-Week,2013-10-15,2013-10-17,2014-01-16,99.967139,35000750000
912796CH0,Bill,26-Week,2013-10-15,2013-10-17,2014-04-17,99.924167,30000524100
912796FU8,Bill,5-Day,2013-10-09,2013-10-10,2013-10-15,99.995833,35000962500
912796BK4,Bill,4-Week,2013-10-08,2013-10-10,2013-11-07,99.972778,30000489000
912796AQ2,Bill,13-Week,2013-10-07,2013-10-10,2014-01-09,99.991153,35000702600
912796CG2,Bill,26-Week,2013-10-07,2013-10-10,2014-04-10,99.969667,30000745600
912796BF5,Bill,7-Day,2013-10-02,2013-10-03,2013-10-10,99.999417,20000748000
912796BH1,Bill,4-Week,2013-10-01,2013-10-03,2013-10-31,99.990667,35000155400
912796BS7,Bill,13-Week,2013-09-30,2013-10-03,2014-01-02,99.997472,25001150300
912796BA6,Bill,26-Week,2013-09-30,2013-10-03,2014-04-03,99.979778,25000647600
912796BG3,Bill,4-Week,2013-09-24,2013-09-26,2013-10-24,99.998833,35001201000
912796BR9,Bill,13-Week,2013-09-23,2013-09-26,2013-12-26,99.994944,30000071600
912796CE7,Bill,26-Week,2013-09-23,2013-09-26,2014-03-27,99.974722,25000211800
912795Z87,Bill,4-Week,2013-09-17,2013-09-19,2013-10-17,100.0,35000073600
912796CB3,Bill,52-Week,2013-09-17,2013-09-19,2014-09-18,99.878667,22000837500
912796BQ1,Bill,13-Week,2013-09-16,2013-09-19,2013-12-19,99.997472,30000136500
912796CD9,Bill,26-Week,2013-09-16,2013-09-19,2014-03-20,99.984833,25000583500
912796FM6,Bill,5-Day,2013-09-10,2013-09-12,2013-09-17,99.999444,35000712500
912796BF5,Bill,4-Week,2013-09-10,2013-09-12,2013-10-10,99.999222,35001872800
912796AK5,Bill,13-Week,2013-09-09,2013-09-12,2013-12-12,99.994944,30000571200
912796CC1,Bill,26-Week,2013-09-09,2013-09-12,2014-03-13,99.982306,25000470600
912796FL8,Bill,11-Day,2013-09-04,2013-09-05,2013-09-16,99.999083,30001195000
912796BD0,Bill,4-Week,2013-09-04,2013-09-05,2013-10-03,99.998444,50001032600
912796BN8,Bill,13-Week,2013-09-03,2013-09-05,2013-12-05,99.992417,30000720700
912796AW9,Bill,26-Week,2013-09-03,2013-09-05,2014-03-06,99.972194,25000116600
912796BB4,Bill,14-Day,2013-08-27,2013-08-29,2013-09-12,99.998639,25000550000
912796BC2,Bill,4-Week,2013-08-27,2013-08-29,2013-09-26,99.996889,50000220800
912796BM0,Bill,13-Week,2013-08-26,2013-08-29,2013-11-29,99.989778,30000962000
912796CA5,Bill,26-Week,2013-08-26,2013-08-29,2014-02-27,99.967139,25000159300
9127957K1,Bill,4-Week,2013-08-20,2013-08-22,2013-09-19,99.9965,50001094600
912796BX6,Bill,52-Week,2013-08-20,2013-08-22,2014-08-21,99.8635,25000906700
912796BL2,Bill,13-Week,2013-08-19,2013-08-22,2013-11-21,99.987361,30000850900
912796BZ1,Bill,26-Week,2013-08-19,2013-08-22,2014-02-20,99.962083,25001132400
912796AZ2,Bill,21-Day,2013-08-13,2013-08-15,2013-09-05,99.9965,25000055000
912796BB4,Bill,4-Week,2013-08-13,2013-08-15,2013-09-12,99.995722,45001187200
912796AE9,Bill,13-Week,2013-08-12,2013-08-15,2013-11-14,99.986097,30000512100
912796BY4,Bill,26-Week,2013-08-12,2013-08-15,2014-02-13,99.962083,25000504900
912796AZ2,Bill,4-Week,2013-08-06,2013-08-08,2013-09-05,99.9965,45000160800
912796BK4,Bill,13-Week,2013-08-05,2013-08-08,2013-11-07,99.989889,30000372400
912796AR0,Bill,26-Week,2013-08-05,2013-08-08,2014-02-06,99.962083,25000746100
912796AY5,Bill,4-Week,2013-07-30,2013-08-01,2013-08-29,99.997667,45000736200
912796BH1,Bill,13-Week,2013-07-29,2013-08-01,2013-10-31,99.992417,30000073000
912796BW8,Bill,26-Week,2013-07-29,2013-08-01,2014-01-30,99.967139,25000755800
9127957E5,Bill,4-Week,2013-07-23,2013-07-25,2013-08-22,99.998444,40001070900
912796BT5,Bill,52-Week,2013-07-23,2013-07-25,2014-07-24,99.883722,25001211100
912796BG3,Bill,13-Week,2013-07-22,2013-07-25,2013-10-24,99.991153,30001159300
912796BV0,Bill,26-Week,2013-07-22,2013-07-25,2014-01-23,99.964611,25000075800
912796AX7,Bill,4-Week,2013-07-16,2013-07-18,2013-08-15,99.998444,35000192900
912795Z87,Bill,13-Week,2013-07-15,2013-07-18,2013-10-17,99.989889,30000489300
912796BU2,Bill,26-Week,2013-07-15,2013-07-18,2014-01-16,99.964611,25000307700
912796AV1,Bill,4-Week,2013-07-09,2013-07-11,2013-08-08,99.998056,35000333500
912796BF5,Bill,13-Week,2013-07-08,2013-07-11,2013-10-10,99.988625,30000455300
912796AQ2,Bill,26-Week,2013-07-08,2013-07-11,2014-01-09,99.962083,25000411200
912796AU3,Bill,4-Week,2013-07-02,2013-07-05,2013-08-01,99.998875,30000268200
912796BD0,Bill,13-Week,2013-07-01,2013-07-05,2013-10-03,99.9875,30000188100
912796BS7,Bill,26-Week,2013-07-01,2013-07-05,2014-01-02,99.957264,25000648400
9127957A3,Bill,4-Week,2013-06-25,2013-06-27,2013-07-25,99.997667,30001059800
912796BP3,Bill,52-Week,2013-06-25,2013-06-27,2014-06-26,99.838222,25000203100
912796BC2,Bill,13-Week,2013-06-24,2013-06-27,2013-09-26,99.984833,30000427200
912796BR9,Bill,26-Week,2013-06-24,2013-06-27,2013-12-26,99.946917,25000706200
912796AT6,Bill,4-Week,2013-06-18,2013-06-20,2013-07-18,99.9965,30001838700
9127957K1,Bill,13-Week,2013-06-17,2013-06-20,2013-09-19,99.988625,30000282100
912796BQ1,Bill,26-Week,2013-06-17,2013-06-20,2013-12-19,99.962083,25000047000
912796AS8,Bill,4-Week,2013-06-11,2013-06-13,2013-07-11,99.996889,30000151200
912796BB4,Bill,13-Week,2013-06-10,2013-06-13,2013-09-12,99.988625,30000863200
912796AK5,Bill,26-Week,2013-06-10,2013-06-13,2013-12-12,99.959556,25000993400
912796AN9,Bill,4-Week,2013-06-04,2013-06-06,2013-07-05,99.996778,35001388400
912796AZ2,Bill,13-Week,2013-06-03,2013-06-06,2013-09-05,99.988625,30000683700
912796BN8,Bill,26-Week,2013-06-03,2013-06-06,2013-12-05,99.959556,25001574900
912796ES4,Bill,13-Day,2013-06-03,2013-06-04,2013-06-17,99.998194,30000991000
9127956W6,Bill,4-Week,2013-05-29,2013-05-30,2013-06-27,99.997667,45000085300
912796BJ7,Bill,52-Week,2013-05-29,2013-05-30,2014-05-29,99.8635,25000457100
912796AY5,Bill,13-Week,2013-05-28,2013-05-30,2013-08-29,99.988625,30001422400
912796BM0,Bill,26-Week,2013-05-28,2013-05-30,2013-11-29,99.959333,25000952300
912796AM1,Bill,4-Week,2013-05-21,2013-05-23,2013-06-20,99.997278,45000735800
9127957E5,Bill,13-Week,2013-05-20,2013-05-23,2013-08-22,99.988625,30000030400
912796BL2,Bill,26-Week,2013-05-20,2013-05-23,2013-11-21,99.957028,25001197100
912796AL3,Bill,4-Week,2013-05-14,2013-05-16,2013-06-13,99.999222,20000416600
912796AX7,Bill,13-Week,2013-05-13,2013-05-16,2013-08-15,99.988625,29001052400
912796AE9,Bill,26-Week,2013-05-13,2013-05-16,2013-11-14,99.959556,24001535600
912796AJ8,Bill,4-Week,2013-05-07,2013-05-09,2013-06-06,100.0,20000626700
912796AV1,Bill,13-Week,2013-05-06,2013-05-09,2013-08-08,99.989889,29000691200
912796BK4,Bill,26-Week,2013-05-06,2013-05-09,2013-11-07,99.962083,24000041400
9127956R7,Bill,4-Week,2013-04-30,2013-05-02,2013-05-30,99.998056,30000886700
912796BE8,Bill,52-Week,2013-04-30,2013-05-02,2014-05-01,99.893833,23001064200
912796AU3,Bill,13-Week,2013-04-29,2013-05-02,2013-08-01,99.987361,29000458800
912796BH1,Bill,26-Week,2013-04-29,2013-05-02,2013-10-31,99.959556,24000819900
912796AH2,Bill,4-Week,2013-04-23,2013-04-25,2013-05-23,99.9965,40001182600
9127957A3,Bill,13-Week,2013-04-22,2013-04-25,2013-07-25,99.987361,32000888400
912796BG3,Bill,26-Week,2013-04-22,2013-04-25,2013-10-24,99.957028,28000731500
912796AG4,Bill,4-Week,2013-04-16,2013-04-18,2013-05-16,99.996111,45000065300
912796AT6,Bill,13-Week,2013-04-15,2013-04-18,2013-07-18,99.986097,35000746800
912795Z87,Bill,26-Week,2013-04-15,2013-04-18,2013-10-17,99.9545,30000791800
912796AF6,Bill,4-Week,2013-04-09,2013-04-11,2013-05-09,99.995333,45000418400
912796AS8,Bill,13-Week,2013-04-08,2013-04-11,2013-07-11,99.983569,35000392600
912796BF5,Bill,26-Week,2013-04-08,2013-04-11,2013-10-10,99.951972,30000798000
9127956L0,Bill,4-Week,2013-04-02,2013-04-04,2013-05-02,99.994556,45001251200
912796BA6,Bill,52-Week,2013-04-02,2013-04-04,2014-04-03,99.858444,25000096400
912796AN9,Bill,13-Week,2013-04-01,2013-04-04,2013-07-05,99.980833,35001355700
912796BD0,Bill,26-Week,2013-04-01,2013-04-04,2013-10-03,99.946917,30000189800
912796AB5,Bill,4-Week,2013-03-26,2013-03-28,2013-04-25,99.994167,45000236700
9127956W6,Bill,13-Week,2013-03-25,2013-03-28,2013-06-27,99.981042,35000882000
912796BC2,Bill,26-Week,2013-03-25,2013-03-28,2013-09-26,99.946917,30000649900
912796AA7,Bill,4-Week,2013-03-19,2013-03-21,2013-04-18,99.993778,45000676900
912796AM1,Bill,13-Week,2013-03-18,2013-03-21,2013-06-20,99.978514,35000225300
9127957K1,Bill,26-Week,2013-03-18,2013-03-21,2013-09-19,99.944389,30001440000
912795Z95,Bill,4-Week,2013-03-12,2013-03-14,2013-04-11,99.992222,45000530000
912796AL3,Bill,13-Week,2013-03-11,2013-03-14,2013-06-13,99.975986,35000261100
912796BB4,Bill,26-Week,2013-03-11,2013-03-14,2013-09-12,99.941861,30000082900
9127956F3,Bill,4-Week,2013-03-05,2013-03-07,2013-04-04,99.993389,45001047700
912796AW9,Bill,52-Week,2013-03-05,2013-03-07,2014-03-06,99.848333,25000922700
912796EH8,Bill,40-Day,2013-03-05,2013-03-06,2013-04-15,99.988333,30000824000
912796AJ8,Bill,13-Week,2013-03-04,2013-03-07,2013-06-06,99.972194,35000128900
912796AZ2,Bill,26-Week,2013-03-04,2013-03-07,2013-09-05,99.939333,30001666200
912795Z61,Bill,4-Week,2013-02-26,2013-02-28,2013-03-28,99.991444,45001476200
9127956R7,Bill,13-Week,2013-02-25,2013-02-28,2013-05-30,99.968403,35000618000
912796AY5,Bill,26-Week,2013-02-25,2013-02-28,2013-08-29,99.93175,30000616600
9127957M7,Bill,4-Week,2013-02-20,2013-02-21,2013-03-21,99.991056,45000303500
912796AH2,Bill,13-Week,2013-02-19,2013-02-21,2013-05-23,99.970931,35000451100
9127957E5,Bill,26-Week,2013-02-19,2013-02-21,2013-08-22,99.934278,30000692100
912796AB5,Bill,64-Day,2013-02-19,2013-02-20,2013-04-25,99.976889,35000952000
9127957L9,Bill,4-Week,2013-02-12,2013-02-14,2013-03-14,99.993778,45000616800
912796AA7,Bill,64-Day,2013-02-12,2013-02-13,2013-04-18,99.982222,40001350000
912796AG4,Bill,13-Week,2013-02-11,2013-02-14,2013-05-16,99.978514,35000227000
912796AX7,Bill,26-Week,2013-02-11,2013-02-14,2013-08-15,99.939333,30001004200
9127956E6,Bill,4-Week,2013-02-05,2013-02-07,2013-03-07,99.994944,45001055600
912796AR0,Bill,52-Week,2013-02-05,2013-02-07,2014-02-06,99.853389,25000362600
912796AF6,Bill,13-Week,2013-02-04,2013-02-07,2013-05-09,99.982306,32000267400
912796AV1,Bill,26-Week,2013-02-04,2013-02-07,2013-08-08,99.944389,28001068100
9127957H8,Bill,4-Week,2013-01-29,2013-01-31,2013-02-28,99.997278,30000997800
9127956L0,Bill,13-Week,2013-01-28,2013-01-31,2013-05-02,99.981042,32000035400
912796AU3,Bill,26-Week,2013-01-28,2013-01-31,2013-08-01,99.944389,28000699700
9127957G0,Bill,4-Week,2013-01-23,2013-01-24,2013-02-21,99.995333,30001217500
912796AB5,Bill,13-Week,2013-01-22,2013-01-24,2013-04-25,99.981042,32000344700
9127957A3,Bill,26-Week,2013-01-22,2013-01-24,2013-07-25,99.951972,28000684800
9127957F2,Bill,4-Week,2013-01-15,2013-01-17,2013-02-14,99.992611,35000247400
912796AA7,Bill,13-Week,2013-01-14,2013-01-17,2013-04-18,99.981042,32000221000
912796AT6,Bill,26-Week,2013-01-14,2013-01-17,2013-07-18,99.946917,28000052700
9127955Z0,Bill,4-Week,2013-01-08,2013-01-10,2013-02-07,99.995722,40000755700
912796AQ2,Bill,52-Week,2013-01-08,2013-01-10,2014-01-09,99.858444,25000102300
912795Z95,Bill,13-Week,2013-01-07,2013-01-10,2013-04-11,99.983569,32000116900
912796AS8,Bill,26-Week,2013-01-07,2013-01-10,2013-07-11,99.946917,28000628000
9127957D7,Bill,4-Week,2013-01-02,2013-01-03,2013-01-31,99.994167,40000114700
9127956F3,Bill,13-Week,2013-01-02,2013-01-03,2013-04-04,99.981042,32000025000
912796AN9,Bill,26-Week,2013-01-02,2013-01-03,2013-07-05,99.939,28000697900
9127957C9,Bill,4-Week,2012-12-26,2012-12-27,2013-01-24,99.9965,40001055100
912795Z61,Bill,13-Week,2012-12-26,2012-12-27,2013-03-28,99.978514,32000392300
9127956W6,Bill,26-Week,2012-12-26,2012-12-27,2013-06-27,99.934278,28000773700
9127957B1,Bill,4-Week,2012-12-18,2012-12-20,2013-01-17,99.998833,40000200400
9127957M7,Bill,13-Week,2012-12-17,2012-12-20,2013-03-21,99.989889,32000059800
912796AM1,Bill,26-Week,2012-12-17,2012-12-20,2013-06-20,99.9545,28000844500
912796DT3,Bill,3-Day,2012-12-13,2012-12-14,2012-12-17,99.99925,10000380000
9127955V9,Bill,4-Week,2012-12-11,2012-12-13,2013-01-10,99.996111,40001272500
912796AK5,Bill,52-Week,2012-12-11,2012-12-13,2013-12-12,99.838222,25000640300
9127957L9,Bill,13-Week,2012-12-10,2012-12-13,2013-03-14,99.97725,32001878600
912796AL3,Bill,26-Week,2012-12-10,2012-12-13,2013-06-13,99.93175,28000410600
912796DT3,Bill,11-Day,2012-12-04,2012-12-06,2012-12-17,99.994958,25000520000
9127956Z9,Bill,4-Week,2012-12-04,2012-12-06,2013-01-03,99.995333,40001035800
9127956E6,Bill,13-Week,2012-12-03,2012-12-06,2013-03-07,99.97725,32001081400
912796AJ8,Bill,26-Week,2012-12-03,2012-12-06,2013-06-06,99.929222,28000456600
9127956Y2,Bill,4-Week,2012-11-27,2012-11-29,2012-12-27,99.986389,40000150500
9127957H8,Bill,13-Week,2012-11-26,2012-11-29,2013-02-28,99.974722,32001277400
9127956R7,Bill,26-Week,2012-11-26,2012-11-29,2013-05-30,99.926694,28000411700
912796DN6,Bill,21-Day,2012-11-20,2012-11-23,2012-12-14,99.990958,20000536000
9127956X4,Bill,4-Week,2012-11-20,2012-11-23,2012-12-20,99.988375,40001037000
9127957G0,Bill,13-Week,2012-11-19,2012-11-23,2013-02-21,99.9775,32000845300
912796AH2,Bill,26-Week,2012-11-19,2012-11-23,2013-05-23,99.932125,28000103200
9127955Q0,Bill,4-Week,2012-11-14,2012-11-15,2012-12-13,99.988722,40000919000
912796DM8,Bill,46-Day,2012-11-14,2012-11-15,2012-12-31,99.975722,25000042400
912796AE9,Bill,52-Week,2012-11-14,2012-11-15,2013-11-14,99.818,25001902100
9127957F2,Bill,13-Week,2012-11-13,2012-11-15,2013-02-14,99.973458,32000226600
912796AG4,Bill,26-Week,2012-11-13,2012-11-15,2013-05-16,99.926694,28000373400
9127956X4,Bill,42-Day,2012-11-07,2012-11-08,2012-12-20,99.985417,25000575500
9127956V8,Bill,4-Week,2012-11-06,2012-11-08,2012-12-06,99.990667,40000421700
9127955Z0,Bill,13-Week,2012-11-05,2012-11-08,2013-02-07,99.973458,32000602600
912796AF6,Bill,26-Week,2012-11-05,2012-11-08,2013-05-09,99.924167,28000555900
9127956U0,Bill,4-Week,2012-10-29,2012-11-01,2012-11-29,99.989889,25000589300
9127957D7,Bill,13-Week,2012-10-29,2012-11-01,2013-01-31,99.968403,32000312700
9127956L0,Bill,26-Week,2012-10-29,2012-11-01,2013-05-02,99.919111,28000560000
9127956T3,Bill,4-Week,2012-10-23,2012-10-25,2012-11-23,99.989931,40000836100
9127957C9,Bill,13-Week,2012-10-22,2012-10-25,2013-01-24,99.974722,32000427300
912796AB5,Bill,26-Week,2012-10-22,2012-10-25,2013-04-25,99.924167,28001653800
9127955L1,Bill,4-Week,2012-10-16,2012-10-18,2012-11-15,99.990278,40000699300
912795Z87,Bill,52-Week,2012-10-16,2012-10-18,2013-10-17,99.818,25000490300
9127957B1,Bill,13-Week,2012-10-15,2012-10-18,2013-01-17,99.973458,32000173300
912796AA7,Bill,26-Week,2012-10-15,2012-10-18,2013-04-18,99.924167,28000098600
9127956S5,Bill,4-Week,2012-10-10,2012-10-11,2012-11-08,99.991056,40001261600
9127955V9,Bill,13-Week,2012-10-09,2012-10-11,2013-01-10,99.974722,32000434700
912795Z95,Bill,26-Week,2012-10-09,2012-10-11,2013-04-11,99.926694,28000452100
9127956P1,Bill,4-Week,2012-10-02,2012-10-04,2012-11-01,99.992222,40001041000
9127956Z9,Bill,13-Week,2012-10-01,2012-10-04,2013-01-03,99.978514,32000080100
9127956F3,Bill,26-Week,2012-10-01,2012-10-04,2013-04-04,99.93175,28000040800
9127956N6,Bill,4-Week,2012-09-25,2012-09-27,2012-10-25,99.995722,40000986200
9127956Y2,Bill,13-Week,2012-09-24,2012-09-27,2012-12-27,99.972194,32000389100
912795Z61,Bill,26-Week,2012-09-24,2012-09-27,2013-03-28,99.929222,28000769500
9127955G2,Bill,4-Week,2012-09-18,2012-09-20,2012-10-18,99.993778,40001089300
9127957K1,Bill,52-Week,2012-09-18,2012-09-20,2013-09-19,99.823056,25000546700
9127956X4,Bill,13-Week,2012-09-17,2012-09-20,2012-12-20,99.973458,32000649900
9127957M7,Bill,26-Week,2012-09-17,2012-09-20,2013-03-21,99.934278,28000774200
9127956M8,Bill,4-Week,2012-09-11,2012-09-13,2012-10-11,99.993,40000215200
9127955Q0,Bill,13-Week,2012-09-10,2012-09-13,2012-12-13,99.974722,32000500400
9127957L9,Bill,26-Week,2012-09-10,2012-09-13,2013-03-14,99.934278,28000236500
912796CY3,Bill,11-Day,2012-09-05,2012-09-06,2012-09-17,99.995569,35000000000
9127956K2,Bill,4-Week,2012-09-05,2012-09-06,2012-10-04,99.991833,40000764500
9127956V8,Bill,13-Week,2012-09-04,2012-09-06,2012-12-06,99.974722,32000091100
9127956E6,Bill,26-Week,2012-09-04,2012-09-06,2013-03-07,99.93175,28001396900
912796CY3,Bill,18-Day,2012-08-29,2012-08-30,2012-09-17,99.99375,35000678000
9127956J5,Bill,4-Week,2012-08-28,2012-08-30,2012-09-27,99.990667,40000333200
9127956U0,Bill,13-Week,2012-08-27,2012-08-30,2012-11-29,99.973458,32000190900
9127957H8,Bill,26-Week,2012-08-27,2012-08-30,2013-02-28,99.929222,28001094800
9127956G1,Bill,14-Day,2012-08-22,2012-08-23,2012-09-06,99.996111,10000026000
9127955C1,Bill,4-Week,2012-08-21,2012-08-23,2012-09-20,99.991444,40000043200
9127957E5,Bill,52-Week,2012-08-21,2012-08-23,2013-08-22,99.802833,25000901700
9127956T3,Bill,13-Week,2012-08-20,2012-08-23,2012-11-23,99.973167,32001549900
9127957G0,Bill,26-Week,2012-08-20,2012-08-23,2013-02-21,99.926694,28000622400
9127956H9,Bill,4-Week,2012-08-14,2012-08-16,2012-09-13,99.991444,40000506200
9127956C0,Bill,15-Day,2012-08-14,2012-08-15,2012-08-30,99.995417,25001465000
9127955L1,Bill,13-Week,2012-08-13,2012-08-16,2012-11-15,99.972194,32000607900
9127957F2,Bill,26-Week,2012-08-13,2012-08-16,2013-02-14,99.926694,28000917400
9127956G1,Bill,4-Week,2012-08-07,2012-08-09,2012-09-06,99.993389,40001176800
9127956S5,Bill,13-Week,2012-08-06,2012-08-09,2012-11-08,99.974722,32000993600
9127955Z0,Bill,26-Week,2012-08-06,2012-08-09,2013-02-07,99.93175,28000339900
9127956C0,Bill,4-Week,2012-07-31,2012-08-02,2012-08-30,99.994167,35000023400
9127956P1,Bill,13-Week,2012-07-30,2012-08-02,2012-11-01,99.972194,32001113600
9127957D7,Bill,26-Week,2012-07-30,2012-08-02,2013-01-31,99.926694,28001491200
912795Y96,Bill,4-Week,2012-07-24,2012-07-26,2012-08-23,99.993778,30000905400
9127957A3,Bill,52-Week,2012-07-24,2012-07-26,2013-07-25,99.823056,25000153700
9127956N6,Bill,13-Week,2012-07-23,2012-07-26,2012-10-25,99.975986,30000334400
9127957C9,Bill,26-Week,2012-07-23,2012-07-26,2013-01-24,99.929222,27001764300
9127956B2,Bill,4-Week,2012-07-17,2012-07-19,2012-08-16,99.994167,30000672500
9127955G2,Bill,13-Week,2012-07-16,2012-07-19,2012-10-18,99.975986,30000707300
9127957B1,Bill,26-Week,2012-07-16,2012-07-19,2013-01-17,99.93175,27000354800
9127956A4,Bill,4-Week,2012-07-10,2012-07-12,2012-08-09,99.994556,30000191600
9127956M8,Bill,13-Week,2012-07-09,2012-07-12,2012-10-11,99.97725,30000236800
9127955V9,Bill,26-Week,2012-07-09,2012-07-12,2013-01-10,99.926694,27000736100
9127955Y3,Bill,4-Week,2012-07-03,2012-07-05,2012-08-02,99.994167,30001071200
9127956K2,Bill,13-Week,2012-07-02,2012-07-05,2012-10-04,99.974722,30000414100
9127956Z9,Bill,26-Week,2012-07-02,2012-07-05,2013-01-03,99.924167,27000821400
9127954B4,Bill,4-Week,2012-06-26,2012-06-28,2012-07-26,99.995333,35938793800
9127956W6,Bill,52-Week,2012-06-26,2012-06-28,2013-06-27,99.792722,25000116000
9127956J5,Bill,13-Week,2012-06-25,2012-06-28,2012-09-27,99.975986,30000191300
9127956Y2,Bill,26-Week,2012-06-25,2012-06-28,2012-12-27,99.924167,27000041400
9127955X5,Bill,4-Week,2012-06-19,2012-06-21,2012-07-19,99.996111,32418861800
9127955C1,Bill,13-Week,2012-06-18,2012-06-21,2012-09-20,99.975986,30000791100
9127956X4,Bill,26-Week,2012-06-18,2012-06-21,2012-12-20,99.924167,27000712700
9127955W7,Bill,4-Week,2012-06-12,2012-06-14,2012-07-12,99.995722,36285796000
9127956H9,Bill,13-Week,2012-06-11,2012-06-14,2012-09-13,99.978514,30000195700
9127955Q0,Bill,26-Week,2012-06-11,2012-06-14,2012-12-13,99.929222,27000839500
9127955U1,Bill,4-Week,2012-06-05,2012-06-07,2012-07-05,99.996889,33781747100
9127956G1,Bill,13-Week,2012-06-04,2012-06-07,2012-09-06,99.981042,30000437700
9127956V8,Bill,26-Week,2012-06-04,2012-06-07,2012-12-06,99.934278,27000754200
9127953W9,Bill,4-Week,2012-05-30,2012-05-31,2012-06-28,99.995333,35938823900
9127956R7,Bill,52-Week,2012-05-30,2012-05-31,2013-05-30,99.812944,25000805000
9127956C0,Bill,13-Week,2012-05-29,2012-05-31,2012-08-30,99.978514,30000501700
9127956U0,Bill,26-Week,2012-05-29,2012-05-31,2012-11-29,99.929222,27000138400
9127955T4,Bill,4-Week,2012-05-22,2012-05-24,2012-06-21,99.994944,32418814900
912795Y96,Bill,13-Week,2012-05-21,2012-05-24,2012-08-23,99.978514,30000208200
9127956T3,Bill,26-Week,2012-05-21,2012-05-24,2012-11-23,99.928833,27000249200
9127955S6,Bill,4-Week,2012-05-15,2012-05-17,2012-06-14,99.994167,36285516500
9127956B2,Bill,13-Week,2012-05-14,2012-05-17,2012-08-16,99.975986,30000322300
9127955L1,Bill,26-Week,2012-05-14,2012-05-17,2012-11-15,99.926694,27000187100
9127955R8,Bill,4-Week,2012-05-08,2012-05-10,2012-06-07,99.994167,33782069500
9127956A4,Bill,13-Week,2012-05-07,2012-05-10,2012-08-09,99.97725,30000575400
9127956S5,Bill,26-Week,2012-05-07,2012-05-10,2012-11-08,99.926694,28000688500
9127953S8,Bill,4-Week,2012-05-01,2012-05-03,2012-05-31,99.993778,35938292600
9127956L0,Bill,52-Week,2012-05-01,2012-05-03,2013-05-02,99.812944,26000292500
9127955Y3,Bill,13-Week,2012-04-30,2012-05-03,2012-08-02,99.975986,30000095400
9127956P1,Bill,26-Week,2012-04-30,2012-05-03,2012-11-01,99.926694,28000335000
9127955P2,Bill,4-Week,2012-04-24,2012-04-26,2012-05-24,99.994167,32418495500
9127954B4,Bill,13-Week,2012-04-23,2012-04-26,2012-07-26,99.979778,30000348400
9127956N6,Bill,26-Week,2012-04-23,2012-04-26,2012-10-25,99.934278,28000863300
9127955N7,Bill,4-Week,2012-04-17,2012-04-19,2012-05-17,99.994944,36286152000
9127955X5,Bill,13-Week,2012-04-16,2012-04-19,2012-07-19,99.979778,30000966200
9127955G2,Bill,26-Week,2012-04-16,2012-04-19,2012-10-18,99.93175,28000060800
9127955M9,Bill,4-Week,2012-04-10,2012-04-12,2012-05-10,99.993778,33782212500
9127955W7,Bill,13-Week,2012-04-09,2012-04-12,2012-07-12,99.978514,31000130700
9127956M8,Bill,26-Week,2012-04-09,2012-04-12,2012-10-11,99.924167,29000644900
9127953N9,Bill,4-Week,2012-04-03,2012-04-05,2012-05-03,99.995722,35938439200
9127956F3,Bill,52-Week,2012-04-03,2012-04-05,2013-04-04,99.812944,26000106100
9127955U1,Bill,13-Week,2012-04-02,2012-04-05,2012-07-05,99.981042,31000360800
9127956K2,Bill,26-Week,2012-04-02,2012-04-05,2012-10-04,99.929222,29000578100
9127955K3,Bill,4-Week,2012-03-27,2012-03-29,2012-04-26,99.994944,37418868200
9127953W9,Bill,13-Week,2012-03-26,2012-03-29,2012-06-28,99.978514,31000431700
9127956J5,Bill,26-Week,2012-03-26,2012-03-29,2012-09-27,99.924167,29001125700
9127955J6,Bill,4-Week,2012-03-20,2012-03-22,2012-04-19,99.992222,46286059700
9127955T4,Bill,13-Week,2012-03-19,2012-03-22,2012-06-21,99.975986,33000154000
9127955C1,Bill,26-Week,2012-03-19,2012-03-22,2012-09-20,99.924167,31000823200
9127955H0,Bill,4-Week,2012-03-13,2012-03-15,2012-04-12,99.994556,43781618600
9127955S6,Bill,13-Week,2012-03-12,2012-03-15,2012-06-14,99.975986,33000065100
9127956H9,Bill,26-Week,2012-03-12,2012-03-15,2012-09-13,99.926694,31001113300
9127953H2,Bill,4-Week,2012-03-06,2012-03-08,2012-04-05,99.995333,45938184000
9127956E6,Bill,52-Week,2012-03-06,2012-03-08,2013-03-07,99.828111,26000671900
9127955R8,Bill,13-Week,2012-03-05,2012-03-08,2012-06-07,99.979778,33000419900
9127956G1,Bill,26-Week,2012-03-05,2012-03-08,2012-09-06,99.934278,31000410500
9127955F4,Bill,4-Week,2012-02-28,2012-03-01,2012-03-29,99.992222,42418729200
9127955J6,Bill,49-Day,2012-02-28,2012-03-01,2012-04-19,99.985708,20000425000
9127953S8,Bill,13-Week,2012-02-27,2012-03-01,2012-05-31,99.970931,33001109300
9127956C0,Bill,26-Week,2012-02-27,2012-03-01,2012-08-30,99.926694,31001033700
9127955E7,Bill,4-Week,2012-02-22,2012-02-23,2012-03-22,99.995333,46286001000
9127955P2,Bill,13-Week,2012-02-21,2012-02-23,2012-05-24,99.978514,33000115700
912795Y96,Bill,26-Week,2012-02-21,2012-02-23,2012-08-23,99.936806,31000405500
9127955D9,Bill,4-Week,2012-02-14,2012-02-16,2012-03-15,99.991444,43781895000
9127955J6,Bill,64-Day,2012-02-14,2012-02-15,2012-04-19,99.978667,20000500000
9127955N7,Bill,13-Week,2012-02-13,2012-02-16,2012-05-17,99.975986,33000423100
9127956B2,Bill,26-Week,2012-02-13,2012-02-16,2012-08-16,99.934278,31000177400
9127953G4,Bill,4-Week,2012-02-07,2012-02-09,2012-03-08,99.995333,42939565100
9127955Z0,Bill,52-Week,2012-02-07,2012-02-09,2013-02-07,99.858444,26001246800
9127955M9,Bill,13-Week,2012-02-06,2012-02-09,2012-05-10,99.979778,33001874100
9127956A4,Bill,26-Week,2012-02-06,2012-02-09,2012-08-09,99.949444,31000235400
912795Z46,Bill,4-Week,2012-01-31,2012-02-02,2012-03-01,99.996111,35419488800
9127953N9,Bill,13-Week,2012-01-30,2012-02-02,2012-05-03,99.987361,31000815100
9127955Y3,Bill,26-Week,2012-01-30,2012-02-02,2012-08-02,99.962083,29000641500
912795Z38,Bill,4-Week,2012-01-24,2012-01-26,2012-02-23,99.998444,36286677200
9127955K3,Bill,13-Week,2012-01-23,2012-01-26,2012-04-26,99.989889,29001168000
9127954B4,Bill,26-Week,2012-01-23,2012-01-26,2012-07-26,99.964611,27001431300
912795Z20,Bill,4-Week,2012-01-18,2012-01-19,2012-02-16,99.998833,33782084800
9127955J6,Bill,13-Week,2012-01-17,2012-01-19,2012-04-19,99.993681,29001093200
9127955X5,Bill,26-Week,2012-01-17,2012-01-19,2012-07-19,99.969667,27000752900
9127953C3,Bill,4-Week,2012-01-10,2012-01-12,2012-02-09,100.0,35939178400
9127955V9,Bill,52-Week,2012-01-10,2012-01-12,2013-01-10,99.893833,25000098500
9127955H0,Bill,13-Week,2012-01-09,2012-01-12,2012-04-12,99.997472,29001392000
9127955W7,Bill,26-Week,2012-01-09,2012-01-12,2012-07-12,99.974722,27000489300
912795Y88,Bill,4-Week,2012-01-04,2012-01-05,2012-02-02,100.0,32423039300
9127953H2,Bill,13-Week,2012-01-03,2012-01-05,2012-04-05,99.996208,29001094000
9127955U1,Bill,26-Week,2012-01-03,2012-01-05,2012-07-05,99.972194,27000321400
912795Y70,Bill,4-Week,2011-12-28,2011-12-29,2012-01-26,100.0,36297501700
9127955F4,Bill,13-Week,2011-12-27,2011-12-29,2012-03-29,99.993681,29000334200
9127953W9,Bill,26-Week,2011-12-27,2011-12-29,2012-06-28,99.972194,27000518300
912795Y62,Bill,4-Week,2011-12-20,2011-12-22,2012-01-19,100.0,33794983600
9127955E7,Bill,13-Week,2011-12-19,2011-12-22,2012-03-22,99.998736,29000026800
9127955T4,Bill,26-Week,2011-12-19,2011-12-22,2012-06-21,99.979778,27001185500
9127952Y6,Bill,4-Week,2011-12-13,2011-12-15,2012-01-12,100.0,40952802300
9127955Q0,Bill,52-Week,2011-12-13,2011-12-15,2012-12-13,99.888778,25000541900
9127955D9,Bill,13-Week,2011-12-12,2011-12-15,2012-03-15,99.997472,29000683900
9127955S6,Bill,26-Week,2011-12-12,2011-12-15,2012-06-14,99.97725,27000549700
9127954A6,Bill,4-Week,2011-12-06,2011-12-08,2012-01-05,100.0,37423777300
9127953G4,Bill,13-Week,2011-12-05,2011-12-08,2012-03-08,99.998736,29000543700
9127955R8,Bill,26-Week,2011-12-05,2011-12-08,2012-06-07,99.974722,27000123400
9127953Z2,Bill,4-Week,2011-11-29,2011-12-01,2011-12-29,99.998444,41285683400
912795Z46,Bill,13-Week,2011-11-28,2011-12-01,2012-03-01,99.992417,29000604800
9127953S8,Bill,26-Week,2011-11-28,2011-12-01,2012-05-31,99.964611,27000612100
9127953Y5,Bill,4-Week,2011-11-22,2011-11-25,2011-12-22,99.9985,38781878100
912795Z38,Bill,13-Week,2011-11-21,2011-11-25,2012-02-23,99.99625,29000787700
9127955P2,Bill,26-Week,2011-11-21,2011-11-25,2012-05-24,99.974861,27000356600
9127952T7,Bill,4-Week,2011-11-15,2011-11-17,2011-12-15,99.999611,40938141500
9127955L1,Bill,52-Week,2011-11-15,2011-11-17,2012-11-15,99.898889,25000901700
912795Z20,Bill,13-Week,2011-11-14,2011-11-17,2012-02-16,99.997472,29000351400
9127955N7,Bill,26-Week,2011-11-14,2011-11-17,2012-05-17,99.979778,27000420100
9127953X7,Bill,4-Week,2011-11-08,2011-11-10,2011-12-08,100.0,37423208700
9127953C3,Bill,13-Week,2011-11-07,2011-11-10,2012-02-09,99.998736,29000532400
9127955M9,Bill,26-Week,2011-11-07,2011-11-10,2012-05-10,99.982306,27000758400
9127953V1,Bill,4-Week,2011-11-01,2011-11-03,2011-12-01,99.999611,41286187500
912795Y88,Bill,13-Week,2011-10-31,2011-11-03,2012-02-02,99.997472,29000416300
9127953N9,Bill,26-Week,2011-10-31,2011-11-03,2012-05-03,99.972194,27000214500
9127953U3,Bill,4-Week,2011-10-25,2011-10-27,2011-11-25,99.999597,33782555000
912795Y70,Bill,13-Week,2011-10-24,2011-10-27,2012-01-26,99.994944,29000501400
9127955K3,Bill,26-Week,2011-10-24,2011-10-27,2012-04-26,99.969667,27000442300
9127952P5,Bill,4-Week,2011-10-18,2011-10-20,2011-11-17,99.998833,35938037100
9127955G2,Bill,52-Week,2011-10-18,2011-10-20,2012-10-18,99.878667,25000930500
912795Y62,Bill,13-Week,2011-10-17,2011-10-20,2012-01-19,99.992417,29000067800
9127955J6,Bill,26-Week,2011-10-17,2011-10-20,2012-04-19,99.967139,27001464900
9127953T6,Bill,4-Week,2011-10-12,2011-10-13,2011-11-10,99.999222,32418969400
9127952Y6,Bill,13-Week,2011-10-11,2011-10-13,2012-01-12,99.996208,29000146900
9127955H0,Bill,26-Week,2011-10-11,2011-10-13,2012-04-12,99.97725,27000023300
912796AP4,Bill,5-Day,2011-10-06,2011-10-12,2011-10-17,100.0,10000445000
9127953R0,Bill,4-Week,2011-10-04,2011-10-06,2011-11-03,100.0,36289113200
9127954A6,Bill,13-Week,2011-10-03,2011-10-06,2012-01-05,99.994944,29001036000
9127953H2,Bill,26-Week,2011-10-03,2011-10-06,2012-04-05,99.969667,27000313000
9127953Q2,Bill,4-Week,2011-09-27,2011-09-29,2011-10-27,100.0,33781797100
9127953Z2,Bill,13-Week,2011-09-26,2011-09-29,2011-12-29,99.994944,29000938800
9127955F4,Bill,26-Week,2011-09-26,2011-09-29,2012-03-29,99.982306,27000417000
9127952K6,Bill,4-Week,2011-09-20,2011-09-22,2011-10-20,100.0,35948438100
9127955C1,Bill,52-Week,2011-09-20,2011-09-22,2012-09-20,99.909,25000324200
9127953Y5,Bill,13-Week,2011-09-19,2011-09-22,2011-12-22,99.997472,29000993100
9127955E7,Bill,26-Week,2011-09-19,2011-09-22,2012-03-22,99.984833,27000510300
9127953P4,Bill,4-Week,2011-09-13,2011-09-15,2011-10-13,100.0,29420415900
9127952T7,Bill,13-Week,2011-09-12,2011-09-15,2011-12-15,99.997472,29000485900
9127955D9,Bill,26-Week,2011-09-12,2011-09-15,2012-03-15,99.974722,27000517600
9127953M1,Bill,4-Week,2011-09-07,2011-09-08,2011-10-06,100.0,36287746000
9127953X7,Bill,13-Week,2011-09-06,2011-09-08,2011-12-08,99.992417,29000405200
9127953G4,Bill,26-Week,2011-09-06,2011-09-08,2012-03-08,99.964611,27000819200
9127953K5,Bill,8-Day,2011-09-06,2011-09-07,2011-09-15,99.999333,15000030000
9127953K5,Bill,14-Day,2011-08-30,2011-09-01,2011-09-15,99.999806,30001025000
9127953L3,Bill,4-Week,2011-08-30,2011-09-01,2011-09-29,99.999611,33782307700
9127953V1,Bill,13-Week,2011-08-29,2011-09-01,2011-12-01,99.996208,29000699100
912795Z46,Bill,26-Week,2011-08-29,2011-09-01,2012-03-01,99.97725,27000813300
9127952F7,Bill,4-Week,2011-08-23,2011-08-25,2011-09-22,100.0,40940414200
912795Y96,Bill,52-Week,2011-08-23,2011-08-25,2012-08-23,99.898889,25000407300
9127953U3,Bill,13-Week,2011-08-22,2011-08-25,2011-11-25,99.996167,29000164600
912795Z38,Bill,26-Week,2011-08-22,2011-08-25,2012-02-23,99.97725,27000215300
912796AD1,Bill,12-Day,2011-08-17,2011-08-19,2011-08-31,99.9995,20000020000
9127953K5,Bill,4-Week,2011-08-16,2011-08-18,2011-09-15,99.999222,37418506100
9127952P5,Bill,13-Week,2011-08-15,2011-08-18,2011-11-17,99.991153,29000646000
912795Z20,Bill,26-Week,2011-08-15,2011-08-18,2012-02-16,99.959556,27000842700
9127953J8,Bill,4-Week,2011-08-09,2011-08-11,2011-09-08,99.997278,41285602800
9127953T6,Bill,13-Week,2011-08-08,2011-08-11,2011-11-10,99.988625,29000391900
9127953C3,Bill,26-Week,2011-08-08,2011-08-11,2012-02-09,99.967139,27000129100
912796AC3,Bill,10-Day,2011-08-04,2011-08-05,2011-08-15,100.0,20001490000
9127953F6,Bill,4-Week,2011-08-02,2011-08-04,2011-09-01,99.994556,26781593900
9127953R0,Bill,13-Week,2011-08-01,2011-08-04,2011-11-03,99.970931,27000268000
912795Y88,Bill,26-Week,2011-08-01,2011-08-04,2012-02-02,99.924167,24000482600
912795Z79,Bill,5-Day,2011-07-27,2011-07-28,2011-08-02,100.0,12000575000
9127952A8,Bill,4-Week,2011-07-26,2011-07-28,2011-08-25,99.995722,23938065400
9127954B4,Bill,52-Week,2011-07-26,2011-07-28,2012-07-26,99.797778,20000357500
9127953Q2,Bill,13-Week,2011-07-25,2011-07-28,2011-10-27,99.984833,27000472100
912795Y70,Bill,26-Week,2011-07-25,2011-07-28,2012-01-26,99.949444,24000071000
9127953E9,Bill,4-Week,2011-07-19,2011-07-21,2011-08-18,99.999611,30418293300
9127952K6,Bill,13-Week,2011-07-18,2011-07-21,2011-10-20,99.994944,27000328100
912795Y62,Bill,26-Week,2011-07-18,2011-07-21,2012-01-19,99.969667,24000307400
912795X63,Bill,14-Day,2011-07-13,2011-07-14,2011-07-28,100.0,5000354000
9127953D1,Bill,4-Week,2011-07-12,2011-07-14,2011-08-11,99.998444,34286406100
9127953P4,Bill,13-Week,2011-07-11,2011-07-14,2011-10-13,99.992417,27000158900
9127952Y6,Bill,26-Week,2011-07-11,2011-07-14,2012-01-12,99.967139,24000042500
9127953B5,Bill,4-Week,2011-07-06,2011-07-07,2011-08-04,100.0,31784200100
9127953M1,Bill,13-Week,2011-07-05,2011-07-07,2011-10-06,99.993681,27000567100
9127954A6,Bill,26-Week,2011-07-05,2011-07-07,2012-01-05,99.959556,24000319300
912795X63,Bill,4-Week,2011-06-28,2011-06-30,2011-07-28,99.999611,33938735700
9127953W9,Bill,52-Week,2011-06-28,2011-06-30,2012-06-28,99.797778,24000432900
9127953L3,Bill,13-Week,2011-06-27,2011-06-30,2011-09-29,99.993681,27000141700
9127953Z2,Bill,26-Week,2011-06-27,2011-06-30,2011-12-29,99.951972,24000756300
9127953A7,Bill,4-Week,2011-06-21,2011-06-23,2011-07-21,99.999611,30418819100
9127952F7,Bill,13-Week,2011-06-20,2011-06-23,2011-09-22,99.991153,27000481300
9127953Y5,Bill,26-Week,2011-06-20,2011-06-23,2011-12-22,99.949444,24000206900
9127952Z3,Bill,4-Week,2011-06-14,2011-06-16,2011-07-14,99.998833,34285307700
9127953K5,Bill,13-Week,2011-06-13,2011-06-16,2011-09-15,99.987361,27000014300
9127952T7,Bill,26-Week,2011-06-13,2011-06-16,2011-12-15,99.946917,24000119900
9127957J4,Bill,6-Day,2011-06-08,2011-06-09,2011-06-15,99.999333,15000410000
9127952X8,Bill,4-Week,2011-06-07,2011-06-09,2011-07-07,99.999611,31781675000
9127953J8,Bill,13-Week,2011-06-06,2011-06-09,2011-09-08,99.988625,27000385000
9127953X7,Bill,26-Week,2011-06-06,2011-06-09,2011-12-08,99.946917,24000996200
912795X22,Bill,4-Week,2011-06-01,2011-06-02,2011-06-30,99.996889,33938092800
9127953S8,Bill,52-Week,2011-06-01,2011-06-02,2012-05-31,99.818,24000601500
9127953F6,Bill,13-Week,2011-05-31,2011-06-02,2011-09-01,99.984833,27000061500
9127953V1,Bill,26-Week,2011-05-31,2011-06-02,2011-12-01,99.941861,24000165600
9127952W0,Bill,4-Week,2011-05-24,2011-05-26,2011-06-23,99.997278,30418092500
9127952A8,Bill,13-Week,2011-05-23,2011-05-26,2011-08-25,99.986097,27000367100
9127953U3,Bill,26-Week,2011-05-23,2011-05-26,2011-11-25,99.949167,24000950500
9127952Z3,Bill,56-Day,2011-05-18,2011-05-19,2011-07-14,99.996889,5000112500
9127952V2,Bill,4-Week,2011-05-17,2011-05-19,2011-06-16,99.998056,34286040400
9127953E9,Bill,13-Week,2011-05-16,2011-05-19,2011-08-18,99.992417,27000134300
9127952P5,Bill,26-Week,2011-05-16,2011-05-19,2011-11-17,99.964611,24000314000
9127952U4,Bill,4-Week,2011-05-10,2011-05-12,2011-06-09,99.998833,31781582700
9127953D1,Bill,13-Week,2011-05-09,2011-05-12,2011-08-11,99.993681,29000442000
9127953T6,Bill,26-Week,2011-05-09,2011-05-12,2011-11-10,99.967139,27000417600
912795W64,Bill,4-Week,2011-05-03,2011-05-05,2011-06-02,99.999611,33938162800
9127953N9,Bill,52-Week,2011-05-03,2011-05-05,2012-05-03,99.797778,24000352400
9127953B5,Bill,13-Week,2011-05-02,2011-05-05,2011-08-04,99.987361,29000741000
9127953R0,Bill,26-Week,2011-05-02,2011-05-05,2011-11-03,99.949444,27000555000
9127952S9,Bill,4-Week,2011-04-26,2011-04-28,2011-05-26,99.997667,32418718800
912795X63,Bill,13-Week,2011-04-25,2011-04-28,2011-07-28,99.983569,29000508200
9127953Q2,Bill,26-Week,2011-04-25,2011-04-28,2011-10-27,99.941861,27000083800
9127952R1,Bill,4-Week,2011-04-19,2011-04-21,2011-05-19,99.997667,40285504400
9127953A7,Bill,13-Week,2011-04-18,2011-04-21,2011-07-21,99.984833,30000247100
9127952K6,Bill,26-Week,2011-04-18,2011-04-21,2011-10-20,99.944389,28000322100
9127952Q3,Bill,4-Week,2011-04-12,2011-04-14,2011-05-12,99.998056,43781572000
9127952Z3,Bill,13-Week,2011-04-11,2011-04-14,2011-07-14,99.987361,32000337700
9127953P4,Bill,26-Week,2011-04-11,2011-04-14,2011-10-13,99.944389,30000650300
912795VE8,Bill,4-Week,2011-04-05,2011-04-07,2011-05-05,99.996111,45939175200
9127953H2,Bill,52-Week,2011-04-05,2011-04-07,2012-04-05,99.716889,24000594200
9127952X8,Bill,13-Week,2011-04-04,2011-04-07,2011-07-07,99.987361,32000229500
9127953M1,Bill,26-Week,2011-04-04,2011-04-07,2011-10-06,99.934278,30000163500
9127952N0,Bill,4-Week,2011-03-29,2011-03-31,2011-04-28,99.9965,42418557400
912795X22,Bill,13-Week,2011-03-28,2011-03-31,2011-06-30,99.974722,32000314000
9127953L3,Bill,26-Week,2011-03-28,2011-03-31,2011-09-29,99.914056,30000646200
9127952R1,Bill,56-Day,2011-03-23,2011-03-24,2011-05-19,99.991444,5000110000
9127952M2,Bill,4-Week,2011-03-22,2011-03-24,2011-04-21,99.994167,46285209000
9127952W0,Bill,13-Week,2011-03-21,2011-03-24,2011-06-23,99.975986,32000161500
9127952F7,Bill,26-Week,2011-03-21,2011-03-24,2011-09-22,99.924167,30000243600
9127952L4,Bill,4-Week,2011-03-15,2011-03-17,2011-04-14,99.995333,43782722500
9127952V2,Bill,13-Week,2011-03-14,2011-03-17,2011-06-16,99.97725,32000387600
9127953K5,Bill,26-Week,2011-03-14,2011-03-17,2011-09-15,99.93175,30000679700
912795VD0,Bill,4-Week,2011-03-08,2011-03-10,2011-04-07,99.994556,45938563800
9127953G4,Bill,52-Week,2011-03-08,2011-03-10,2012-03-08,99.737111,23000272000
9127952U4,Bill,13-Week,2011-03-07,2011-03-10,2011-06-09,99.972194,32000060900
9127953J8,Bill,26-Week,2011-03-07,2011-03-10,2011-09-08,99.921639,30000709200
9127952J9,Bill,4-Week,2011-03-01,2011-03-03,2011-03-31,99.9895,42419139200
9127952M2,Bill,49-Day,2011-03-01,2011-03-03,2011-04-21,99.982986,25001030000
912795W64,Bill,13-Week,2011-02-28,2011-03-03,2011-06-02,99.963347,32000551300
9127953F6,Bill,26-Week,2011-02-28,2011-03-03,2011-09-01,99.914056,30000202900
9127956Q9,Bill,49-Day,2011-02-23,2011-02-25,2011-04-15,99.982986,25000490000
9127952H3,Bill,4-Week,2011-02-23,2011-02-24,2011-03-24,99.990667,46286613600
9127952S9,Bill,13-Week,2011-02-22,2011-02-24,2011-05-26,99.972194,32000237700
9127952A8,Bill,26-Week,2011-02-22,2011-02-24,2011-08-25,99.921639,30000446800
9127952G5,Bill,4-Week,2011-02-15,2011-02-17,2011-03-17,99.992222,38781800800
9127952R1,Bill,13-Week,2011-02-14,2011-02-17,2011-05-19,99.967139,32000968800
9127953E9,Bill,26-Week,2011-02-14,2011-02-17,2011-08-18,99.916583,30001617600
912795V99,Bill,4-Week,2011-02-08,2011-02-10,2011-03-10,99.9895,40938034700
9127953C3,Bill,52-Week,2011-02-08,2011-02-10,2012-02-09,99.691611,22000872900
9127952Q3,Bill,13-Week,2011-02-07,2011-02-10,2011-05-12,99.962083,32000885400
9127953D1,Bill,26-Week,2011-02-07,2011-02-10,2011-08-11,99.911528,30000956400
9127952D2,Bill,4-Week,2011-02-01,2011-02-03,2011-03-03,99.987556,37420594500
912795VE8,Bill,13-Week,2011-01-31,2011-02-03,2011-05-05,99.962083,32001859800
9127953B5,Bill,26-Week,2011-01-31,2011-02-03,2011-08-04,99.914056,30000803300
9127952H3,Bill,56-Day,2011-01-26,2011-01-27,2011-03-24,99.975111,25002228000
9127952C4,Bill,4-Week,2011-01-25,2011-01-27,2011-02-24,99.988722,31285072500
9127952N0,Bill,13-Week,2011-01-24,2011-01-27,2011-04-28,99.960819,29000137600
912795X63,Bill,26-Week,2011-01-24,2011-01-27,2011-07-28,99.909,28000598500
9127952B6,Bill,4-Week,2011-01-19,2011-01-20,2011-02-17,99.987944,28782279200
9127952G5,Bill,56-Day,2011-01-19,2011-01-20,2011-03-17,99.975111,25000912500
9127952M2,Bill,13-Week,2011-01-18,2011-01-20,2011-04-21,99.960819,29000695000
9127953A7,Bill,26-Week,2011-01-18,2011-01-20,2011-07-21,99.906472,28000020500
912795V99,Bill,56-Day,2011-01-12,2011-01-13,2011-03-10,99.975889,25000180000
912795V40,Bill,4-Week,2011-01-11,2011-01-13,2011-02-10,99.988722,30939141500
9127952Y6,Bill,52-Week,2011-01-11,2011-01-13,2012-01-12,99.721944,22000225900
9127952L4,Bill,13-Week,2011-01-10,2011-01-13,2011-04-14,99.962083,29001499500
9127952Z3,Bill,26-Week,2011-01-10,2011-01-13,2011-07-14,99.909,28000159700
9127952D2,Bill,56-Day,2011-01-05,2011-01-06,2011-03-03,99.978222,25000937500
912795Y21,Bill,4-Week,2011-01-04,2011-01-06,2011-02-03,99.990667,27418437300
912795VD0,Bill,13-Week,2011-01-03,2011-01-06,2011-04-07,99.962083,29000140300
9127952X8,Bill,26-Week,2011-01-03,2011-01-06,2011-07-07,99.903944,28000051800
9127952C4,Bill,56-Day,2010-12-29,2010-12-30,2011-02-24,99.981333,25000055000
912795X97,Bill,4-Week,2010-12-28,2010-12-30,2011-01-27,99.994944,31285116900
9127952J9,Bill,13-Week,2010-12-27,2010-12-30,2011-03-31,99.9545,29000586500
912795X22,Bill,26-Week,2010-12-27,2010-12-30,2011-06-30,99.88625,28000184400
9127952B6,Bill,56-Day,2010-12-22,2010-12-23,2011-02-17,99.979778,25000885000
912795X89,Bill,4-Week,2010-12-21,2010-12-23,2011-01-20,99.994556,28782495700
9127952H3,Bill,13-Week,2010-12-20,2010-12-23,2011-03-24,99.967139,29000822000
9127952W0,Bill,26-Week,2010-12-20,2010-12-23,2011-06-23,99.906472,28000411400
912795V40,Bill,56-Day,2010-12-15,2010-12-16,2011-02-10,99.980556,25000257500
912795UX7,Bill,4-Week,2010-12-14,2010-12-16,2011-01-13,99.993389,30938320000
9127952T7,Bill,52-Week,2010-12-14,2010-12-16,2011-12-15,99.701722,22000007900
9127952G5,Bill,13-Week,2010-12-13,2010-12-16,2011-03-17,99.964611,29000593200
9127952V2,Bill,26-Week,2010-12-13,2010-12-16,2011-06-16,99.903944,28000540100
912795Y21,Bill,56-Day,2010-12-08,2010-12-09,2011-02-03,99.980556,25000996000
912795X71,Bill,4-Week,2010-12-07,2010-12-09,2011-01-06,99.993778,27418580500
9127956D8,Bill,7-Day,2010-12-07,2010-12-08,2010-12-15,99.997278,18000200000
912795V99,Bill,13-Week,2010-12-06,2010-12-09,2011-03-10,99.963347,29000023700
9127952U4,Bill,26-Week,2010-12-06,2010-12-09,2011-06-09,99.906472,28000547700
912795X97,Bill,56-Day,2010-12-01,2010-12-02,2011-01-27,99.975889,25000613200
912795X55,Bill,4-Week,2010-11-30,2010-12-02,2010-12-30,99.986389,31286173000
9127952D2,Bill,13-Week,2010-11-29,2010-12-02,2011-03-03,99.955764,29000455200
912795W64,Bill,26-Week,2010-11-29,2010-12-02,2011-06-02,99.893833,28000108900
912795X89,Bill,55-Day,2010-11-24,2010-11-26,2011-01-20,99.975556,25000115000
912795X48,Bill,4-Week,2010-11-23,2010-11-26,2010-12-23,99.98875,28781976000
9127952C4,Bill,13-Week,2010-11-22,2010-11-26,2011-02-24,99.965,29000526400
9127952S9,Bill,26-Week,2010-11-22,2010-11-26,2011-05-26,99.901958,28000668000
912795UX7,Bill,56-Day,2010-11-17,2010-11-18,2011-01-13,99.980556,25000696100
912795UK5,Bill,4-Week,2010-11-16,2010-11-18,2010-12-16,99.990278,30938298300
9127952P5,Bill,52-Week,2010-11-16,2010-11-18,2011-11-17,99.716889,23000443600
9127952B6,Bill,13-Week,2010-11-15,2010-11-18,2011-02-17,99.965875,29000016000
9127952R1,Bill,26-Week,2010-11-15,2010-11-18,2011-05-19,99.909,28001055900
912795X71,Bill,55-Day,2010-11-10,2010-11-12,2011-01-06,99.985486,25000040000
912795X30,Bill,4-Week,2010-11-09,2010-11-12,2010-12-09,99.992125,27418226000
912795V40,Bill,13-Week,2010-11-08,2010-11-12,2011-02-10,99.96875,29000348300
9127952Q3,Bill,26-Week,2010-11-08,2010-11-12,2011-05-12,99.919556,28000928300
912795X55,Bill,56-Day,2010-11-03,2010-11-04,2010-12-30,99.977444,25000136000
912795W98,Bill,4-Week,2010-11-02,2010-11-04,2010-12-02,99.990278,31285310000
912795Y21,Bill,13-Week,2010-11-01,2010-11-04,2011-02-03,99.968403,29000217800
912795VE8,Bill,26-Week,2010-11-01,2010-11-04,2011-05-05,99.921639,28000401900
912795X48,Bill,56-Day,2010-10-27,2010-10-28,2010-12-23,99.976667,25000155000
912795W80,Bill,4-Week,2010-10-26,2010-10-28,2010-11-26,99.989528,25782571500
912795X97,Bill,13-Week,2010-10-25,2010-10-28,2011-01-27,99.967139,29000079400
9127952N0,Bill,26-Week,2010-10-25,2010-10-28,2011-04-28,99.914056,28000186700
912795UK5,Bill,56-Day,2010-10-20,2010-10-21,2010-12-16,99.976667,25000692000
912795UJ8,Bill,4-Week,2010-10-19,2010-10-21,2010-11-18,99.9895,27938169600
9127952K6,Bill,52-Week,2010-10-19,2010-10-21,2011-10-20,99.7725,24000219300
912795X89,Bill,13-Week,2010-10-18,2010-10-21,2011-01-20,99.965875,29000150300
9127952M2,Bill,26-Week,2010-10-18,2010-10-21,2011-04-21,99.914056,28000024400
912795W72,Bill,4-Week,2010-10-13,2010-10-14,2010-11-12,99.988722,27418062500
912795X30,Bill,56-Day,2010-10-13,2010-10-14,2010-12-09,99.976667,25000030000
912795UX7,Bill,13-Week,2010-10-12,2010-10-14,2011-01-13,99.968403,29000091700
9127952L4,Bill,26-Week,2010-10-12,2010-10-14,2011-04-14,99.916583,29000397900
912795W98,Bill,56-Day,2010-10-06,2010-10-07,2010-12-02,99.977444,25000682000
912795W56,Bill,4-Week,2010-10-05,2010-10-07,2010-11-04,99.9895,31285375500
912795X71,Bill,13-Week,2010-10-04,2010-10-07,2011-01-06,99.967139,29000339600
912795VD0,Bill,26-Week,2010-10-04,2010-10-07,2011-04-07,99.906472,29000036300
912795W80,Bill,57-Day,2010-09-29,2010-09-30,2010-11-26,99.979417,25000405000
912795W49,Bill,4-Week,2010-09-28,2010-09-30,2010-10-28,99.993778,28781877600
912795X55,Bill,13-Week,2010-09-27,2010-09-30,2010-12-30,99.960819,29000640400
9127952J9,Bill,26-Week,2010-09-27,2010-09-30,2011-03-31,99.903944,29000470000
912795UJ8,Bill,56-Day,2010-09-22,2010-09-23,2010-11-18,99.977444,25000511000
912795UH2,Bill,4-Week,2010-09-21,2010-09-23,2010-10-21,99.991056,30938377300
9127952F7,Bill,52-Week,2010-09-21,2010-09-23,2011-09-22,99.732056,25000307300
912795X48,Bill,13-Week,2010-09-20,2010-09-23,2010-12-23,99.959556,29000443200
9127952H3,Bill,26-Week,2010-09-20,2010-09-23,2011-03-24,99.901417,29000710000
912795W72,Bill,57-Day,2010-09-15,2010-09-16,2010-11-12,99.977042,25000580000
912795W31,Bill,4-Week,2010-09-14,2010-09-16,2010-10-14,99.992222,32418133500
912795UK5,Bill,13-Week,2010-09-13,2010-09-16,2010-12-16,99.964611,29002108000
9127952G5,Bill,26-Week,2010-09-13,2010-09-16,2011-03-17,99.903944,29001257600
912795W23,Bill,4-Week,2010-09-08,2010-09-09,2010-10-07,99.993,41285287900
912795W56,Bill,56-Day,2010-09-08,2010-09-09,2010-11-04,99.981333,25001392000
912795X30,Bill,13-Week,2010-09-07,2010-09-09,2010-12-09,99.965875,30000784800
912795V99,Bill,26-Week,2010-09-07,2010-09-09,2011-03-10,99.909,30000629800
912795W49,Bill,56-Day,2010-09-01,2010-09-02,2010-10-28,99.980556,25000030000
912795VC2,Bill,4-Week,2010-08-31,2010-09-02,2010-09-30,99.987556,37781697800
912795W98,Bill,13-Week,2010-08-30,2010-09-02,2010-12-02,99.963347,30000271000
9127952D2,Bill,26-Week,2010-08-30,2010-09-02,2011-03-03,99.903944,30001487700
912795VB4,Bill,21-Day,2010-08-25,2010-08-26,2010-09-16,99.990083,35001687500
912795UH2,Bill,56-Day,2010-08-25,2010-08-26,2010-10-21,99.978222,25000855000
912795U90,Bill,4-Week,2010-08-24,2010-08-26,2010-09-23,99.987944,39938196200
9127952A8,Bill,52-Week,2010-08-24,2010-08-26,2011-08-25,99.737111,25000269100
912795W80,Bill,13-Week,2010-08-23,2010-08-26,2010-11-26,99.960389,30000685000
9127952C4,Bill,26-Week,2010-08-23,2010-08-26,2011-02-24,99.906472,30000675700
912795W31,Bill,56-Day,2010-08-18,2010-08-19,2010-10-14,99.977444,25000045000
912795VB4,Bill,4-Week,2010-08-17,2010-08-19,2010-09-16,99.987944,36419433600
912795UJ8,Bill,13-Week,2010-08-16,2010-08-19,2010-11-18,99.960819,30000554900
9127952B6,Bill,26-Week,2010-08-16,2010-08-19,2011-02-17,99.906472,30000441800
912795W23,Bill,56-Day,2010-08-11,2010-08-12,2010-10-07,99.979,25000150000
912795VA6,Bill,4-Week,2010-08-10,2010-08-12,2010-09-09,99.988722,37285643900
912795W72,Bill,13-Week,2010-08-09,2010-08-12,2010-11-12,99.961667,30000020700
912795V40,Bill,26-Week,2010-08-09,2010-08-12,2011-02-10,99.903944,30001014400
912795VC2,Bill,56-Day,2010-08-04,2010-08-05,2010-09-30,99.975111,25000820000
912795V73,Bill,4-Week,2010-08-03,2010-08-05,2010-09-02,99.988333,34783131000
912795W56,Bill,13-Week,2010-08-02,2010-08-05,2010-11-04,99.960819,30001873000
912795Y21,Bill,26-Week,2010-08-02,2010-08-05,2011-02-03,99.901417,30000151300
912795U90,Bill,56-Day,2010-07-28,2010-07-29,2010-09-23,99.975889,25000015000
912795U82,Bill,4-Week,2010-07-27,2010-07-29,2010-08-26,99.987944,36938044100
912795X63,Bill,52-Week,2010-07-27,2010-07-29,2011-07-28,99.701722,25000073200
912795W49,Bill,13-Week,2010-07-26,2010-07-29,2010-10-28,99.962083,30000188400
912795X97,Bill,26-Week,2010-07-26,2010-07-29,2011-01-27,99.898889,30000478500
912795VB4,Bill,56-Day,2010-07-21,2010-07-22,2010-09-16,99.975111,25000725000
912795V65,Bill,4-Week,2010-07-20,2010-07-22,2010-08-19,99.987944,34419763800
912795UH2,Bill,13-Week,2010-07-19,2010-07-22,2010-10-21,99.960819,30000298100
912795X89,Bill,26-Week,2010-07-19,2010-07-22,2011-01-20,99.901417,30000438500
912795VA6,Bill,56-Day,2010-07-14,2010-07-15,2010-09-09,99.975111,25000100000
912795V57,Bill,4-Week,2010-07-13,2010-07-15,2010-08-12,99.988333,38285605000
912795W31,Bill,13-Week,2010-07-12,2010-07-15,2010-10-14,99.962083,30000120100
912795UX7,Bill,26-Week,2010-07-12,2010-07-15,2011-01-13,99.898889,30000612500
912795V24,Bill,4-Week,2010-07-07,2010-07-08,2010-08-05,99.987167,39781988800
912795V73,Bill,56-Day,2010-07-07,2010-07-08,2010-09-02,99.974333,25000570000
912795W23,Bill,13-Week,2010-07-06,2010-07-08,2010-10-07,99.958292,30000609900
912795X71,Bill,26-Week,2010-07-06,2010-07-08,2011-01-06,99.896361,30000059100
912795U82,Bill,56-Day,2010-06-30,2010-07-01,2010-08-26,99.972,25000615000
912795U74,Bill,4-Week,2010-06-29,2010-07-01,2010-07-29,99.988333,41938908300
912795X22,Bill,52-Week,2010-06-29,2010-07-01,2011-06-30,99.676444,25000173400
912795VC2,Bill,13-Week,2010-06-28,2010-07-01,2010-09-30,99.959556,28000118900
912795X55,Bill,26-Week,2010-06-28,2010-07-01,2010-12-30,99.891306,28000142200
912795V65,Bill,56-Day,2010-06-23,2010-06-24,2010-08-19,99.981333,25000487000
912795UZ2,Bill,4-Week,2010-06-22,2010-06-24,2010-07-22,99.993389,34418204200
912795U90,Bill,13-Week,2010-06-21,2010-06-24,2010-09-23,99.970931,27000182600
912795X48,Bill,26-Week,2010-06-21,2010-06-24,2010-12-23,99.914056,27000058900
912795V57,Bill,56-Day,2010-06-16,2010-06-17,2010-08-12,99.986,25000421000
912795UY5,Bill,4-Week,2010-06-15,2010-06-17,2010-07-15,99.997667,37285210300
912795VB4,Bill,13-Week,2010-06-14,2010-06-17,2010-09-16,99.983569,27000713500
912795UK5,Bill,26-Week,2010-06-14,2010-06-17,2010-12-16,99.924167,27000164500
912795V24,Bill,56-Day,2010-06-09,2010-06-10,2010-08-05,99.985222,25000455000
912795Z53,Bill,5-Day,2010-06-08,2010-06-10,2010-06-15,99.997778,26000230000
912795UW9,Bill,4-Week,2010-06-08,2010-06-10,2010-07-08,99.993,34782177600
912795VA6,Bill,13-Week,2010-06-07,2010-06-10,2010-09-09,99.967139,27000286400
912795X30,Bill,26-Week,2010-06-07,2010-06-10,2010-12-09,99.893833,27000490500
912795U66,Bill,4-Week,2010-06-02,2010-06-03,2010-07-01,99.989889,36938086600
912795U74,Bill,56-Day,2010-06-02,2010-06-03,2010-07-29,99.978222,25000634900
912795W64,Bill,52-Week,2010-06-02,2010-06-03,2011-06-02,99.630944,25000497600
912795V73,Bill,13-Week,2010-06-01,2010-06-03,2010-09-02,99.959556,27000439200
912795W98,Bill,26-Week,2010-06-01,2010-06-03,2010-12-02,99.888778,27000896600
912795UZ2,Bill,56-Day,2010-05-26,2010-05-27,2010-07-22,99.976667,25001002800
912795UV1,Bill,4-Week,2010-05-25,2010-05-27,2010-06-24,99.987944,33418683800
912795U82,Bill,13-Week,2010-05-24,2010-05-27,2010-08-26,99.958292,27000299600
912795W80,Bill,26-Week,2010-05-24,2010-05-27,2010-11-26,99.888167,26000167700
912795UY5,Bill,56-Day,2010-05-19,2010-05-20,2010-07-15,99.975111,25000134000
912795UU3,Bill,4-Week,2010-05-18,2010-05-20,2010-06-17,99.986778,37285233100
912795V65,Bill,13-Week,2010-05-17,2010-05-20,2010-08-19,99.959556,26000046000
912795UJ8,Bill,26-Week,2010-05-17,2010-05-20,2010-11-18,99.883722,26000189400
912795UW9,Bill,56-Day,2010-05-12,2010-05-13,2010-07-08,99.976667,25001558000
912795UT6,Bill,4-Week,2010-05-11,2010-05-13,2010-06-10,99.988333,34781952200
912795V57,Bill,13-Week,2010-05-10,2010-05-13,2010-08-12,99.960819,26000120200
912795W72,Bill,26-Week,2010-05-10,2010-05-13,2010-11-12,99.883083,26000155100
912795U66,Bill,56-Day,2010-05-05,2010-05-06,2010-07-01,99.976667,25001315000
912795U58,Bill,4-Week,2010-05-04,2010-05-06,2010-06-03,99.988333,28939242000
912795VE8,Bill,52-Week,2010-05-04,2010-05-06,2011-05-05,99.575333,26000071900
912795V24,Bill,13-Week,2010-05-03,2010-05-06,2010-08-05,99.958292,24000576400
912795W56,Bill,26-Week,2010-05-03,2010-05-06,2010-11-04,99.876139,25000462600
912795UV1,Bill,56-Day,2010-04-28,2010-04-29,2010-06-24,99.975889,25000250000
912795US8,Bill,4-Week,2010-04-27,2010-04-29,2010-05-27,99.989889,17418359200
912795U74,Bill,13-Week,2010-04-26,2010-04-29,2010-07-29,99.962083,24000475800
912795W49,Bill,26-Week,2010-04-26,2010-04-29,2010-10-28,99.878667,25000808600
912795UU3,Bill,56-Day,2010-04-21,2010-04-22,2010-06-17,99.976667,25001572000
912795UR0,Bill,4-Week,2010-04-20,2010-04-22,2010-05-20,99.989111,24285475500
912795UZ2,Bill,13-Week,2010-04-19,2010-04-22,2010-07-22,99.963347,25000059500
912795UH2,Bill,26-Week,2010-04-19,2010-04-22,2010-10-21,99.888778,25000420700
912795UT6,Bill,56-Day,2010-04-14,2010-04-15,2010-06-10,99.976667,25000272500
912795UQ2,Bill,4-Week,2010-04-13,2010-04-15,2010-05-13,99.988722,29782440400
912795UY5,Bill,13-Week,2010-04-12,2010-04-15,2010-07-15,99.960819,26000625200
912795W31,Bill,26-Week,2010-04-12,2010-04-15,2010-10-14,99.878667,27000208500
912795U58,Bill,56-Day,2010-04-07,2010-04-08,2010-06-03,99.974333,25000071000
912795U41,Bill,4-Week,2010-04-06,2010-04-08,2010-05-06,99.987556,39938648900
912795VD0,Bill,52-Week,2010-04-06,2010-04-08,2011-04-07,99.509611,26000155700
912795UW9,Bill,13-Week,2010-04-05,2010-04-08,2010-07-08,99.955764,28000262600
912795W23,Bill,26-Week,2010-04-05,2010-04-08,2010-10-07,99.866028,29000250900
912795UM1,Bill,10-Day,2010-04-01,2010-04-05,2010-04-15,99.995278,21001410000
912795US8,Bill,56-Day,2010-03-31,2010-04-01,2010-05-27,99.975111,25000055000
912795Y54,Bill,18-Day,2010-03-30,2010-04-01,2010-04-19,99.9925,17001167000
912795UP4,Bill,4-Week,2010-03-30,2010-04-01,2010-04-29,99.988333,33419393700
912795U66,Bill,13-Week,2010-03-29,2010-04-01,2010-07-01,99.963347,28000648000
912795VC2,Bill,26-Week,2010-03-29,2010-04-01,2010-09-30,99.878667,29000250000
912795UR0,Bill,56-Day,2010-03-24,2010-03-25,2010-05-20,99.979778,25000955200
912795UN9,Bill,4-Week,2010-03-23,2010-03-25,2010-04-22,99.991833,37285208400
912795UV1,Bill,13-Week,2010-03-22,2010-03-25,2010-06-24,99.960819,28000192900
912795U90,Bill,26-Week,2010-03-22,2010-03-25,2010-09-23,99.878667,29000577900
912795UQ2,Bill,56-Day,2010-03-17,2010-03-18,2010-05-13,99.977444,25000595500
912795UM1,Bill,4-Week,2010-03-16,2010-03-18,2010-04-15,99.9895,34781831500
912795UU3,Bill,13-Week,2010-03-15,2010-03-18,2010-06-17,99.958292,27000268700
912795VB4,Bill,26-Week,2010-03-15,2010-03-18,2010-09-16,99.878667,29000106200
912795U41,Bill,56-Day,2010-03-10,2010-03-11,2010-05-06,99.977444,25001128500
912795U33,Bill,4-Week,2010-03-09,2010-03-11,2010-04-08,99.991444,36938584700
912795V99,Bill,52-Week,2010-03-09,2010-03-11,2011-03-10,99.620833,26000219400
912795UT6,Bill,13-Week,2010-03-08,2010-03-11,2010-06-10,99.962083,26000287500
912795VA6,Bill,26-Week,2010-03-08,2010-03-11,2010-09-09,99.896361,28000550700
912795UP4,Bill,56-Day,2010-03-03,2010-03-04,2010-04-29,99.980556,25000350000
912795UL3,Bill,4-Week,2010-03-02,2010-03-04,2010-04-01,99.993778,33418092000
912795U58,Bill,13-Week,2010-03-01,2010-03-04,2010-06-03,99.968403,26000458000
912795V73,Bill,26-Week,2010-03-01,2010-03-04,2010-09-02,99.906472,28000426500
912795UN9,Bill,56-Day,2010-02-24,2010-02-25,2010-04-22,99.984444,25001192400
912795T84,Bill,4-Week,2010-02-23,2010-02-25,2010-03-25,99.995722,37285882600
912795US8,Bill,13-Week,2010-02-22,2010-02-25,2010-05-27,99.974722,26000964100
912795U82,Bill,26-Week,2010-02-22,2010-02-25,2010-08-26,99.903944,28000608900
912795T76,Bill,4-Week,2010-02-17,2010-02-18,2010-03-18,99.995333,35781807600
912795UR0,Bill,13-Week,2010-02-16,2010-02-18,2010-05-20,99.974722,25000653400
912795V65,Bill,26-Week,2010-02-16,2010-02-18,2010-08-19,99.906472,28000749700
912795T68,Bill,4-Week,2010-02-09,2010-02-11,2010-03-11,99.995722,29938418300
912795V40,Bill,52-Week,2010-02-09,2010-02-11,2011-02-10,99.676444,26000054600
912795UQ2,Bill,13-Week,2010-02-08,2010-02-11,2010-05-13,99.972194,24000183800
912795V57,Bill,26-Week,2010-02-08,2010-02-11,2010-08-12,99.914056,27000114200
912795T43,Bill,21-Day,2010-02-03,2010-02-04,2010-02-25,99.998833,5000053500
912795T50,Bill,4-Week,2010-02-02,2010-02-04,2010-03-04,99.996889,19418241500
912795U41,Bill,13-Week,2010-02-01,2010-02-04,2010-05-06,99.975986,23000005600
912795V24,Bill,26-Week,2010-02-01,2010-02-04,2010-08-05,99.916583,26000061300
912795T43,Bill,4-Week,2010-01-26,2010-01-28,2010-02-25,100.0,16285497000
912795UP4,Bill,13-Week,2010-01-25,2010-01-28,2010-04-29,99.986097,23000242900
912795U74,Bill,26-Week,2010-01-25,2010-01-28,2010-07-29,99.93175,25000463300
912795T35,Bill,4-Week,2010-01-20,2010-01-21,2010-02-18,99.999611,13781722900
912795UN9,Bill,13-Week,2010-01-19,2010-01-21,2010-04-22,99.984833,23000713400
912795UZ2,Bill,26-Week,2010-01-19,2010-01-21,2010-07-22,99.926694,25000353100
912795T27,Bill,4-Week,2010-01-12,2010-01-14,2010-02-11,100.0,15938077900
912795UX7,Bill,52-Week,2010-01-12,2010-01-14,2011-01-13,99.661278,26000139000
912795UM1,Bill,13-Week,2010-01-11,2010-01-14,2010-04-15,99.989889,24000286000
912795UY5,Bill,26-Week,2010-01-11,2010-01-14,2010-07-15,99.934278,25000554200
912795S85,Bill,4-Week,2010-01-05,2010-01-07,2010-02-04,99.998056,18418406400
912795U33,Bill,13-Week,2010-01-04,2010-01-07,2010-04-08,99.979778,25000203200
912795UW9,Bill,26-Week,2010-01-04,2010-01-07,2010-07-08,99.909,26000423000
912795S85,Bill,36-Day,2009-12-30,2009-12-30,2010-02-04,100.0,5000999500
912795S77,Bill,4-Week,2009-12-29,2009-12-31,2010-01-28,99.999222,29285342600
912795UL3,Bill,13-Week,2009-12-28,2009-12-31,2010-04-01,99.972194,28000022300
912795U66,Bill,26-Week,2009-12-28,2009-12-31,2010-07-01,99.898889,29000453400
912795R94,Bill,4-Week,2009-12-22,2009-12-24,2010-01-21,99.999611,31782184300
912795T84,Bill,13-Week,2009-12-21,2009-12-24,2010-03-25,99.982306,30000409700
912795UV1,Bill,26-Week,2009-12-21,2009-12-24,2010-06-24,99.914056,31000179700
912795R86,Bill,4-Week,2009-12-15,2009-12-17,2010-01-14,100.0,33940257600
912795UK5,Bill,52-Week,2009-12-15,2009-12-17,2010-12-16,99.585444,27000212000
912795T76,Bill,13-Week,2009-12-14,2009-12-17,2010-03-18,99.989889,30000034200
912795UU3,Bill,26-Week,2009-12-14,2009-12-17,2010-06-17,99.919111,31000062200
912795Y47,Bill,19-Day,2009-12-09,2009-12-10,2009-12-29,99.995778,15000208000
912795Y39,Bill,4-Day,2009-12-08,2009-12-10,2009-12-14,99.999222,12000055000
912795R78,Bill,4-Week,2009-12-08,2009-12-10,2010-01-07,100.0,31422061900
912795T68,Bill,13-Week,2009-12-07,2009-12-10,2010-03-11,99.987361,30000377500
912795UT6,Bill,26-Week,2009-12-07,2009-12-10,2010-06-10,99.916583,31000079400
912795R60,Bill,4-Week,2009-12-01,2009-12-03,2009-12-31,99.993389,37285251800
912795T50,Bill,13-Week,2009-11-30,2009-12-03,2010-03-04,99.984833,30000351500
912795U58,Bill,26-Week,2009-11-30,2009-12-03,2010-06-03,99.924167,31000586700
912795R52,Bill,4-Week,2009-11-24,2009-11-27,2009-12-24,99.9955,35782205800
912795T43,Bill,13-Week,2009-11-23,2009-11-27,2010-02-25,99.99,30000180500
912795US8,Bill,26-Week,2009-11-23,2009-11-27,2010-05-27,99.929611,31000354300
912795S69,Bill,4-Week,2009-11-17,2009-11-19,2009-12-17,99.996111,37938941000
912795UJ8,Bill,52-Week,2009-11-17,2009-11-19,2010-11-18,99.6815,27000110000
912795T35,Bill,13-Week,2009-11-16,2009-11-19,2010-02-18,99.983569,30000703400
912795UR0,Bill,26-Week,2009-11-16,2009-11-19,2010-05-20,99.916583,31000306300
912795R37,Bill,4-Week,2009-11-10,2009-11-12,2009-12-10,99.995333,32418447800
912795T27,Bill,13-Week,2009-11-09,2009-11-12,2010-02-11,99.983569,30000375000
912795UQ2,Bill,26-Week,2009-11-09,2009-11-12,2010-05-13,99.916583,31000519000
912795Q61,Bill,4-Week,2009-11-03,2009-11-05,2009-12-03,99.997278,34285444400
912795S85,Bill,13-Week,2009-11-02,2009-11-05,2010-02-04,99.984833,29000146400
912795U41,Bill,26-Week,2009-11-02,2009-11-05,2010-05-06,99.914056,30000332000
912795U82,Bill,300-Day,2009-10-28,2009-10-30,2010-08-26,99.7375,25000489500
912795Q53,Bill,4-Week,2009-10-27,2009-10-29,2009-11-27,99.996375,31781752700
912795S77,Bill,13-Week,2009-10-26,2009-10-29,2010-01-28,99.981042,29000034900
912795UP4,Bill,26-Week,2009-10-26,2009-10-29,2010-04-29,99.906472,30000120000
912795R37,Bill,42-Day,2009-10-21,2009-10-29,2009-12-10,99.993,15000205500
912795S51,Bill,4-Week,2009-10-20,2009-10-22,2009-11-19,99.9965,29938009600
912795UH2,Bill,52-Week,2009-10-20,2009-10-22,2010-10-21,99.620833,27000294300
912795R94,Bill,13-Week,2009-10-19,2009-10-22,2010-01-21,99.979778,30000080400
912795UN9,Bill,26-Week,2009-10-19,2009-10-22,2010-04-22,99.914056,30000359000
912795Q38,Bill,4-Week,2009-10-14,2009-10-15,2009-11-12,99.996111,26418697800
912795R86,Bill,13-Week,2009-10-13,2009-10-15,2010-01-14,99.982306,30000287200
912795UM1,Bill,26-Week,2009-10-13,2009-10-15,2010-04-15,99.924167,30000720200
912795P96,Bill,16-Day,2009-10-08,2009-10-13,2009-10-29,99.998222,10000255000
912795Q20,Bill,4-Week,2009-10-06,2009-10-08,2009-11-05,99.996889,30285698400
912795R78,Bill,13-Week,2009-10-05,2009-10-08,2010-01-07,99.981042,30000022800
912795U33,Bill,26-Week,2009-10-05,2009-10-08,2010-04-08,99.924167,30000242700
912795P96,Bill,4-Week,2009-09-29,2009-10-01,2009-10-29,99.996889,25781604200
912795R60,Bill,13-Week,2009-09-28,2009-10-01,2009-12-31,99.970931,30000017700
912795UL3,Bill,26-Week,2009-09-28,2009-10-01,2010-04-01,99.903944,29000211300
912795S44,Bill,4-Week,2009-09-22,2009-09-24,2009-10-22,99.996889,21938171200
912795U90,Bill,52-Week,2009-09-22,2009-09-24,2010-09-23,99.5905,27000011600
912795R52,Bill,13-Week,2009-09-21,2009-09-24,2009-12-24,99.974722,29000184900
912795T84,Bill,26-Week,2009-09-21,2009-09-24,2010-03-25,99.903944,29000510200
912795P70,Bill,4-Week,2009-09-15,2009-09-17,2009-10-15,99.997667,17418392600
912795S69,Bill,13-Week,2009-09-14,2009-09-17,2009-12-17,99.965875,29000084500
912795T76,Bill,26-Week,2009-09-14,2009-09-17,2010-03-18,99.893833,29000564200
912795P62,Bill,4-Week,2009-09-09,2009-09-10,2009-10-08,99.993,28285609700
912795R37,Bill,13-Week,2009-09-08,2009-09-10,2009-12-10,99.964611,29000540600
912795T68,Bill,26-Week,2009-09-08,2009-09-10,2010-03-11,99.88625,29000340800
912795UY5,Bill,308-Day,2009-09-03,2009-09-10,2010-07-15,99.670611,29000261000
912795P54,Bill,4-Week,2009-09-01,2009-09-03,2009-10-01,99.993389,29781908400
912795Q61,Bill,13-Week,2009-08-31,2009-09-03,2009-12-03,99.962083,30000763400
912795T50,Bill,26-Week,2009-08-31,2009-09-03,2010-03-04,99.878667,29000511700
912795S36,Bill,4-Week,2009-08-25,2009-08-27,2009-09-24,99.990667,35938437800
912795U82,Bill,52-Week,2009-08-25,2009-08-27,2010-08-26,99.534889,27000329800
912795Q53,Bill,13-Week,2009-08-24,2009-08-27,2009-11-27,99.959111,31000442800
912795T43,Bill,26-Week,2009-08-24,2009-08-27,2010-02-25,99.871083,30000104600
912795P96,Bill,70-Day,2009-08-19,2009-08-20,2009-10-29,99.971806,30000290500
912795P39,Bill,4-Week,2009-08-18,2009-08-20,2009-09-17,99.990278,34418136500
912795S51,Bill,13-Week,2009-08-17,2009-08-20,2009-11-19,99.9545,31000520800
912795T35,Bill,26-Week,2009-08-17,2009-08-20,2010-02-18,99.8635,30000418000
912795UU3,Bill,303-Day,2009-08-13,2009-08-18,2010-06-17,99.625458,36000508000
912795P21,Bill,4-Week,2009-08-11,2009-08-13,2009-09-10,99.988333,41285745700
912795Q38,Bill,13-Week,2009-08-10,2009-08-13,2009-11-12,99.953236,33000974600
912795T27,Bill,26-Week,2009-08-10,2009-08-13,2010-02-11,99.855917,31000409700
912795S44,Bill,70-Day,2009-08-07,2009-08-13,2009-10-22,99.964028,35000451500
912795P70,Bill,70-Day,2009-08-05,2009-08-06,2009-10-15,99.964028,35000017000
912795N98,Bill,4-Week,2009-08-04,2009-08-06,2009-09-03,99.988722,34782102300
912795Q20,Bill,13-Week,2009-08-03,2009-08-06,2009-11-05,99.9545,31000290900
912795S85,Bill,26-Week,2009-08-03,2009-08-06,2010-02-04,99.860972,31000283500
912795S28,Bill,4-Week,2009-07-28,2009-07-30,2009-08-27,99.989889,35938017000
912795U74,Bill,52-Week,2009-07-28,2009-07-30,2010-07-29,99.524778,27000490900
912795P96,Bill,13-Week,2009-07-27,2009-07-30,2009-10-29,99.951972,32001331000
912795S77,Bill,26-Week,2009-07-27,2009-07-30,2010-01-28,99.860972,31000091200
912795P62,Bill,70-Day,2009-07-24,2009-07-30,2009-10-08,99.964028,30000161000
912795P54,Bill,70-Day,2009-07-22,2009-07-23,2009-10-01,99.965,35000339500
912795N72,Bill,4-Week,2009-07-21,2009-07-23,2009-08-20,99.988333,33418707900
912795S44,Bill,13-Week,2009-07-20,2009-07-23,2009-10-22,99.951972,32000595300
912795R94,Bill,26-Week,2009-07-20,2009-07-23,2010-01-21,99.855917,31000055500
912795S36,Bill,70-Day,2009-07-15,2009-07-16,2009-09-24,99.964028,35000254000
912795N64,Bill,4-Week,2009-07-14,2009-07-16,2009-08-13,99.987944,40285354100
912795P70,Bill,13-Week,2009-07-13,2009-07-16,2009-10-15,99.9545,32000903100
912795R86,Bill,26-Week,2009-07-13,2009-07-16,2010-01-14,99.8635,30000033300
912795N56,Bill,4-Week,2009-07-07,2009-07-09,2009-08-06,99.987556,37782079800
912795P62,Bill,13-Week,2009-07-06,2009-07-09,2009-10-08,99.951972,32000147000
912795R78,Bill,26-Week,2009-07-06,2009-07-09,2010-01-07,99.855917,31000088300
912795UT6,Bill,339-Day,2009-07-01,2009-07-06,2010-06-10,99.4915,30000304000
912795Q95,Bill,4-Week,2009-06-30,2009-07-02,2009-07-30,99.987556,40938448400
912795U66,Bill,52-Week,2009-06-30,2009-07-02,2010-07-01,99.448944,27000077700
912795P54,Bill,13-Week,2009-06-29,2009-07-02,2009-10-01,99.950708,32000654300
912795R60,Bill,26-Week,2009-06-29,2009-07-02,2009-12-31,99.823056,30000305200
912795N31,Bill,4-Week,2009-06-23,2009-06-25,2009-07-23,99.988333,31418526700
912795S36,Bill,13-Week,2009-06-22,2009-06-25,2009-09-24,99.950708,31000049500
912795R52,Bill,26-Week,2009-06-22,2009-06-25,2009-12-24,99.830639,30000155300
912795N23,Bill,4-Week,2009-06-16,2009-06-18,2009-07-16,99.992611,31285230100
912795P39,Bill,13-Week,2009-06-15,2009-06-18,2009-09-17,99.959556,31000359800
912795S69,Bill,26-Week,2009-06-15,2009-06-18,2009-12-17,99.853389,30000355100
912795M99,Bill,4-Week,2009-06-09,2009-06-11,2009-07-09,99.994167,33781583300
912795P21,Bill,13-Week,2009-06-08,2009-06-11,2009-09-10,99.951972,31000184000
912795R37,Bill,26-Week,2009-06-08,2009-06-11,2009-12-10,99.825583,31000196400
912795N72,Bill,70-Day,2009-06-05,2009-06-11,2009-08-20,99.965,30000234600
9127952E0,Bill,11-Day,2009-06-03,2009-06-04,2009-06-15,99.995111,26000288000
912795N64,Bill,70-Day,2009-06-03,2009-06-04,2009-08-13,99.974722,35000006000
912795Q87,Bill,4-Week,2009-06-02,2009-06-04,2009-07-02,99.996111,40938490000
912795U58,Bill,52-Week,2009-06-02,2009-06-04,2010-06-03,99.550056,26000402300
912795N98,Bill,13-Week,2009-06-01,2009-06-04,2009-09-03,99.962083,31000101600
912795Q61,Bill,26-Week,2009-06-01,2009-06-04,2009-12-03,99.853389,31000441700
912795M65,Bill,4-Week,2009-05-27,2009-05-28,2009-06-25,99.990667,37418109200
912795S28,Bill,13-Week,2009-05-26,2009-05-28,2009-08-27,99.955764,31000304300
912795Q53,Bill,26-Week,2009-05-26,2009-05-28,2009-11-27,99.8475,30000182700
912795N56,Bill,70-Day,2009-05-21,2009-05-28,2009-08-06,99.966944,35000253000
912795M57,Bill,4-Week,2009-05-19,2009-05-21,2009-06-18,99.989889,41285129900
912795N72,Bill,13-Week,2009-05-18,2009-05-21,2009-08-20,99.953236,31000218600
912795S51,Bill,26-Week,2009-05-18,2009-05-21,2009-11-19,99.850861,29000115200
912795Q95,Bill,70-Day,2009-05-15,2009-05-21,2009-07-30,99.965972,30000466000
912795N31,Bill,70-Day,2009-05-13,2009-05-14,2009-07-23,99.966944,35000393200
912795UL3,Bill,321-Day,2009-05-12,2009-05-15,2010-04-01,99.554167,35000629000
912795M40,Bill,4-Week,2009-05-12,2009-05-14,2009-06-11,99.989111,37781831800
912795N64,Bill,13-Week,2009-05-11,2009-05-14,2009-08-13,99.951972,31000260100
912795Q38,Bill,26-Week,2009-05-11,2009-05-14,2009-11-12,99.845806,29000008200
912795Q79,Bill,4-Week,2009-05-05,2009-05-07,2009-06-04,99.988722,33938028100
912795U41,Bill,52-Week,2009-05-05,2009-05-07,2010-05-06,99.464111,26000285600
912795N56,Bill,13-Week,2009-05-04,2009-05-07,2009-08-06,99.950708,30000150100
912795Q20,Bill,26-Week,2009-05-04,2009-05-07,2009-11-05,99.833167,28000185000
912795N23,Bill,70-Day,2009-04-30,2009-05-07,2009-07-16,99.971806,35000063200
912795M24,Bill,4-Week,2009-04-28,2009-04-30,2009-05-28,99.995722,22418146500
912795Q95,Bill,13-Week,2009-04-27,2009-04-30,2009-07-30,99.965875,29000194500
912795P96,Bill,26-Week,2009-04-27,2009-04-30,2009-10-29,99.845806,28000103400
912795L90,Bill,4-Week,2009-04-21,2009-04-23,2009-05-21,99.994556,26285332800
912795N31,Bill,13-Week,2009-04-20,2009-04-23,2009-07-23,99.965875,28000119600
912795S44,Bill,26-Week,2009-04-20,2009-04-23,2009-10-22,99.833167,27000383900
912795L82,Bill,4-Week,2009-04-14,2009-04-16,2009-05-14,99.993778,25781639300
912795N23,Bill,13-Week,2009-04-13,2009-04-16,2009-07-16,99.9545,28000465900
912795P70,Bill,26-Week,2009-04-13,2009-04-16,2009-10-15,99.812944,27000468800
912795L74,Bill,4-Week,2009-04-07,2009-04-09,2009-05-07,99.987556,33938422100
912795U33,Bill,52-Week,2009-04-07,2009-04-09,2010-04-08,99.403444,25000435200
912795M99,Bill,13-Week,2009-04-06,2009-04-09,2009-07-09,99.949444,30000635900
912795P62,Bill,26-Week,2009-04-06,2009-04-09,2009-10-08,99.797778,28000337400
912795Q79,Bill,56-Day,2009-04-03,2009-04-09,2009-06-04,99.967333,35000179000
912795L41,Bill,13-Day,2009-04-01,2009-04-03,2009-04-16,99.991694,29000072000
912795M24,Bill,56-Day,2009-04-01,2009-04-02,2009-05-28,99.964222,35000206000
912795L66,Bill,4-Week,2009-03-31,2009-04-02,2009-04-30,99.986778,36418098400
912795Q87,Bill,13-Week,2009-03-30,2009-04-02,2009-07-02,99.950708,31000265900
912795P54,Bill,26-Week,2009-03-30,2009-04-02,2009-10-01,99.787667,29000172500
912795L58,Bill,4-Week,2009-03-24,2009-03-26,2009-04-23,99.996111,41285381500
912795M65,Bill,13-Week,2009-03-23,2009-03-26,2009-06-25,99.943125,31000005100
912795S36,Bill,26-Week,2009-03-23,2009-03-26,2009-09-24,99.802833,29000084000
912795M40,Bill,77-Day,2009-03-20,2009-03-26,2009-06-11,99.952944,30000571000
912795L82,Bill,56-Day,2009-03-18,2009-03-19,2009-05-14,99.972,35001582000
912795L41,Bill,4-Week,2009-03-17,2009-03-19,2009-04-16,99.989889,38781571800
912795M57,Bill,13-Week,2009-03-16,2009-03-19,2009-06-18,99.936806,30000419600
912795P39,Bill,26-Week,2009-03-16,2009-03-19,2009-09-17,99.775028,29000123900
912795L33,Bill,4-Week,2009-03-10,2009-03-12,2009-04-09,99.989889,39938014000
912795T68,Bill,52-Week,2009-03-10,2009-03-12,2010-03-11,99.292222,24000095600
912795M40,Bill,13-Week,2009-03-09,2009-03-12,2009-06-11,99.939333,31000073900
912795P21,Bill,26-Week,2009-03-09,2009-03-12,2009-09-10,99.767444,30000104600
912795L90,Bill,70-Day,2009-03-06,2009-03-12,2009-05-21,99.959167,30000161300
912795L74,Bill,63-Day,2009-03-04,2009-03-05,2009-05-07,99.9615,35000247000
912795L25,Bill,4-Week,2009-03-03,2009-03-05,2009-04-02,99.988333,36419403200
912795Q79,Bill,13-Week,2009-03-02,2009-03-05,2009-06-04,99.929222,31000269200
912795N98,Bill,26-Week,2009-03-02,2009-03-05,2009-09-03,99.777556,29000128400
912795S69,Bill,294-Day,2009-02-25,2009-02-26,2009-12-17,99.42425,40000179000
912795K91,Bill,4-Week,2009-02-24,2009-02-26,2009-03-26,99.984056,40285211500
912795M24,Bill,13-Week,2009-02-23,2009-02-26,2009-05-28,99.924167,31000023900
912795S28,Bill,26-Week,2009-02-23,2009-02-26,2009-08-27,99.74975,30000125300
912795S51,Bill,272-Day,2009-02-19,2009-02-20,2009-11-19,99.512667,35000006000
912795K83,Bill,4-Week,2009-02-18,2009-02-19,2009-03-19,99.982111,39781624000
912795L90,Bill,13-Week,2009-02-17,2009-02-19,2009-05-21,99.917847,31000050200
912795N72,Bill,26-Week,2009-02-17,2009-02-19,2009-08-20,99.762389,30000085700
912795K75,Bill,4-Week,2009-02-10,2009-02-12,2009-03-12,99.980556,41938164600
912795T27,Bill,52-Week,2009-02-10,2009-02-12,2010-02-11,99.383222,23000310800
912795L82,Bill,13-Week,2009-02-09,2009-02-12,2009-05-14,99.914056,31000148000
912795N64,Bill,26-Week,2009-02-09,2009-02-12,2009-08-13,99.757333,30000853000
912795K91,Bill,49-Day,2009-02-04,2009-02-05,2009-03-26,99.960528,30000108500
912795K67,Bill,4-Week,2009-02-03,2009-02-05,2009-03-05,99.977833,36418079600
912795L74,Bill,13-Week,2009-02-02,2009-02-05,2009-05-07,99.93175,29000053000
912795N56,Bill,26-Week,2009-02-02,2009-02-05,2009-08-06,99.802833,29000214000
912795L33,Bill,70-Day,2009-01-28,2009-01-29,2009-04-09,99.961111,35000790000
912795K59,Bill,4-Week,2009-01-27,2009-01-29,2009-02-26,99.996889,38285124800
912795L66,Bill,13-Week,2009-01-26,2009-01-29,2009-04-30,99.962083,29000064900
912795Q95,Bill,26-Week,2009-01-26,2009-01-29,2009-07-30,99.825583,28000020000
912795K42,Bill,4-Week,2009-01-21,2009-01-22,2009-02-19,99.997667,33781612600
912795L25,Bill,70-Day,2009-01-21,2009-01-22,2009-04-02,99.980556,35000348500
912795L58,Bill,13-Week,2009-01-20,2009-01-22,2009-04-23,99.964611,27000334400
912795N31,Bill,26-Week,2009-01-20,2009-01-22,2009-07-23,99.838222,27000158800
912795K75,Bill,56-Day,2009-01-14,2009-01-15,2009-03-12,99.986778,30000125000
912795K34,Bill,4-Week,2009-01-13,2009-01-15,2009-02-12,99.998444,29938048600
912795R86,Bill,52-Week,2009-01-13,2009-01-15,2010-01-14,99.565222,22000080500
912795L41,Bill,13-Week,2009-01-12,2009-01-15,2009-04-16,99.969667,26000176900
912795N23,Bill,26-Week,2009-01-12,2009-01-15,2009-07-16,99.853389,27000169500
912795K83,Bill,70-Day,2009-01-07,2009-01-08,2009-03-19,99.980556,35000003400
912795K26,Bill,4-Week,2009-01-06,2009-01-08,2009-02-05,99.995333,26418174400
912795L33,Bill,13-Week,2009-01-05,2009-01-08,2009-04-09,99.962083,26000012100
912795M99,Bill,26-Week,2009-01-05,2009-01-08,2009-07-09,99.838222,27000032900
912795J93,Bill,4-Week,2008-12-30,2009-01-02,2009-01-29,99.99775,28285189500
912795K67,Bill,62-Day,2008-12-30,2009-01-02,2009-03-05,99.975889,35000061000
912795L25,Bill,13-Week,2008-12-29,2009-01-02,2009-04-02,99.9875,26000042400
912795Q87,Bill,26-Week,2008-12-29,2009-01-02,2009-07-02,99.874306,27000024300
912795J85,Bill,4-Week,2008-12-23,2008-12-26,2009-01-22,100.0,25783168900
912795K91,Bill,13-Week,2008-12-22,2008-12-26,2009-03-26,99.99,27000111500
912795M65,Bill,26-Week,2008-12-22,2008-12-26,2009-06-25,99.856708,27000072500
912795J77,Bill,4-Week,2008-12-16,2008-12-18,2009-01-15,100.0,30941285400
912795S69,Bill,52-Week,2008-12-16,2008-12-18,2009-12-17,99.403444,22000150400
912795K83,Bill,13-Week,2008-12-15,2008-12-18,2009-03-19,99.987361,27000009500
912795M57,Bill,26-Week,2008-12-15,2008-12-18,2009-06-18,99.8635,27000029900
912795V81,Bill,278-Day,2008-12-10,2008-12-11,2009-09-15,99.698833,20000082000
912795J69,Bill,4-Week,2008-12-09,2008-12-11,2009-01-08,100.0,32420952400
912795K75,Bill,13-Week,2008-12-08,2008-12-11,2009-03-12,99.998736,27000036200
912795M40,Bill,26-Week,2008-12-08,2008-12-11,2009-06-11,99.848333,27000222600
912795J51,Bill,4-Week,2008-12-02,2008-12-04,2009-01-02,99.996778,42285253600
912795K67,Bill,13-Week,2008-12-01,2008-12-04,2009-03-05,99.987361,28000000400
912795Q79,Bill,26-Week,2008-12-01,2008-12-04,2009-06-04,99.782611,28000036800
912795J44,Bill,4-Week,2008-11-25,2008-11-28,2008-12-26,99.996111,35781594400
912795S44,Bill,328-Day,2008-11-25,2008-11-28,2009-10-22,99.088889,35000235000
912795K59,Bill,13-Week,2008-11-24,2008-11-28,2009-02-26,99.9625,28000048900
912795M24,Bill,26-Week,2008-11-24,2008-11-28,2009-05-28,99.753639,28000054900
912795J36,Bill,4-Week,2008-11-18,2008-11-20,2008-12-18,99.992222,37938128900
912795S51,Bill,52-Week,2008-11-18,2008-11-20,2009-11-19,98.948444,22000166900
912795K42,Bill,13-Week,2008-11-17,2008-11-20,2009-02-19,99.962083,27000132500
912795L90,Bill,26-Week,2008-11-17,2008-11-20,2009-05-21,99.575333,27000119000
912795Q95,Bill,254-Day,2008-11-17,2008-11-18,2009-07-30,99.259167,35000001600
912795V32,Bill,182-Day,2008-11-13,2008-11-14,2009-05-15,99.4995,40000032000
912795J28,Bill,4-Week,2008-11-12,2008-11-13,2008-12-11,99.994556,36418068000
912795K34,Bill,13-Week,2008-11-10,2008-11-13,2009-02-12,99.910264,27000032700
912795L82,Bill,26-Week,2008-11-10,2008-11-13,2009-05-14,99.4995,27000066500
912795J85,Bill,77-Day,2008-11-05,2008-11-06,2009-01-22,99.910167,30000284500
912795H95,Bill,4-Week,2008-11-04,2008-11-06,2008-12-04,99.975111,40285106200
912795Q87,Bill,238-Day,2008-11-04,2008-11-06,2009-07-02,99.120722,40000274000
912795K26,Bill,13-Week,2008-11-03,2008-11-06,2009-02-05,99.866028,27000087300
912795L74,Bill,26-Week,2008-11-03,2008-11-06,2009-05-07,99.443889,27000149800
912795J51,Bill,64-Day,2008-10-29,2008-10-30,2009-01-02,99.875556,40000116000
912795H87,Bill,4-Week,2008-10-28,2008-10-30,2008-11-28,99.964556,30781601000
912795J93,Bill,13-Week,2008-10-27,2008-10-30,2009-01-29,99.7725,25000211800
912795L66,Bill,26-Week,2008-10-27,2008-10-30,2009-04-30,99.292222,25000232400
912795J93,Bill,98-Day,2008-10-22,2008-10-23,2009-01-29,99.662444,40000069500
912795H79,Bill,4-Week,2008-10-21,2008-10-23,2008-11-20,99.945556,32938065200
912795S44,Bill,52-Week,2008-10-21,2008-10-23,2009-10-22,98.260889,21000032700
912795J85,Bill,13-Week,2008-10-20,2008-10-23,2009-01-22,99.684028,25000081300
912795L58,Bill,26-Week,2008-10-20,2008-10-23,2009-04-23,99.09,26000012400
912795Q79,Bill,225-Day,2008-10-20,2008-10-22,2009-06-04,99.0,35000204000
912795J51,Bill,74-Day,2008-10-17,2008-10-20,2009-01-02,99.835556,30000105000
912795J85,Bill,94-Day,2008-10-17,2008-10-20,2009-01-22,99.757167,30000022000
912795T92,Bill,191-Day,2008-10-16,2008-10-20,2009-04-29,99.28375,35000031000
912795U25,Bill,247-Day,2008-10-16,2008-10-20,2009-06-24,99.07375,35000280000
912795H61,Bill,4-Week,2008-10-15,2008-10-16,2008-11-13,99.992222,29418070500
912795J36,Bill,63-Day,2008-10-15,2008-10-16,2008-12-18,99.91425,45000152700
912795J77,Bill,13-Week,2008-10-14,2008-10-16,2009-01-15,99.873611,25000290500
912795L41,Bill,26-Week,2008-10-14,2008-10-16,2009-04-16,99.443889,27000075400
912795J77,Bill,97-Day,2008-10-09,2008-10-10,2009-01-15,99.784444,30000440000
912795J28,Bill,63-Day,2008-10-08,2008-10-09,2008-12-11,99.86525,40000074000
912795H53,Bill,4-Week,2008-10-07,2008-10-09,2008-11-06,99.947111,31285104400
912795J44,Bill,79-Day,2008-10-07,2008-10-08,2008-12-26,99.738861,30000120000
912795J69,Bill,13-Week,2008-10-06,2008-10-09,2009-01-08,99.883722,26000014000
912795L33,Bill,26-Week,2008-10-06,2008-10-09,2009-04-09,99.443889,27000008800
912795J36,Bill,72-Day,2008-10-06,2008-10-07,2008-12-18,99.9,30000218400
912795H87,Bill,56-Day,2008-10-02,2008-10-03,2008-11-28,99.880222,45000012000
912795H61,Bill,42-Day,2008-10-01,2008-10-02,2008-11-13,99.871667,50000118000
912795H46,Bill,4-Week,2008-09-30,2008-10-02,2008-10-30,99.921444,28781548600
912795H20,Bill,15-Day,2008-09-30,2008-10-01,2008-10-16,99.95875,45000212000
912795J51,Bill,13-Week,2008-09-29,2008-10-02,2009-01-02,99.718889,26000089100
912795L25,Bill,26-Week,2008-09-29,2008-10-02,2009-04-02,99.221444,27000071800
912795J69,Bill,101-Day,2008-09-26,2008-09-29,2009-01-08,99.537083,60000408000
912795H46,Bill,34-Day,2008-09-25,2008-09-26,2008-10-30,99.9065,40000153000
912795G88,Bill,7-Day,2008-09-24,2008-09-25,2008-10-02,99.999028,40000145400
912795H38,Bill,4-Week,2008-09-23,2008-09-25,2008-10-23,99.972778,33885200900
912795S36,Bill,52-Week,2008-09-23,2008-09-25,2009-09-24,98.023278,20000017500
912795J44,Bill,13-Week,2008-09-22,2008-09-25,2008-12-26,99.637111,27000008000
912795K91,Bill,26-Week,2008-09-22,2008-09-25,2009-03-26,99.095056,27000105600
912795H53,Bill,45-Day,2008-09-19,2008-09-22,2008-11-06,99.775,30000022000
912795H79,Bill,59-Day,2008-09-19,2008-09-22,2008-11-20,99.673861,30000446000
912795G96,Bill,20-Day,2008-09-18,2008-09-19,2008-10-09,99.994444,30000134000
912795H95,Bill,76-Day,2008-09-18,2008-09-19,2008-12-04,99.947222,30000104000
912795H38,Bill,35-Day,2008-09-17,2008-09-18,2008-10-23,99.970833,40000050000
912795H20,Bill,4-Week,2008-09-16,2008-09-18,2008-10-16,99.976667,31000159000
912795J36,Bill,13-Week,2008-09-15,2008-09-18,2008-12-18,99.734583,28000025400
912795K83,Bill,26-Week,2008-09-15,2008-09-18,2009-03-19,99.216389,27000096500
912795G96,Bill,4-Week,2008-09-09,2008-09-11,2008-10-09,99.8775,29285082500
912795J28,Bill,13-Week,2008-09-08,2008-09-11,2008-12-11,99.572806,26000129000
912795K75,Bill,26-Week,2008-09-08,2008-09-11,2009-03-12,99.039444,25000067000
912795S93,Bill,6-Day,2008-09-08,2008-09-09,2008-09-15,99.966667,20000825000
912795G88,Bill,4-Week,2008-09-03,2008-09-04,2008-10-02,99.880222,29781565900
912795H95,Bill,13-Week,2008-09-02,2008-09-04,2008-12-04,99.574069,27000010200
912795K67,Bill,26-Week,2008-09-02,2008-09-04,2009-03-05,99.0445,26000053300
912795G70,Bill,4-Week,2008-08-26,2008-08-28,2008-09-25,99.867,32885150300
912795S28,Bill,52-Week,2008-08-26,2008-08-28,2009-08-27,97.836222,20000028200
912795H87,Bill,13-Week,2008-08-25,2008-08-28,2008-11-28,99.563,28000107400
912795K59,Bill,26-Week,2008-08-25,2008-08-28,2009-02-26,99.026806,27000084300
912795G70,Bill,30-Day,2008-08-25,2008-08-26,2008-09-25,99.854167,11000242000
912795G62,Bill,4-Week,2008-08-19,2008-08-21,2008-09-18,99.860778,33317612800
912795H79,Bill,13-Week,2008-08-18,2008-08-21,2008-11-20,99.532361,28000023900
912795K42,Bill,26-Week,2008-08-18,2008-08-21,2009-02-19,98.999,27000286800
912795S93,Bill,31-Day,2008-08-14,2008-08-15,2008-09-15,99.832944,29000000000
912795G54,Bill,4-Week,2008-08-12,2008-08-14,2008-09-11,99.8565,31932714000
912795J77,Bill,155-Day,2008-08-12,2008-08-13,2009-01-15,99.160417,26000450000
912795H61,Bill,13-Week,2008-08-11,2008-08-14,2008-11-13,99.527306,26000103100
912795K34,Bill,26-Week,2008-08-11,2008-08-14,2009-02-12,98.978778,25000031600
912795G47,Bill,4-Week,2008-08-05,2008-08-07,2008-09-04,99.866222,29723995400
912795H53,Bill,13-Week,2008-08-04,2008-08-07,2008-11-06,99.56775,25000001700
912795K26,Bill,26-Week,2008-08-04,2008-08-07,2009-02-05,99.029333,24000009800
912795G39,Bill,4-Week,2008-07-29,2008-07-31,2008-08-28,99.867,30501055300
912795Q95,Bill,52-Week,2008-07-29,2008-07-31,2009-07-30,97.684556,19000101500
912795H46,Bill,13-Week,2008-07-28,2008-07-31,2008-10-30,99.571542,24000108000
912795J93,Bill,26-Week,2008-07-28,2008-07-31,2009-01-29,99.049556,23000216200
912795G21,Bill,4-Week,2008-07-22,2008-07-24,2008-08-21,99.887222,29410331600
912795H38,Bill,13-Week,2008-07-21,2008-07-24,2008-10-23,99.615778,24000095800
912795J85,Bill,26-Week,2008-07-21,2008-07-24,2009-01-22,99.029333,23000096800
912795F71,Bill,9-Day,2008-07-21,2008-07-22,2008-07-31,99.960875,9000015000
912795F97,Bill,4-Week,2008-07-15,2008-07-17,2008-08-14,99.883333,36914855100
912795H20,Bill,13-Week,2008-07-14,2008-07-17,2008-10-16,99.593028,24000024400
912795J77,Bill,26-Week,2008-07-14,2008-07-17,2009-01-15,99.011639,23000007600
912795F55,Bill,7-Day,2008-07-08,2008-07-10,2008-07-17,99.962472,6000080000
912795F89,Bill,4-Week,2008-07-08,2008-07-10,2008-08-07,99.854944,28493910800
912795G96,Bill,13-Week,2008-07-07,2008-07-10,2008-10-09,99.528569,24000019400
912795J69,Bill,26-Week,2008-07-07,2008-07-10,2009-01-08,98.958556,23000466500
912795F71,Bill,4-Week,2008-07-01,2008-07-03,2008-07-31,99.856111,27000105400
912795Q87,Bill,52-Week,2008-07-01,2008-07-03,2009-07-02,97.6795,17000008700
912795G88,Bill,13-Week,2008-06-30,2008-07-03,2008-10-02,99.519722,23000023200
912795J51,Bill,26-Week,2008-06-30,2008-07-03,2009-01-02,98.914708,22000050500
912795F63,Bill,4-Week,2008-06-24,2008-06-26,2008-07-24,99.877111,20000123300
912795G70,Bill,13-Week,2008-06-23,2008-06-26,2008-09-25,99.531097,22000003800
912795J44,Bill,26-Week,2008-06-23,2008-06-26,2008-12-26,98.853708,23000061000
912795F55,Bill,4-Week,2008-06-17,2008-06-19,2008-07-17,99.856889,20000025900
912795G62,Bill,13-Week,2008-06-16,2008-06-19,2008-09-18,99.481806,23000194000
912795J36,Bill,26-Week,2008-06-16,2008-06-19,2008-12-18,98.811944,24000060700
912795F48,Bill,4-Week,2008-06-10,2008-06-12,2008-07-10,99.845222,23000138100
912795R29,Bill,5-Day,2008-06-10,2008-06-11,2008-06-16,99.969583,22000390000
912795G54,Bill,13-Week,2008-06-09,2008-06-12,2008-09-11,99.532361,24000034900
912795J28,Bill,26-Week,2008-06-09,2008-06-12,2008-12-11,98.963611,24000103100
912795F30,Bill,4-Week,2008-06-03,2008-06-05,2008-07-03,99.853778,23000077000
912795Q79,Bill,52-Week,2008-06-03,2008-06-05,2009-06-04,97.871611,16000006100
912795G47,Bill,13-Week,2008-06-02,2008-06-05,2008-09-04,99.539944,24000312600
912795H95,Bill,26-Week,2008-06-02,2008-06-05,2008-12-04,99.014167,24000196500
912795R29,Bill,17-Day,2008-05-29,2008-05-30,2008-06-16,99.898472,19000200000
912795F22,Bill,4-Week,2008-05-28,2008-05-29,2008-06-26,99.847167,27000010800
912795G39,Bill,13-Week,2008-05-27,2008-05-29,2008-08-28,99.527306,25000171400
912795H87,Bill,26-Week,2008-05-27,2008-05-29,2008-11-28,99.024,23000103600
912795E98,Bill,4-Week,2008-05-20,2008-05-22,2008-06-19,99.846778,32000064000
912795G21,Bill,13-Week,2008-05-19,2008-05-22,2008-08-21,99.531097,25000025300
912795H79,Bill,26-Week,2008-05-19,2008-05-22,2008-11-20,99.047028,23000099200
912795E98,Bill,30-Day,2008-05-19,2008-05-20,2008-06-19,99.834167,18000211000
912795G62,Bill,126-Day,2008-05-14,2008-05-15,2008-09-18,99.34725,32000479000
912795E80,Bill,4-Week,2008-05-13,2008-05-15,2008-06-12,99.854556,33000153800
912795F97,Bill,13-Week,2008-05-12,2008-05-15,2008-08-14,99.545,24000007300
912795H61,Bill,26-Week,2008-05-12,2008-05-15,2008-11-13,99.064722,23000158400
912795E72,Bill,4-Week,2008-05-06,2008-05-08,2008-06-05,99.879444,24000009100
912795F89,Bill,13-Week,2008-05-05,2008-05-08,2008-08-07,99.593028,22000061600
912795H53,Bill,26-Week,2008-05-05,2008-05-08,2008-11-06,99.120333,21000069300
912795E64,Bill,4-Week,2008-04-29,2008-05-01,2008-05-29,99.902778,14000017600
912795F71,Bill,13-Week,2008-04-28,2008-05-01,2008-07-31,99.641056,20000027200
912795H46,Bill,26-Week,2008-04-28,2008-05-01,2008-10-30,99.140556,20000098700
912795E56,Bill,4-Week,2008-04-22,2008-04-24,2008-05-22,99.945556,11787854900
912795F63,Bill,13-Week,2008-04-21,2008-04-24,2008-07-24,99.666333,21381319900
912795H38,Bill,26-Week,2008-04-21,2008-04-24,2008-10-23,99.150667,22052879800
912795E49,Bill,4-Week,2008-04-15,2008-04-17,2008-05-15,99.933889,10717902700
912795M73,Bill,6-Day,2008-04-15,2008-04-16,2008-04-22,99.966667,20000160000
912795F55,Bill,13-Week,2008-04-14,2008-04-17,2008-07-17,99.732056,24373914300
912795H20,Bill,26-Week,2008-04-14,2008-04-17,2008-10-16,99.302333,22518039200
912795UD1,Bill,5-Day,2008-04-08,2008-04-10,2008-04-15,99.968194,25000080000
912795E31,Bill,4-Week,2008-04-08,2008-04-10,2008-05-08,99.902,10000075500
912795F48,Bill,13-Week,2008-04-07,2008-04-10,2008-07-10,99.633472,24000156200
912795G96,Bill,26-Week,2008-04-07,2008-04-10,2008-10-09,99.191111,21000130200
912795E23,Bill,4-Week,2008-04-01,2008-04-03,2008-05-01,99.881778,18000057000
912795F30,Bill,13-Week,2008-03-31,2008-04-03,2008-07-03,99.636,24000005000
912795G88,Bill,26-Week,2008-03-31,2008-04-03,2008-10-02,99.241667,21000033000
912795UG4,Bill,15-Day,2008-03-27,2008-04-01,2008-04-16,99.925,26000545000
912795UF6,Bill,25-Day,2008-03-25,2008-03-27,2008-04-21,99.906944,20000112000
912795D99,Bill,4-Week,2008-03-25,2008-03-27,2008-04-24,99.883333,24000602000
912795F22,Bill,13-Week,2008-03-24,2008-03-27,2008-06-26,99.696667,24000085000
912795G70,Bill,26-Week,2008-03-24,2008-03-27,2008-09-25,99.216389,22000112000
912795D81,Bill,4-Week,2008-03-18,2008-03-20,2008-04-17,99.959556,31000151000
912795E98,Bill,13-Week,2008-03-17,2008-03-20,2008-06-19,99.721944,24000060000
912795G62,Bill,26-Week,2008-03-17,2008-03-20,2008-09-18,99.337722,22000000000
912795D73,Bill,4-Week,2008-03-11,2008-03-13,2008-04-10,99.86,31000100000
912795E80,Bill,13-Week,2008-03-10,2008-03-13,2008-06-12,99.641056,25883437000
912795G54,Bill,26-Week,2008-03-10,2008-03-13,2008-09-11,99.266944,28552460000
912795D65,Bill,4-Week,2008-03-04,2008-03-06,2008-04-03,99.846,36332904000
912795E72,Bill,13-Week,2008-03-03,2008-03-06,2008-06-05,99.547528,27766378000
912795G47,Bill,26-Week,2008-03-03,2008-03-06,2008-09-04,99.084944,28966812000
912795UE9,Bill,14-Day,2008-02-28,2008-03-03,2008-03-17,99.900833,30000415000
912795D57,Bill,4-Week,2008-02-26,2008-02-28,2008-03-27,99.819556,36259258000
912795UE9,Bill,19-Day,2008-02-26,2008-02-27,2008-03-17,99.873333,10000185000
912795E64,Bill,13-Week,2008-02-25,2008-02-28,2008-05-29,99.454,27921489000
912795G39,Bill,26-Week,2008-02-25,2008-02-28,2008-08-28,98.9535,27554445000
912795D40,Bill,4-Week,2008-02-20,2008-02-21,2008-03-20,99.816444,33034828000
912795E56,Bill,13-Week,2008-02-19,2008-02-21,2008-05-22,99.443889,27344722000
912795G21,Bill,26-Week,2008-02-19,2008-02-21,2008-08-21,98.968667,27306285000
912795UD1,Bill,60-Day,2008-02-14,2008-02-15,2008-04-15,99.581667,30000086000
912795D81,Bill,63-Day,2008-02-13,2008-02-14,2008-04-17,99.573,19000103000
912795D32,Bill,4-Week,2008-02-12,2008-02-14,2008-03-13,99.805556,29643566000
912795E49,Bill,13-Week,2008-02-11,2008-02-14,2008-05-15,99.43125,29357091000
912795F97,Bill,26-Week,2008-02-11,2008-02-14,2008-08-14,98.948444,28568232000
912795D24,Bill,4-Week,2008-02-05,2008-02-07,2008-03-06,99.828111,29094232000
912795E31,Bill,13-Week,2008-02-04,2008-02-07,2008-05-08,99.436306,29082319000
912795F89,Bill,26-Week,2008-02-04,2008-02-07,2008-08-07,98.908,27731294000
912795C90,Bill,4-Week,2008-01-29,2008-01-31,2008-02-28,99.840556,20000024000
912795E23,Bill,13-Week,2008-01-28,2008-01-31,2008-05-01,99.409764,24391501000
912795F71,Bill,26-Week,2008-01-28,2008-01-31,2008-07-31,98.832167,27300234000
912795C82,Bill,4-Week,2008-01-23,2008-01-24,2008-02-21,99.863889,15000076000
912795D99,Bill,13-Week,2008-01-22,2008-01-24,2008-04-24,99.400917,22414003000
912795F63,Bill,26-Week,2008-01-22,2008-01-24,2008-07-24,98.786667,24930016000
912795C74,Bill,4-Week,2008-01-15,2008-01-17,2008-02-14,99.760444,9000058000
912795D81,Bill,13-Week,2008-01-14,2008-01-17,2008-04-17,99.221444,21528454000
912795F55,Bill,26-Week,2008-01-14,2008-01-17,2008-07-17,98.508611,24039390000
912795C66,Bill,4-Week,2008-01-08,2008-01-10,2008-02-07,99.748,16006206000
912795D73,Bill,13-Week,2008-01-07,2008-01-10,2008-04-10,99.196167,24307918000
912795F48,Bill,26-Week,2008-01-07,2008-01-10,2008-07-10,98.397389,24093885000
912795C58,Bill,4-Week,2008-01-02,2008-01-03,2008-01-31,99.766667,17000111000
912795D65,Bill,13-Week,2007-12-31,2008-01-03,2008-04-03,99.163306,20000054000
912795F30,Bill,26-Week,2007-12-31,2008-01-03,2008-07-03,98.286167,19000121000
912795C41,Bill,4-Week,2007-12-26,2007-12-27,2008-01-24,99.763556,15000000000
912795D57,Bill,13-Week,2007-12-24,2007-12-27,2008-03-27,99.170889,20000017000
912795F22,Bill,26-Week,2007-12-24,2007-12-27,2008-06-26,98.235611,19000022000
912795C33,Bill,4-Week,2007-12-18,2007-12-20,2008-01-17,99.786111,20000217000
912795D40,Bill,13-Week,2007-12-17,2007-12-20,2008-03-20,99.241667,21000246000
912795E98,Bill,26-Week,2007-12-17,2007-12-20,2008-06-19,98.341778,20000013000
912795C25,Bill,4-Week,2007-12-11,2007-12-13,2008-01-10,99.775222,23000048000
912795UC3,Bill,5-Day,2007-12-11,2007-12-12,2007-12-17,99.944444,8000138000
912795D32,Bill,13-Week,2007-12-10,2007-12-13,2008-03-13,99.241667,25413620000
912795E80,Bill,26-Week,2007-12-10,2007-12-13,2008-06-12,98.387278,27519331000
912795B91,Bill,4-Week,2007-12-04,2007-12-06,2008-01-03,99.758889,29000238000
912795D24,Bill,13-Week,2007-12-03,2007-12-06,2008-03-06,99.234083,25998685000
912795E72,Bill,26-Week,2007-12-03,2007-12-06,2008-06-05,98.387278,27649608000
912795UC3,Bill,14-Day,2007-11-29,2007-12-03,2007-12-17,99.849889,30000035000
912795B83,Bill,4-Week,2007-11-27,2007-11-29,2007-12-27,99.716889,29675780000
912795C90,Bill,13-Week,2007-11-26,2007-11-29,2008-02-28,99.197431,29259729000
912795E64,Bill,26-Week,2007-11-26,2007-11-29,2008-05-29,98.311444,27187687000
912795B75,Bill,4-Week,2007-11-20,2007-11-23,2007-12-20,99.724,30026033000
912795C82,Bill,13-Week,2007-11-19,2007-11-23,2008-02-21,99.1525,26559713000
912795E56,Bill,26-Week,2007-11-19,2007-11-23,2008-05-22,98.260389,26026570000
912795B34,Bill,8-Day,2007-11-14,2007-11-15,2007-11-23,99.908889,15000015000
912795B67,Bill,4-Week,2007-11-14,2007-11-15,2007-12-13,99.699,30472921000
912795C74,Bill,13-Week,2007-11-13,2007-11-15,2008-02-14,99.132972,27478804000
912795E49,Bill,26-Week,2007-11-13,2007-11-15,2008-05-15,98.167361,26480896000
912795B59,Bill,4-Week,2007-11-06,2007-11-08,2007-12-06,99.694333,27880819000
912795C66,Bill,13-Week,2007-11-05,2007-11-08,2008-02-07,99.102639,27431639000
912795E31,Bill,26-Week,2007-11-05,2007-11-08,2008-05-08,98.089,25058927000
912795B42,Bill,4-Week,2007-10-30,2007-11-01,2007-11-29,99.691222,25196982000
912795C58,Bill,13-Week,2007-10-29,2007-11-01,2008-01-31,99.009111,25681327000
912795E23,Bill,26-Week,2007-10-29,2007-11-01,2008-05-01,98.005583,24174041000
912795B34,Bill,4-Week,2007-10-23,2007-10-25,2007-11-23,99.684625,15421348000
912795C41,Bill,13-Week,2007-10-22,2007-10-25,2008-01-24,99.014167,23399275000
912795D99,Bill,26-Week,2007-10-22,2007-10-25,2008-04-24,97.982833,21808026000
912795B26,Bill,4-Week,2007-10-16,2007-10-18,2007-11-15,99.681111,11255183000
912795C33,Bill,13-Week,2007-10-15,2007-10-18,2008-01-17,98.942125,21855838000
912795D81,Bill,26-Week,2007-10-15,2007-10-18,2008-04-17,97.864028,21081042000
912795A92,Bill,4-Week,2007-10-10,2007-10-11,2007-11-08,99.713778,11675542000
912795C25,Bill,13-Week,2007-10-09,2007-10-11,2008-01-10,99.007847,21855436000
912795D73,Bill,26-Week,2007-10-09,2007-10-11,2008-04-10,97.92975,21203280000
912795A84,Bill,4-Week,2007-10-02,2007-10-04,2007-11-01,99.727,13857312000
912795B91,Bill,13-Week,2007-10-01,2007-10-04,2008-01-03,99.029333,21907561000
912795D65,Bill,26-Week,2007-10-01,2007-10-04,2008-04-03,97.977778,19823444000
912795A76,Bill,4-Week,2007-09-25,2007-09-27,2007-10-25,99.745667,15040250000
912795B83,Bill,13-Week,2007-09-24,2007-09-27,2007-12-27,99.034389,21591681000
912795D57,Bill,26-Week,2007-09-24,2007-09-27,2008-03-27,97.977778,18347011000
912795A68,Bill,4-Week,2007-09-18,2007-09-20,2007-10-18,99.694333,16662159000
912795B75,Bill,13-Week,2007-09-17,2007-09-20,2007-12-20,98.97625,24412863000
912795D40,Bill,26-Week,2007-09-17,2007-09-20,2008-03-20,97.912056,18336772000
912795UB5,Bill,4-Day,2007-09-12,2007-09-13,2007-09-17,99.948667,7000000000
912795A50,Bill,4-Week,2007-09-11,2007-09-13,2007-10-11,99.688889,20629769000
912795B67,Bill,13-Week,2007-09-10,2007-09-13,2007-12-13,99.039444,27671616000
912795D32,Bill,26-Week,2007-09-10,2007-09-13,2008-03-13,97.967667,21379021000
912795A43,Bill,4-Week,2007-09-05,2007-09-06,2007-10-04,99.667111,26971190000
912795B59,Bill,13-Week,2007-09-04,2007-09-06,2007-12-06,98.900417,30069559000
912795D24,Bill,26-Week,2007-09-04,2007-09-06,2008-03-06,97.785667,23972752000
912795UB5,Bill,17-Day,2007-08-29,2007-08-31,2007-09-17,99.7875,20000324000
912795A35,Bill,4-Week,2007-08-28,2007-08-30,2007-09-27,99.642222,30000082000
912795B42,Bill,13-Week,2007-08-27,2007-08-30,2007-11-29,98.837222,28434733000
912795C90,Bill,26-Week,2007-08-27,2007-08-30,2008-02-28,97.6795,26475196000
912795A27,Bill,4-Week,2007-08-21,2007-08-23,2007-09-20,99.630556,32000017000
912795B34,Bill,13-Week,2007-08-20,2007-08-23,2007-11-23,99.271667,26239931000
912795C82,Bill,26-Week,2007-08-20,2007-08-23,2008-02-21,98.003056,24126059000
912795ZW4,Bill,8-Day,2007-08-15,2007-08-15,2007-08-23,99.908889,10000000000
912795ZZ7,Bill,4-Week,2007-08-14,2007-08-16,2007-09-13,99.645333,28648769000
912795ZV6,Bill,1-Day,2007-08-14,2007-08-15,2007-08-16,99.986028,26000200000
912795B26,Bill,13-Week,2007-08-13,2007-08-16,2007-11-15,98.829639,29264716000
912795C74,Bill,26-Week,2007-08-13,2007-08-16,2008-02-14,97.618833,24089787000
912795ZY0,Bill,4-Week,2007-08-07,2007-08-09,2007-09-06,99.612667,29703452000
912795A92,Bill,13-Week,2007-08-06,2007-08-09,2007-11-08,98.79425,29147219000
912795C66,Bill,26-Week,2007-08-06,2007-08-09,2008-02-07,97.608722,25469794000
912795ZX2,Bill,4-Week,2007-07-31,2007-08-02,2007-08-30,99.606833,28069691000
912795A84,Bill,13-Week,2007-07-30,2007-08-02,2007-11-01,98.780347,27823513000
912795C58,Bill,26-Week,2007-07-30,2007-08-02,2008-01-31,97.573333,24010871000
912795ZW4,Bill,4-Week,2007-07-24,2007-07-26,2007-08-23,99.615778,21172059000
912795A76,Bill,13-Week,2007-07-23,2007-07-26,2007-10-25,98.765181,24240332000
912795C41,Bill,26-Week,2007-07-23,2007-07-26,2008-01-24,97.527833,22944865000
912795ZV6,Bill,4-Week,2007-07-17,2007-07-19,2007-08-16,99.637556,14812396000
912795A68,Bill,13-Week,2007-07-16,2007-07-19,2007-10-18,98.776556,23248539000
912795C33,Bill,26-Week,2007-07-16,2007-07-19,2008-01-17,97.540472,21711896000
912795ZU8,Bill,4-Week,2007-07-10,2007-07-12,2007-08-09,99.638333,15371141000
912795A50,Bill,13-Week,2007-07-09,2007-07-12,2007-10-11,98.782875,22501792000
912795C25,Bill,26-Week,2007-07-09,2007-07-12,2008-01-10,97.548056,20552453000
912795ZT1,Bill,4-Week,2007-07-03,2007-07-05,2007-08-02,99.637556,17818540000
912795A43,Bill,13-Week,2007-07-02,2007-07-05,2007-10-04,98.789194,22744055000
912795B91,Bill,26-Week,2007-07-02,2007-07-05,2008-01-03,97.568278,20573316000
912795ZS3,Bill,4-Week,2007-06-26,2007-06-28,2007-07-26,99.650778,16319319000
912795A35,Bill,13-Week,2007-06-25,2007-06-28,2007-09-27,98.815736,21873995000
912795B83,Bill,26-Week,2007-06-25,2007-06-28,2007-12-27,97.568278,20747775000
912795ZR5,Bill,4-Week,2007-06-19,2007-06-21,2007-07-19,99.662833,13448405000
912795A27,Bill,13-Week,2007-06-18,2007-06-21,2007-09-20,98.865028,21971364000
912795B75,Bill,26-Week,2007-06-18,2007-06-21,2007-12-20,97.616306,20724660000
912795ZQ7,Bill,4-Week,2007-06-12,2007-06-14,2007-07-12,99.6465,13926906000
912795ZZ7,Bill,13-Week,2007-06-11,2007-06-14,2007-09-13,98.827111,22206393000
912795B67,Bill,26-Week,2007-06-11,2007-06-14,2007-12-13,97.591028,20788591000
912795ZP9,Bill,4-Week,2007-06-05,2007-06-07,2007-07-05,99.638333,16130464000
912795ZY0,Bill,13-Week,2007-06-04,2007-06-07,2007-09-06,98.809417,23446751000
912795B59,Bill,26-Week,2007-06-04,2007-06-07,2007-12-06,97.578389,20697947000
912795UA7,Bill,10-Day,2007-06-04,2007-06-05,2007-06-15,99.858611,12000564000
912795UA7,Bill,14-Day,2007-05-31,2007-06-01,2007-06-15,99.802056,27000520000
912795ZN4,Bill,4-Week,2007-05-30,2007-05-31,2007-06-28,99.622,22102732000
912795ZX2,Bill,13-Week,2007-05-29,2007-05-31,2007-08-30,98.791722,22996968000
912795B42,Bill,26-Week,2007-05-29,2007-05-31,2007-11-29,97.570806,20491670000
912795ZM6,Bill,4-Week,2007-05-22,2007-05-24,2007-06-21,99.618889,25055816000
912795ZW4,Bill,13-Week,2007-05-21,2007-05-24,2007-08-23,98.792986,22605422000
912795B34,Bill,26-Week,2007-05-21,2007-05-24,2007-11-23,97.554917,18950956000
912795ZL8,Bill,4-Week,2007-05-15,2007-05-17,2007-06-14,99.637167,20066822000
912795ZV6,Bill,13-Week,2007-05-14,2007-05-17,2007-08-16,98.804361,20942557000
912795B26,Bill,26-Week,2007-05-14,2007-05-17,2007-11-15,97.606194,18912518000
912795ZK0,Bill,4-Week,2007-05-08,2007-05-10,2007-06-07,99.639111,14335444000
912795ZU8,Bill,13-Week,2007-05-07,2007-05-10,2007-08-09,98.796778,19650386000
912795A92,Bill,26-Week,2007-05-07,2007-05-10,2007-11-08,97.56575,17548628000
912795ZJ3,Bill,4-Week,2007-05-01,2007-05-03,2007-05-31,99.643,13696544000
912795ZT1,Bill,13-Week,2007-04-30,2007-05-03,2007-08-02,98.790458,19132457000
912795A84,Bill,26-Week,2007-04-30,2007-05-03,2007-11-01,97.563222,17371094000
912795ZH7,Bill,4-Week,2007-04-24,2007-04-26,2007-05-24,99.624722,13198561000
912795ZS3,Bill,13-Week,2007-04-23,2007-04-26,2007-07-26,98.777819,19140209000
912795A76,Bill,26-Week,2007-04-23,2007-04-26,2007-10-25,97.555639,17348080000
912795ZG9,Bill,4-Week,2007-04-17,2007-04-19,2007-05-17,99.623556,12761444000
912795ZR5,Bill,13-Week,2007-04-16,2007-04-19,2007-07-19,98.770236,20461008000
912795A68,Bill,26-Week,2007-04-16,2007-04-19,2007-10-18,97.540472,17281668000
912795TZ4,Bill,5-Day,2007-04-12,2007-04-13,2007-04-18,99.927639,8000126000
912795TY7,Bill,5-Day,2007-04-10,2007-04-12,2007-04-17,99.927361,15000240000
912795ZF1,Bill,4-Week,2007-04-10,2007-04-12,2007-05-10,99.619278,12256040000
912795ZQ7,Bill,13-Week,2007-04-09,2007-04-12,2007-07-12,98.766444,21604145000
912795A50,Bill,26-Week,2007-04-09,2007-04-12,2007-10-11,97.527833,18602786000
912795TY7,Bill,12-Day,2007-04-04,2007-04-05,2007-04-17,99.826667,16000241000
912795ZE4,Bill,4-Week,2007-04-03,2007-04-05,2007-05-03,99.606444,23591397000
912795ZP9,Bill,13-Week,2007-04-02,2007-04-05,2007-07-05,98.758861,24092709000
912795A43,Bill,26-Week,2007-04-02,2007-04-05,2007-10-04,97.537944,19873079000
912795TX9,Bill,13-Day,2007-04-02,2007-04-03,2007-04-16,99.812403,16000020000
912795TX9,Bill,17-Day,2007-03-28,2007-03-30,2007-04-16,99.760583,17000055000
912795ZD6,Bill,4-Week,2007-03-27,2007-03-29,2007-04-26,99.601,26206293000
912795ZN4,Bill,13-Week,2007-03-26,2007-03-29,2007-06-28,98.755069,26596764000
912795A35,Bill,26-Week,2007-03-26,2007-03-29,2007-09-27,97.535417,21105112000
912795ZC8,Bill,4-Week,2007-03-20,2007-03-22,2007-04-19,99.600222,28101816000
912795ZM6,Bill,13-Week,2007-03-19,2007-03-22,2007-06-21,98.753806,27756468000
912795A27,Bill,26-Week,2007-03-19,2007-03-22,2007-09-20,97.517722,22440452000
912795ZB0,Bill,4-Week,2007-03-13,2007-03-15,2007-04-12,99.598667,27987996000
912795ZL8,Bill,13-Week,2007-03-12,2007-03-15,2007-06-14,98.744958,29102191000
912795ZZ7,Bill,26-Week,2007-03-12,2007-03-15,2007-09-13,97.512667,23825389000
912795ZA2,Bill,4-Week,2007-03-06,2007-03-08,2007-04-05,99.600222,28040056000
912795ZK0,Bill,13-Week,2007-03-05,2007-03-08,2007-06-07,98.744958,29152883000
912795ZY0,Bill,26-Week,2007-03-05,2007-03-08,2007-09-06,97.545528,23863625000
912795YX3,Bill,13-Day,2007-03-01,2007-03-02,2007-03-15,99.812764,23000140000
912795YZ8,Bill,4-Week,2007-02-27,2007-03-01,2007-03-29,99.598667,30177986000
912795ZJ3,Bill,13-Week,2007-02-26,2007-03-01,2007-05-31,98.727264,29269780000
912795ZX2,Bill,26-Week,2007-02-26,2007-03-01,2007-08-30,97.4975,23843282000
912795YY1,Bill,4-Week,2007-02-21,2007-02-22,2007-03-22,99.5975,31364853000
912795ZH7,Bill,13-Week,2007-02-20,2007-02-22,2007-05-24,98.727264,28163475000
912795ZW4,Bill,26-Week,2007-02-20,2007-02-22,2007-08-23,97.4975,22588733000
912795YU9,Bill,6-Day,2007-02-15,2007-02-16,2007-02-22,99.914333,6000260000
912795YX3,Bill,4-Week,2007-02-13,2007-02-15,2007-03-15,99.600611,27561760000
912795ZG9,Bill,13-Week,2007-02-12,2007-02-15,2007-05-17,98.729792,26780253000
912795ZV6,Bill,26-Week,2007-02-12,2007-02-15,2007-08-16,97.489917,21248409000
912795YW5,Bill,4-Week,2007-02-06,2007-02-08,2007-03-08,99.607611,21634894000
912795ZF1,Bill,13-Week,2007-02-05,2007-02-08,2007-05-10,98.733583,26746802000
912795ZU8,Bill,26-Week,2007-02-05,2007-02-08,2007-08-09,97.494972,21298911000
912795YV7,Bill,4-Week,2007-01-30,2007-02-01,2007-03-01,99.620056,14207982000
912795ZE4,Bill,13-Week,2007-01-29,2007-02-01,2007-05-03,98.733583,24158072000
912795ZT1,Bill,26-Week,2007-01-29,2007-02-01,2007-08-02,97.482333,19953470000
912795YU9,Bill,4-Week,2007-01-23,2007-01-25,2007-02-22,99.618889,12947140000
912795ZD6,Bill,13-Week,2007-01-22,2007-01-25,2007-04-26,98.737375,24218856000
912795ZS3,Bill,26-Week,2007-01-22,2007-01-25,2007-07-26,97.489917,19897684000
912795YT2,Bill,4-Week,2007-01-17,2007-01-18,2007-02-15,99.619278,11551871000
912795ZC8,Bill,13-Week,2007-01-16,2007-01-18,2007-04-19,98.742431,24050273000
912795ZR5,Bill,26-Week,2007-01-16,2007-01-18,2007-07-19,97.4975,19863300000
912795YS4,Bill,4-Week,2007-01-09,2007-01-11,2007-02-08,99.626667,11307357000
912795ZB0,Bill,13-Week,2007-01-08,2007-01-11,2007-04-12,98.751278,23894988000
912795ZQ7,Bill,26-Week,2007-01-08,2007-01-11,2007-07-12,97.512667,19894237000
912795YR6,Bill,4-Week,2007-01-03,2007-01-04,2007-02-01,99.629778,11555120000
912795ZA2,Bill,13-Week,2007-01-02,2007-01-04,2007-04-05,98.753806,24075905000
912795ZP9,Bill,26-Week,2007-01-02,2007-01-04,2007-07-05,97.522778,19912965000
912795YQ8,Bill,4-Week,2006-12-27,2006-12-28,2007-01-25,99.637556,11702289000
912795YZ8,Bill,13-Week,2006-12-26,2006-12-28,2007-03-29,98.767708,24025872000
912795ZN4,Bill,26-Week,2006-12-26,2006-12-28,2007-06-28,97.522778,21241656000
912795YP0,Bill,4-Week,2006-12-19,2006-12-21,2007-01-18,99.631333,14759111000
912795YY1,Bill,13-Week,2006-12-18,2006-12-21,2007-03-22,98.780347,23997463000
912795ZM6,Bill,26-Week,2006-12-18,2006-12-21,2007-06-21,97.530361,21332431000
912795YN5,Bill,4-Week,2006-12-12,2006-12-14,2007-01-11,99.629778,14314797000
912795YX3,Bill,13-Week,2006-12-11,2006-12-14,2007-03-15,98.786667,25358559000
912795ZL8,Bill,26-Week,2006-12-11,2006-12-14,2007-06-14,97.540472,22752670000
912795YM7,Bill,4-Week,2006-12-05,2006-12-07,2007-01-04,99.629778,21662375000
912795YW5,Bill,13-Week,2006-12-04,2006-12-07,2007-03-08,98.768972,25342143000
912795ZK0,Bill,26-Week,2006-12-04,2006-12-07,2007-06-07,97.553111,22787035000
912795TW1,Bill,10-Day,2006-12-04,2006-12-05,2006-12-15,99.855694,11000062000
912795TW1,Bill,14-Day,2006-11-29,2006-12-01,2006-12-15,99.797194,29000190000
912795YL9,Bill,4-Week,2006-11-28,2006-11-30,2006-12-28,99.597889,29569089000
912795YV7,Bill,13-Week,2006-11-27,2006-11-30,2007-03-01,98.760125,25010020000
912795ZJ3,Bill,26-Week,2006-11-27,2006-11-30,2007-05-31,97.505083,22625206000
912795YK1,Bill,4-Week,2006-11-21,2006-11-24,2006-12-21,99.613,29214319000
912795YU9,Bill,13-Week,2006-11-20,2006-11-24,2007-02-22,98.765,25000547000
912795ZH7,Bill,26-Week,2006-11-20,2006-11-24,2007-05-24,97.516278,21250244000
912795YJ4,Bill,4-Week,2006-11-14,2006-11-16,2006-12-14,99.599444,27448194000
912795YE5,Bill,1-Day,2006-11-14,2006-11-15,2006-11-16,99.985583,5000087000
912795YT2,Bill,13-Week,2006-11-13,2006-11-16,2007-02-15,98.747486,24114411000
912795ZG9,Bill,26-Week,2006-11-13,2006-11-16,2007-05-17,97.494972,21380153000
912795YG0,Bill,15-Day,2006-11-13,2006-11-15,2006-11-30,99.784583,11000000000
912795YH8,Bill,4-Week,2006-11-07,2006-11-09,2006-12-07,99.602944,24697329000
912795YS4,Bill,13-Week,2006-11-06,2006-11-09,2007-02-08,98.747486,24323385000
912795ZF1,Bill,26-Week,2006-11-06,2006-11-09,2007-05-10,97.482333,21531661000
912795YG0,Bill,4-Week,2006-10-31,2006-11-02,2006-11-30,99.6045,24500607000
912795YR6,Bill,13-Week,2006-10-30,2006-11-02,2007-02-01,98.742431,24229552000
912795ZE4,Bill,26-Week,2006-10-30,2006-11-02,2007-05-03,97.494972,21450402000
912795YF2,Bill,4-Week,2006-10-24,2006-10-26,2006-11-24,99.592792,20827510000
912795YQ8,Bill,13-Week,2006-10-23,2006-10-26,2007-01-25,98.738639,23837296000
912795ZD6,Bill,26-Week,2006-10-23,2006-10-26,2007-04-26,97.484861,21262120000
912795YE5,Bill,4-Week,2006-10-17,2006-10-19,2006-11-16,99.615,15524361000
912795YP0,Bill,13-Week,2006-10-16,2006-10-19,2007-01-18,98.751278,22599619000
912795ZC8,Bill,26-Week,2006-10-16,2006-10-19,2007-04-19,97.505083,21352414000
912795YD7,Bill,4-Week,2006-10-11,2006-10-12,2006-11-09,99.627833,11889153000
912795YN5,Bill,13-Week,2006-10-10,2006-10-12,2007-01-11,98.774028,21712855000
912795ZB0,Bill,26-Week,2006-10-10,2006-10-12,2007-04-12,97.527833,21580170000
912795YC9,Bill,4-Week,2006-10-03,2006-10-05,2006-11-02,99.642222,11672152000
912795YM7,Bill,13-Week,2006-10-02,2006-10-05,2007-01-04,98.795514,22702649000
912795ZA2,Bill,26-Week,2006-10-02,2006-10-05,2007-04-05,97.560694,21441168000
912795YB1,Bill,4-Week,2006-09-26,2006-09-28,2006-10-26,99.6465,11313767000
912795YL9,Bill,13-Week,2006-09-25,2006-09-28,2006-12-28,98.79425,25220303000
912795YZ8,Bill,26-Week,2006-09-25,2006-09-28,2007-03-29,97.568278,22704286000
912795YA3,Bill,4-Week,2006-09-19,2006-09-21,2006-10-19,99.639111,11824143000
912795YK1,Bill,13-Week,2006-09-18,2006-09-21,2006-12-21,98.782875,25613153000
912795YY1,Bill,26-Week,2006-09-18,2006-09-21,2007-03-22,97.512667,22936144000
912795TV3,Bill,1-Day,2006-09-13,2006-09-14,2006-09-15,99.985556,8000476000
912795XZ9,Bill,4-Week,2006-09-12,2006-09-14,2006-10-12,99.636389,13780742000
912795YJ4,Bill,13-Week,2006-09-11,2006-09-14,2006-12-14,98.781611,25684294000
912795YX3,Bill,26-Week,2006-09-11,2006-09-14,2007-03-15,97.505083,22995234000
912795XY2,Bill,4-Week,2006-09-06,2006-09-07,2006-10-05,99.627444,16015785000
912795TV3,Bill,8-Day,2006-09-05,2006-09-07,2006-09-15,99.885222,12000050000
912795YH8,Bill,13-Week,2006-09-05,2006-09-07,2006-12-07,98.772764,25469746000
912795YW5,Bill,26-Week,2006-09-05,2006-09-07,2007-03-08,97.512667,23079207000
912795TV3,Bill,14-Day,2006-08-30,2006-09-01,2006-09-15,99.798944,29000120000
912795XX4,Bill,4-Week,2006-08-29,2006-08-31,2006-09-28,99.603333,28051161000
912795YG0,Bill,13-Week,2006-08-28,2006-08-31,2006-11-30,98.746222,24617582000
912795YV7,Bill,26-Week,2006-08-28,2006-08-31,2007-03-01,97.487389,23072419000
912795XW6,Bill,4-Week,2006-08-22,2006-08-24,2006-09-21,99.605278,28063274000
912795YF2,Bill,13-Week,2006-08-21,2006-08-24,2006-11-24,98.728611,24036788000
912795YU9,Bill,26-Week,2006-08-21,2006-08-24,2007-02-22,97.484861,23169238000
912795XV8,Bill,4-Week,2006-08-15,2006-08-17,2006-09-14,99.605278,27401449000
912795YE5,Bill,13-Week,2006-08-14,2006-08-17,2006-11-16,98.741167,24566284000
912795YT2,Bill,26-Week,2006-08-14,2006-08-17,2007-02-15,97.457056,22924011000
912795XU0,Bill,4-Week,2006-08-08,2006-08-10,2006-09-07,99.600611,27258883000
912795YD7,Bill,13-Week,2006-08-07,2006-08-10,2006-11-09,98.738639,24574037000
912795YS4,Bill,26-Week,2006-08-07,2006-08-10,2007-02-08,97.477278,23050216000
912795XT3,Bill,4-Week,2006-08-01,2006-08-03,2006-08-31,99.601778,30955168000
912795YC9,Bill,13-Week,2006-07-31,2006-08-03,2006-11-02,98.742431,24611681000
912795YR6,Bill,26-Week,2006-07-31,2006-08-03,2007-02-01,97.484861,21535072000
912795XS5,Bill,4-Week,2006-07-25,2006-07-27,2006-08-24,99.617333,27051296000
912795YB1,Bill,13-Week,2006-07-24,2006-07-27,2006-10-26,98.742431,23017170000
912795YQ8,Bill,26-Week,2006-07-24,2006-07-27,2007-01-25,97.441889,21523714000
912795XR7,Bill,4-Week,2006-07-18,2006-07-20,2006-08-17,99.622778,19513008000
912795YA3,Bill,13-Week,2006-07-17,2006-07-20,2006-10-19,98.744958,23275127000
912795YP0,Bill,26-Week,2006-07-17,2006-07-20,2007-01-18,97.426722,20106962000
912795XQ9,Bill,4-Week,2006-07-11,2006-07-13,2006-08-10,99.626278,19234108000
912795XZ9,Bill,13-Week,2006-07-10,2006-07-13,2006-10-12,98.755069,22023322000
912795YN5,Bill,26-Week,2006-07-10,2006-07-13,2007-01-11,97.419139,20199133000
912795XP1,Bill,4-Week,2006-07-05,2006-07-06,2006-08-03,99.631722,19622099000
912795XY2,Bill,13-Week,2006-07-03,2006-07-06,2006-10-05,98.747486,22227934000
912795YM7,Bill,26-Week,2006-07-03,2006-07-06,2007-01-04,97.426722,20179124000
912795XN6,Bill,4-Week,2006-06-27,2006-06-29,2006-07-27,99.628611,19245507000
912795XX4,Bill,13-Week,2006-06-26,2006-06-29,2006-09-28,98.760125,22426189000
912795YL9,Bill,26-Week,2006-06-26,2006-06-29,2006-12-28,97.416611,20155726000
912795XM8,Bill,4-Week,2006-06-20,2006-06-22,2006-07-20,99.642222,15070193000
912795XW6,Bill,13-Week,2006-06-19,2006-06-22,2006-09-21,98.779083,23035137000
912795YK1,Bill,26-Week,2006-06-19,2006-06-22,2006-12-21,97.444417,20261616000
912795XL0,Bill,4-Week,2006-06-13,2006-06-15,2006-07-13,99.638722,13043399000
912795XV8,Bill,13-Week,2006-06-12,2006-06-15,2006-09-14,98.786667,22838196000
912795YJ4,Bill,26-Week,2006-06-12,2006-06-15,2006-12-14,97.510139,20264834000
912795XK2,Bill,4-Week,2006-06-06,2006-06-08,2006-07-06,99.634444,22087894000
912795XU0,Bill,13-Week,2006-06-05,2006-06-08,2006-09-07,98.809417,22448834000
912795YH8,Bill,26-Week,2006-06-05,2006-06-08,2006-12-07,97.56575,20469332000
912795XG1,Bill,9-Day,2006-06-05,2006-06-06,2006-06-15,99.878125,9000048000
912795XJ5,Bill,4-Week,2006-05-31,2006-06-01,2006-06-29,99.638722,21535051000
912795XG1,Bill,13-Day,2006-05-30,2006-06-02,2006-06-15,99.824139,22000164000
912795XT3,Bill,13-Week,2006-05-30,2006-06-01,2006-08-31,98.806889,22760870000
912795YG0,Bill,26-Week,2006-05-30,2006-06-01,2006-11-30,97.553111,20085717000
912795XH9,Bill,4-Week,2006-05-23,2006-05-25,2006-06-22,99.637944,22094726000
912795XS5,Bill,13-Week,2006-05-22,2006-05-25,2006-08-24,98.810681,22255612000
912795YF2,Bill,26-Week,2006-05-22,2006-05-25,2006-11-24,97.554917,20030550000
912795XG1,Bill,4-Week,2006-05-16,2006-05-18,2006-06-15,99.637556,24838709000
912795XR7,Bill,13-Week,2006-05-15,2006-05-18,2006-08-17,98.801833,21929396000
912795YE5,Bill,26-Week,2006-05-15,2006-05-18,2006-11-16,97.563222,19851880000
912795XF3,Bill,4-Week,2006-05-09,2006-05-11,2006-06-08,99.640667,16414348000
912795XQ9,Bill,13-Week,2006-05-08,2006-05-11,2006-08-10,98.801833,21380953000
912795YD7,Bill,26-Week,2006-05-08,2006-05-11,2006-11-09,97.558167,20088424000
912795XE6,Bill,4-Week,2006-05-02,2006-05-04,2006-06-01,99.644167,13701321000
912795XP1,Bill,13-Week,2006-05-01,2006-05-04,2006-08-03,98.815736,21714934000
912795YC9,Bill,26-Week,2006-05-01,2006-05-04,2006-11-02,97.583444,19896397000
912795XD8,Bill,4-Week,2006-04-25,2006-04-27,2006-05-25,99.646889,13451777000
912795XN6,Bill,13-Week,2006-04-24,2006-04-27,2006-07-27,98.828375,20608985000
912795YB1,Bill,26-Week,2006-04-24,2006-04-27,2006-10-26,97.606194,18596122000
912795XC0,Bill,4-Week,2006-04-18,2006-04-20,2006-05-18,99.653111,12957376000
912795XM8,Bill,13-Week,2006-04-17,2006-04-20,2006-07-20,98.837222,20278393000
912795YA3,Bill,26-Week,2006-04-17,2006-04-20,2006-10-19,97.598611,18377260000
912795TU5,Bill,4-Day,2006-04-12,2006-04-13,2006-04-17,99.947556,17000196000
912795XB2,Bill,4-Week,2006-04-11,2006-04-13,2006-05-11,99.646889,12038201000
912795XL0,Bill,13-Week,2006-04-10,2006-04-13,2006-07-13,98.844806,20138300000
912795XZ9,Bill,26-Week,2006-04-10,2006-04-13,2006-10-12,97.623889,18377895000
912795TU5,Bill,10-Day,2006-04-06,2006-04-07,2006-04-17,99.869861,8000125000
912795TU5,Bill,11-Day,2006-04-05,2006-04-06,2006-04-17,99.857153,13000165000
912795XA4,Bill,4-Week,2006-04-04,2006-04-06,2006-05-04,99.646111,13588381000
912795XK2,Bill,13-Week,2006-04-03,2006-04-06,2006-07-06,98.853653,20902738000
912795XY2,Bill,26-Week,2006-04-03,2006-04-06,2006-10-05,97.639056,19572281000
912795TU5,Bill,14-Day,2006-03-30,2006-04-03,2006-04-17,99.817806,20000010000
912795WZ0,Bill,4-Week,2006-03-28,2006-03-30,2006-04-27,99.639889,23008838000
912795XJ5,Bill,13-Week,2006-03-27,2006-03-30,2006-06-29,98.863764,23324056000
912795XX4,Bill,26-Week,2006-03-27,2006-03-30,2006-09-28,97.674444,20761790000
912795WY3,Bill,4-Week,2006-03-21,2006-03-23,2006-04-20,99.642222,28748746000
912795XH9,Bill,13-Week,2006-03-20,2006-03-23,2006-06-22,98.851125,26981130000
912795XW6,Bill,26-Week,2006-03-20,2006-03-23,2006-09-21,97.669389,23275196000
912795WX5,Bill,4-Week,2006-03-14,2006-03-16,2006-04-13,99.658167,20217199000
912795TS0,Bill,1-Day,2006-03-14,2006-03-14,2006-03-15,99.98775,4000000000
912795XG1,Bill,13-Week,2006-03-13,2006-03-16,2006-06-15,98.859972,27728177000
912795XV8,Bill,26-Week,2006-03-13,2006-03-16,2006-09-14,97.651694,25870221000
912795WW7,Bill,4-Week,2006-03-07,2006-03-09,2006-04-06,99.659333,20178713000
912795TT8,Bill,6-Day,2006-03-07,2006-03-08,2006-03-14,99.927,7000190000
912795XF3,Bill,13-Week,2006-03-06,2006-03-09,2006-06-08,98.8625,28029998000
912795XU0,Bill,26-Week,2006-03-06,2006-03-09,2006-09-07,97.674444,25979123000
912795TS0,Bill,12-Day,2006-03-01,2006-03-03,2006-03-15,99.851833,25000150000
912795WV9,Bill,4-Week,2006-02-28,2006-03-02,2006-03-30,99.658556,22188540000
912795XE6,Bill,13-Week,2006-02-27,2006-03-02,2006-06-01,98.859972,28195627000
912795XT3,Bill,26-Week,2006-02-27,2006-03-02,2006-08-31,97.684556,26024093000
912795WU1,Bill,4-Week,2006-02-22,2006-02-23,2006-03-23,99.661667,21505500000
912795XD8,Bill,13-Week,2006-02-21,2006-02-23,2006-05-25,98.875139,27496097000
912795XS5,Bill,26-Week,2006-02-21,2006-02-23,2006-08-24,97.70225,24962345000
912795WT4,Bill,4-Week,2006-02-14,2006-02-16,2006-03-16,99.663222,18774761000
912795XC0,Bill,13-Week,2006-02-13,2006-02-16,2006-05-18,98.877667,27244556000
912795XR7,Bill,26-Week,2006-02-13,2006-02-16,2006-08-17,97.704778,23449510000
912795WS6,Bill,4-Week,2006-02-07,2006-02-09,2006-03-09,99.671,16631498000
912795XB2,Bill,13-Week,2006-02-06,2006-02-09,2006-05-11,98.894097,27768160000
912795XQ9,Bill,26-Week,2006-02-06,2006-02-09,2006-08-10,97.725,23646097000
912795WR8,Bill,4-Week,2006-01-31,2006-02-02,2006-03-02,99.666333,20888057000
912795XA4,Bill,13-Week,2006-01-30,2006-02-02,2006-05-04,98.894097,27946846000
912795XP1,Bill,26-Week,2006-01-30,2006-02-02,2006-08-03,97.757861,23764800000
912795WQ0,Bill,4-Week,2006-01-24,2006-01-26,2006-02-23,99.677611,15147195000
912795WZ0,Bill,13-Week,2006-01-23,2006-01-26,2006-04-27,98.915583,27890362000
912795XN6,Bill,26-Week,2006-01-23,2006-01-26,2006-07-27,97.805889,23737424000
912795WP2,Bill,4-Week,2006-01-18,2006-01-19,2006-02-16,99.692778,10587530000
912795WY3,Bill,13-Week,2006-01-17,2006-01-19,2006-04-20,98.920639,27370892000
912795XM8,Bill,26-Week,2006-01-17,2006-01-19,2006-07-20,97.818528,23546201000
912795WN7,Bill,4-Week,2006-01-10,2006-01-12,2006-02-09,99.683444,11461593000
912795WX5,Bill,13-Week,2006-01-09,2006-01-12,2006-04-13,98.950972,24971542000
912795XL0,Bill,26-Week,2006-01-09,2006-01-12,2006-07-13,97.851389,22274799000
912795WM9,Bill,4-Week,2006-01-04,2006-01-05,2006-02-02,99.691611,11756645000
912795WW7,Bill,13-Week,2006-01-03,2006-01-05,2006-04-06,98.971194,23520062000
912795XK2,Bill,26-Week,2006-01-03,2006-01-05,2006-07-06,97.843806,21038495000
912795TR2,Bill,14-Day,2005-12-29,2006-01-03,2006-01-17,99.840556,12000080000
912795WL1,Bill,4-Week,2005-12-28,2005-12-29,2006-01-26,99.730111,13671439000
912795WV9,Bill,13-Week,2005-12-27,2005-12-29,2006-03-30,99.012903,23522490000
912795XJ5,Bill,26-Week,2005-12-27,2005-12-29,2006-06-29,97.876667,20968329000
912795WK3,Bill,4-Week,2005-12-20,2005-12-22,2006-01-19,99.728167,13987063000
912795WU1,Bill,13-Week,2005-12-19,2005-12-22,2006-03-23,99.015431,24722256000
912795XH9,Bill,26-Week,2005-12-19,2005-12-22,2006-06-22,97.866556,22241074000
912795WJ6,Bill,4-Week,2005-12-13,2005-12-15,2006-01-12,99.722333,17487879000
912795WT4,Bill,13-Week,2005-12-12,2005-12-15,2006-03-16,99.034389,24480592000
912795XG1,Bill,26-Week,2005-12-12,2005-12-15,2006-06-15,97.886778,22383245000
912795WE7,Bill,7-Day,2005-12-07,2005-12-08,2005-12-15,99.920667,11000090000
912795WH0,Bill,4-Week,2005-12-06,2005-12-08,2006-01-05,99.708333,18933895000
912795WS6,Bill,13-Week,2005-12-05,2005-12-08,2006-03-09,99.006583,24633535000
912795XF3,Bill,26-Week,2005-12-05,2005-12-08,2006-06-08,97.88425,22562007000
912795WE7,Bill,13-Day,2005-11-30,2005-12-02,2005-12-15,99.857,18000015000
912795WE7,Bill,14-Day,2005-11-29,2005-12-01,2005-12-15,99.845222,20000465000
912795WG2,Bill,4-Week,2005-11-29,2005-12-01,2005-12-29,99.695111,23334439000
912795WR8,Bill,13-Week,2005-11-28,2005-12-01,2006-03-02,99.014167,24474078000
912795XE6,Bill,26-Week,2005-11-28,2005-12-01,2006-06-01,97.899417,22484822000
912795WF4,Bill,4-Week,2005-11-22,2005-11-25,2005-12-22,99.709375,26891272000
912795WQ0,Bill,13-Week,2005-11-21,2005-11-25,2006-02-23,99.015,25213322000
912795XD8,Bill,26-Week,2005-11-21,2005-11-25,2006-05-25,97.910958,22433069000
912795WE7,Bill,4-Week,2005-11-15,2005-11-17,2005-12-15,99.694333,26791401000
912795WP2,Bill,13-Week,2005-11-14,2005-11-17,2006-02-16,99.011639,25201748000
912795XC0,Bill,26-Week,2005-11-14,2005-11-17,2006-05-18,97.879194,22418163000
912795WD9,Bill,4-Week,2005-11-08,2005-11-10,2005-12-08,99.702889,24544146000
912795WN7,Bill,13-Week,2005-11-07,2005-11-10,2006-02-09,99.02175,25678014000
912795XB2,Bill,26-Week,2005-11-07,2005-11-10,2006-05-11,97.899417,23702501000
912795VZ1,Bill,1-Day,2005-11-07,2005-11-09,2005-11-10,99.989306,4000083000
912795WC1,Bill,4-Week,2005-11-01,2005-11-03,2005-12-01,99.710278,17761852000
912795WM9,Bill,13-Week,2005-10-31,2005-11-03,2006-02-02,99.016694,26157982000
912795XA4,Bill,26-Week,2005-10-31,2005-11-03,2006-05-04,97.914583,23777653000
912795WB3,Bill,4-Week,2005-10-25,2005-10-27,2005-11-25,99.707181,21258289000
912795WL1,Bill,13-Week,2005-10-24,2005-10-27,2006-01-26,99.026806,26299349000
912795WZ0,Bill,26-Week,2005-10-24,2005-10-27,2006-04-27,97.944917,23707722000
912795WA5,Bill,4-Week,2005-10-18,2005-10-20,2005-11-17,99.726222,16766770000
912795WK3,Bill,13-Week,2005-10-17,2005-10-20,2006-01-19,99.043236,24533557000
912795WY3,Bill,26-Week,2005-10-17,2005-10-20,2006-04-20,97.970194,22493529000
912795VZ1,Bill,4-Week,2005-10-12,2005-10-13,2005-11-10,99.730889,13615671000
912795WJ6,Bill,13-Week,2005-10-11,2005-10-13,2006-01-12,99.082417,25078366000
912795WX5,Bill,26-Week,2005-10-11,2005-10-13,2006-04-13,98.003056,22365620000
912795TQ4,Bill,11-Day,2005-10-05,2005-10-06,2005-10-17,99.893056,13000133000
912795VY4,Bill,4-Week,2005-10-04,2005-10-06,2005-11-03,99.743722,11636713000
912795WH0,Bill,13-Week,2005-10-03,2005-10-06,2006-01-05,99.108958,24277328000
912795WW7,Bill,26-Week,2005-10-03,2005-10-06,2006-04-06,98.0435,21364427000
912795VX6,Bill,4-Week,2005-09-27,2005-09-29,2005-10-27,99.755,12450285000
912795WG2,Bill,13-Week,2005-09-26,2005-09-29,2005-12-29,99.130444,23911268000
912795WV9,Bill,26-Week,2005-09-26,2005-09-29,2006-03-30,98.106694,21204002000
912795VW8,Bill,4-Week,2005-09-20,2005-09-22,2005-10-20,99.750333,12157890000
912795WF4,Bill,13-Week,2005-09-19,2005-09-22,2005-12-22,99.116542,23865991000
912795WU1,Bill,26-Week,2005-09-19,2005-09-22,2006-03-23,98.121861,21152090000
912795VV0,Bill,4-Week,2005-09-13,2005-09-15,2005-10-13,99.748778,12227538000
912795WE7,Bill,13-Week,2005-09-12,2005-09-15,2005-12-15,99.127917,24239063000
912795WT4,Bill,26-Week,2005-09-12,2005-09-15,2006-03-16,98.144611,21239258000
912795VU2,Bill,4-Week,2005-09-07,2005-09-08,2005-10-06,99.747611,13841788000
912795TP6,Bill,6-Day,2005-09-06,2005-09-08,2005-09-14,99.9425,8000240000
912795WD9,Bill,13-Week,2005-09-06,2005-09-08,2005-12-08,99.131708,24306786000
912795WS6,Bill,26-Week,2005-09-06,2005-09-08,2006-03-09,98.195167,21320424000
912795VR9,Bill,13-Day,2005-08-31,2005-09-02,2005-09-15,99.874694,20000176000
912795VR9,Bill,14-Day,2005-08-30,2005-09-01,2005-09-15,99.865056,18000180000
912795VT5,Bill,4-Week,2005-08-30,2005-09-01,2005-09-29,99.735944,18942621000
912795WC1,Bill,13-Week,2005-08-29,2005-09-01,2005-12-01,99.116542,24393233000
912795WR8,Bill,26-Week,2005-08-29,2005-09-01,2006-03-02,98.126917,21271135000
912795VS7,Bill,4-Week,2005-08-23,2005-08-25,2005-09-22,99.745278,18961774000
912795WB3,Bill,13-Week,2005-08-22,2005-08-25,2005-11-25,99.115778,25388147000
912795WQ0,Bill,26-Week,2005-08-22,2005-08-25,2006-02-23,98.1345,22389198000
912795VR9,Bill,4-Week,2005-08-16,2005-08-18,2005-09-15,99.746444,19537106000
912795WA5,Bill,13-Week,2005-08-15,2005-08-18,2005-11-17,99.122861,24532954000
912795WP2,Bill,26-Week,2005-08-15,2005-08-18,2006-02-16,98.126917,22436897000
912795VQ1,Bill,4-Week,2005-08-09,2005-08-11,2005-09-08,99.741,17050172000
912795VZ1,Bill,13-Week,2005-08-08,2005-08-11,2005-11-10,99.125389,25034388000
912795WN7,Bill,26-Week,2005-08-08,2005-08-11,2006-02-09,98.139556,22350835000
912795VP3,Bill,4-Week,2005-08-02,2005-08-04,2005-09-01,99.7445,18630706000
912795VY4,Bill,13-Week,2005-08-01,2005-08-04,2005-11-03,99.140556,25189073000
912795WM9,Bill,26-Week,2005-08-01,2005-08-04,2006-02-02,98.18,22400461000
912795VN8,Bill,4-Week,2005-07-26,2005-07-28,2005-08-25,99.751889,16221070000
912795VX6,Bill,13-Week,2005-07-25,2005-07-28,2005-10-27,99.154458,26199859000
912795WL1,Bill,26-Week,2005-07-25,2005-07-28,2006-01-26,98.210333,23464923000
912795VM0,Bill,4-Week,2005-07-19,2005-07-21,2005-08-18,99.761611,17447825000
912795VW8,Bill,13-Week,2005-07-18,2005-07-21,2005-10-20,99.186056,25168209000
912795WK3,Bill,26-Week,2005-07-18,2005-07-21,2006-01-19,98.271,22284877000
912795VL2,Bill,4-Week,2005-07-12,2005-07-14,2005-08-11,99.769778,18456487000
912795VV0,Bill,13-Week,2005-07-11,2005-07-14,2005-10-13,99.207542,24321265000
912795WJ6,Bill,26-Week,2005-07-11,2005-07-14,2006-01-12,98.303861,21013887000
912795VK4,Bill,4-Week,2005-07-06,2005-07-07,2005-08-04,99.766667,16384565000
912795VU2,Bill,13-Week,2005-07-05,2005-07-07,2005-10-06,99.205014,23598786000
912795WH0,Bill,26-Week,2005-07-05,2005-07-07,2006-01-05,98.319028,19877780000
912795TN1,Bill,14-Day,2005-06-29,2005-07-01,2005-07-15,99.876917,18000230000
912795VJ7,Bill,4-Week,2005-06-28,2005-06-30,2005-07-28,99.7725,12551716000
912795VT5,Bill,13-Week,2005-06-27,2005-06-30,2005-09-29,99.221444,23611700000
912795WG2,Bill,26-Week,2005-06-27,2005-06-30,2005-12-29,98.372111,19778005000
912795VH1,Bill,4-Week,2005-06-21,2005-06-23,2005-07-21,99.783778,11968665000
912795VS7,Bill,13-Week,2005-06-20,2005-06-23,2005-09-22,99.250514,23947095000
912795WF4,Bill,26-Week,2005-06-20,2005-06-23,2005-12-22,98.394861,19850945000
912795VG3,Bill,4-Week,2005-06-14,2005-06-16,2005-07-14,99.787278,12138905000
912795VR9,Bill,13-Week,2005-06-13,2005-06-16,2005-09-15,99.247986,24964179000
912795WE7,Bill,26-Week,2005-06-13,2005-06-16,2005-12-15,98.422667,21071528000
912795VF5,Bill,4-Week,2005-06-07,2005-06-09,2005-07-07,99.784167,17437151000
912795VQ1,Bill,13-Week,2005-06-06,2005-06-09,2005-09-08,99.250514,25058681000
912795WD9,Bill,26-Week,2005-06-06,2005-06-09,2005-12-08,98.453,21178342000
912795TM3,Bill,8-Day,2005-06-06,2005-06-07,2005-06-15,99.934667,12000405000
912795TM3,Bill,12-Day,2005-06-02,2005-06-03,2005-06-15,99.902167,16000090000
912795SV4,Bill,4-Week,2005-06-01,2005-06-02,2005-06-30,99.786889,20132096000
912795VP3,Bill,13-Week,2005-05-31,2005-06-02,2005-09-01,99.258097,24732436000
912795WC1,Bill,26-Week,2005-05-31,2005-06-02,2005-12-01,98.442889,20988103000
912795TM3,Bill,14-Day,2005-05-31,2005-06-01,2005-06-15,99.887417,10000080000
912795SU6,Bill,4-Week,2005-05-24,2005-05-26,2005-06-23,99.784944,22881421000
912795VN8,Bill,13-Week,2005-05-23,2005-05-26,2005-08-25,99.268208,24295695000
912795WB3,Bill,26-Week,2005-05-23,2005-05-26,2005-11-25,98.419083,20791903000
912795ST9,Bill,4-Week,2005-05-17,2005-05-19,2005-06-16,99.801667,17361181000
912795VM0,Bill,13-Week,2005-05-16,2005-05-19,2005-08-18,99.292222,22866676000
912795WA5,Bill,26-Week,2005-05-16,2005-05-19,2005-11-17,98.447944,19536819000
912795SS1,Bill,4-Week,2005-05-10,2005-05-12,2005-06-09,99.799722,13595179000
912795VL2,Bill,13-Week,2005-05-09,2005-05-12,2005-08-11,99.279583,21772947000
912795VZ1,Bill,26-Week,2005-05-09,2005-05-12,2005-11-10,98.422667,18274764000
912795SR3,Bill,4-Week,2005-05-03,2005-05-05,2005-06-02,99.797389,13668081000
912795VK4,Bill,13-Week,2005-05-02,2005-05-05,2005-08-04,99.274528,21637276000
912795VY4,Bill,26-Week,2005-05-02,2005-05-05,2005-11-03,98.440361,18213638000
912795SQ5,Bill,4-Week,2005-04-26,2005-04-28,2005-05-26,99.790778,12831635000
912795VJ7,Bill,13-Week,2005-04-25,2005-04-28,2005-07-28,99.272,22443084000
912795VX6,Bill,26-Week,2005-04-25,2005-04-28,2005-10-27,98.437833,19350809000
912795SP7,Bill,4-Week,2005-04-19,2005-04-21,2005-05-19,99.790778,12284718000
912795VH1,Bill,13-Week,2005-04-18,2005-04-21,2005-07-21,99.290958,22290843000
912795VW8,Bill,26-Week,2005-04-18,2005-04-21,2005-10-20,98.463111,19404480000
912795TL5,Bill,4-Day,2005-04-13,2005-04-14,2005-04-18,99.970667,7000040000
912795SN2,Bill,4-Week,2005-04-12,2005-04-14,2005-05-12,99.801278,13460382000
912795VG3,Bill,13-Week,2005-04-11,2005-04-14,2005-07-14,99.314972,23330901000
912795VV0,Bill,26-Week,2005-04-11,2005-04-14,2005-10-13,98.450472,20510884000
912795TK7,Bill,8-Day,2005-04-06,2005-04-07,2005-04-15,99.940889,15000532000
912795SM4,Bill,4-Week,2005-04-05,2005-04-07,2005-05-05,99.798944,18296737000
912795VF5,Bill,13-Week,2005-04-04,2005-04-07,2005-07-07,99.308653,24596298000
912795VU2,Bill,26-Week,2005-04-04,2005-04-07,2005-10-06,98.465639,21837846000
912795TK7,Bill,14-Day,2005-03-30,2005-04-01,2005-04-15,99.894222,25000400000
912795SL6,Bill,4-Week,2005-03-29,2005-03-31,2005-04-28,99.793889,19869274000
912795SV4,Bill,13-Week,2005-03-28,2005-03-31,2005-06-30,99.297278,25728404000
912795VT5,Bill,26-Week,2005-03-28,2005-03-31,2005-09-29,98.437833,23011512000
912795SK8,Bill,4-Week,2005-03-22,2005-03-24,2005-04-21,99.79,25996508000
912795SU6,Bill,13-Week,2005-03-21,2005-03-24,2005-06-23,99.292222,26952664000
912795VS7,Bill,26-Week,2005-03-21,2005-03-24,2005-09-22,98.465639,24267532000
912795SJ1,Bill,4-Week,2005-03-15,2005-03-17,2005-04-14,99.794278,26483543000
912795ST9,Bill,13-Week,2005-03-14,2005-03-17,2005-06-16,99.308653,27074115000
912795VR9,Bill,26-Week,2005-03-14,2005-03-17,2005-09-15,98.483333,24204756000
912795SH5,Bill,4-Week,2005-03-08,2005-03-10,2005-04-07,99.8005,26831269000
912795SS1,Bill,13-Week,2005-03-07,2005-03-10,2005-06-09,99.314972,26900765000
912795VQ1,Bill,26-Week,2005-03-07,2005-03-10,2005-09-08,98.516194,24360392000
912795TJ0,Bill,7-Day,2005-03-07,2005-03-08,2005-03-15,99.952069,13000120000
912795TJ0,Bill,12-Day,2005-03-02,2005-03-03,2005-03-15,99.918667,11000280000
912795SG7,Bill,4-Week,2005-03-01,2005-03-03,2005-03-31,99.804778,26875581000
912795SR3,Bill,13-Week,2005-02-28,2005-03-03,2005-06-02,99.313708,28024240000
912795VP3,Bill,26-Week,2005-02-28,2005-03-03,2005-09-01,98.52125,24243909000
912795SF9,Bill,4-Week,2005-02-23,2005-02-24,2005-03-24,99.811778,26997931000
912795SQ5,Bill,13-Week,2005-02-22,2005-02-24,2005-05-26,99.338986,28064290000
912795VN8,Bill,26-Week,2005-02-22,2005-02-24,2005-08-25,98.559167,24221870000
912795SE2,Bill,4-Week,2005-02-15,2005-02-17,2005-03-17,99.816833,23308369000
912795SP7,Bill,13-Week,2005-02-14,2005-02-17,2005-05-19,99.357944,26432637000
912795VM0,Bill,26-Week,2005-02-14,2005-02-17,2005-08-18,98.604667,23191516000
912795TH4,Bill,3-Day,2005-02-09,2005-02-11,2005-02-14,99.980167,5000000000
912795SD4,Bill,4-Week,2005-02-08,2005-02-10,2005-03-10,99.821111,22253846000
912795SN2,Bill,13-Week,2005-02-07,2005-02-10,2005-05-12,99.373111,27398588000
912795VL2,Bill,26-Week,2005-02-07,2005-02-10,2005-08-11,98.629944,23181572000
912795SC6,Bill,4-Week,2005-02-01,2005-02-03,2005-03-03,99.829278,14934707000
912795SM4,Bill,13-Week,2005-01-31,2005-02-03,2005-05-05,99.374375,27559261000
912795VK4,Bill,26-Week,2005-01-31,2005-02-03,2005-08-04,98.629944,23198495000
912795SB8,Bill,4-Week,2005-01-25,2005-01-27,2005-02-24,99.842111,11428896000
912795SL6,Bill,13-Week,2005-01-24,2005-01-27,2005-04-28,99.413556,26005580000
912795VJ7,Bill,26-Week,2005-01-24,2005-01-27,2005-07-28,98.6805,21790847000
912795SA0,Bill,4-Week,2005-01-19,2005-01-20,2005-02-17,99.851444,10001578000
912795SK8,Bill,13-Week,2005-01-18,2005-01-20,2005-04-21,99.403444,26509569000
912795VH1,Bill,26-Week,2005-01-18,2005-01-20,2005-07-21,98.667861,22066427000
912795TG6,Bill,5-Day,2005-01-11,2005-01-13,2005-01-18,99.971667,4000060000
912795RZ6,Bill,4-Week,2005-01-11,2005-01-13,2005-02-10,99.846,10785820000
912795SJ1,Bill,13-Week,2005-01-10,2005-01-13,2005-04-14,99.411028,25069709000
912795VG3,Bill,26-Week,2005-01-10,2005-01-13,2005-07-14,98.685556,21796832000
912795RY9,Bill,4-Week,2005-01-04,2005-01-06,2005-02-03,99.844444,13642696000
912795SH5,Bill,13-Week,2005-01-03,2005-01-06,2005-04-07,99.424931,25176689000
912795VF5,Bill,26-Week,2005-01-03,2005-01-06,2005-07-07,98.705778,23176652000
912795TG6,Bill,15-Day,2004-12-30,2005-01-03,2005-01-18,99.912917,15000000000
912795RX1,Bill,4-Week,2004-12-28,2004-12-30,2005-01-27,99.856889,13019415000
912795SG7,Bill,13-Week,2004-12-27,2004-12-30,2005-03-31,99.437569,25491824000
912795SV4,Bill,26-Week,2004-12-27,2004-12-30,2005-06-30,98.705778,23005559000
912795RW3,Bill,4-Week,2004-12-21,2004-12-23,2005-01-20,99.853778,12786747000
912795SF9,Bill,13-Week,2004-12-20,2004-12-23,2005-03-24,99.448944,25228842000
912795SU6,Bill,26-Week,2004-12-20,2004-12-23,2005-06-23,98.753806,22932751000
912795RV5,Bill,4-Week,2004-12-14,2004-12-16,2005-01-13,99.847556,12066182000
912795SE2,Bill,13-Week,2004-12-13,2004-12-16,2005-03-17,99.443889,23710997000
912795ST9,Bill,26-Week,2004-12-13,2004-12-16,2005-06-16,98.774028,22682182000
912795RU7,Bill,4-Week,2004-12-07,2004-12-09,2005-01-06,99.840556,22178437000
912795SD4,Bill,13-Week,2004-12-06,2004-12-09,2005-03-10,99.441361,24707258000
912795SS1,Bill,26-Week,2004-12-06,2004-12-09,2005-06-09,98.796778,23178344000
912795TF8,Bill,8-Day,2004-12-03,2004-12-07,2004-12-15,99.956,14000425000
912795TF8,Bill,12-Day,2004-12-01,2004-12-03,2004-12-15,99.934667,24000500000
912795RT0,Bill,4-Week,2004-11-30,2004-12-02,2004-12-30,99.841722,21861590000
912795TF8,Bill,14-Day,2004-11-30,2004-12-01,2004-12-15,99.924167,4000000000
912795SC6,Bill,13-Week,2004-11-29,2004-12-02,2005-03-03,99.445153,25021108000
912795SR3,Bill,26-Week,2004-11-29,2004-12-02,2005-06-02,98.789194,23160387000
912795RS2,Bill,4-Week,2004-11-23,2004-11-26,2004-12-23,99.85375,24423835000
912795SB8,Bill,13-Week,2004-11-22,2004-11-26,2005-02-24,99.46125,25431736000
912795SQ5,Bill,26-Week,2004-11-22,2004-11-26,2005-05-26,98.810931,23072983000
912795RR4,Bill,4-Week,2004-11-19,2004-11-23,2004-12-16,99.877014,24000335000
912795TE1,Bill,5-Day,2004-11-17,2004-11-18,2004-11-23,99.97375,7000025000
912795SA0,Bill,13-Week,2004-11-15,2004-11-18,2005-02-17,99.475486,27095295000
912795SP7,Bill,26-Week,2004-11-15,2004-11-18,2005-05-19,98.847333,24047330000
912795RQ6,Bill,4-Week,2004-11-09,2004-11-12,2004-12-09,99.8575,25494708000
912795RZ6,Bill,13-Week,2004-11-08,2004-11-12,2005-02-10,99.48875,27991893000
912795SN2,Bill,26-Week,2004-11-08,2004-11-12,2005-05-12,98.863722,25784041000
912795RP8,Bill,4-Week,2004-11-02,2004-11-04,2004-12-02,99.857278,22027855000
912795RY9,Bill,13-Week,2004-11-01,2004-11-04,2005-02-03,99.507083,27650282000
912795SM4,Bill,26-Week,2004-11-01,2004-11-04,2005-05-05,98.918111,25663282000
912795RN3,Bill,4-Week,2004-10-26,2004-10-28,2004-11-26,99.858222,21322082000
912795RX1,Bill,13-Week,2004-10-25,2004-10-28,2005-01-27,99.531097,27918733000
912795SL6,Bill,26-Week,2004-10-25,2004-10-28,2005-04-28,98.968667,25750481000
912795RM5,Bill,4-Week,2004-10-19,2004-10-21,2004-11-18,99.877889,12133066000
912795RW3,Bill,13-Week,2004-10-18,2004-10-21,2005-01-20,99.552583,26261158000
912795SK8,Bill,26-Week,2004-10-18,2004-10-21,2005-04-21,98.993944,24349412000
912795RL7,Bill,4-Week,2004-10-13,2004-10-14,2004-11-12,99.874736,17437959000
912795RV5,Bill,13-Week,2004-10-12,2004-10-14,2005-01-13,99.575333,25358250000
912795SJ1,Bill,26-Week,2004-10-12,2004-10-14,2005-04-14,99.011639,23122894000
912795TD3,Bill,2-Day,2004-10-12,2004-10-13,2004-10-15,99.990667,8000545000
912795RK9,Bill,4-Week,2004-10-05,2004-10-07,2004-11-04,99.881,17182946000
912795RU7,Bill,13-Week,2004-10-04,2004-10-07,2005-01-06,99.574069,25779813000
912795SH5,Bill,26-Week,2004-10-04,2004-10-07,2005-04-07,98.993944,23222666000
912795TD3,Bill,14-Day,2004-09-29,2004-10-01,2004-10-15,99.937972,14000070000
912795RJ2,Bill,4-Week,2004-09-28,2004-09-30,2004-10-28,99.876333,21549413000
912795RT0,Bill,13-Week,2004-09-27,2004-09-30,2004-12-30,99.56775,25715999000
912795SG7,Bill,26-Week,2004-09-27,2004-09-30,2005-03-31,99.014167,23227372000
912795RH6,Bill,4-Week,2004-09-21,2004-09-23,2004-10-21,99.875167,15068223000
912795RS2,Bill,13-Week,2004-09-20,2004-09-23,2004-12-23,99.574069,24682746000
912795SF9,Bill,26-Week,2004-09-20,2004-09-23,2005-03-24,99.054611,21989769000
912795RG8,Bill,4-Week,2004-09-14,2004-09-16,2004-10-14,99.881,15292439000
912795RR4,Bill,13-Week,2004-09-13,2004-09-16,2004-12-16,99.585,24594286000
912795SE2,Bill,26-Week,2004-09-13,2004-09-16,2005-03-17,99.07,22002250000
912795RF0,Bill,4-Week,2004-09-08,2004-09-09,2004-10-07,99.88,25255093000
912795RQ6,Bill,13-Week,2004-09-07,2004-09-09,2004-12-09,99.587,26033984000
912795SD4,Bill,26-Week,2004-09-07,2004-09-09,2005-03-10,99.06,23371957000
912795TC5,Bill,7-Day,2004-09-07,2004-09-08,2004-09-15,99.971,9000240000
912795TC5,Bill,12-Day,2004-09-02,2004-09-03,2004-09-15,99.951,16000420000
912795RE3,Bill,4-Week,2004-08-31,2004-09-02,2004-09-30,99.889,25212819000
912795TC5,Bill,14-Day,2004-08-31,2004-09-01,2004-09-15,99.942,16000407000
912795RP8,Bill,13-Week,2004-08-30,2004-09-02,2004-12-02,99.601,26132275000
912795SC6,Bill,26-Week,2004-08-30,2004-09-02,2005-03-03,99.103,23448767000
912795RD5,Bill,4-Week,2004-08-24,2004-08-26,2004-09-23,99.894,27341708000
912795RN3,Bill,13-Week,2004-08-23,2004-08-26,2004-11-26,99.613,25987199000
912795SB8,Bill,26-Week,2004-08-23,2004-08-26,2005-02-24,99.115,23402179000
912795RC7,Bill,4-Week,2004-08-17,2004-08-19,2004-09-16,99.894,26070203000
912795RM5,Bill,13-Week,2004-08-16,2004-08-19,2004-11-18,99.628,26187797000
912795SA0,Bill,26-Week,2004-08-16,2004-08-19,2005-02-17,99.128,23478523000
912795RB9,Bill,4-Week,2004-08-10,2004-08-12,2004-09-09,99.891,28237101000
912795RL7,Bill,13-Week,2004-08-09,2004-08-12,2004-11-12,99.624,25690383000
912795RZ6,Bill,26-Week,2004-08-09,2004-08-12,2005-02-10,99.158,23497976000
912795RA1,Bill,4-Week,2004-08-03,2004-08-05,2004-09-02,99.896,21630728000
912795RK9,Bill,13-Week,2004-08-02,2004-08-05,2004-11-04,99.63,25507146000
912795RY9,Bill,26-Week,2004-08-02,2004-08-05,2005-02-03,99.123,22328895000
912795QZ7,Bill,4-Week,2004-07-27,2004-07-29,2004-08-26,99.897,21822972000
912795RJ2,Bill,13-Week,2004-07-26,2004-07-29,2004-10-28,99.64,25038457000
912795RX1,Bill,26-Week,2004-07-26,2004-07-29,2005-01-27,99.123,22198478000
912795QY0,Bill,4-Week,2004-07-20,2004-07-22,2004-08-19,99.909,25327246000
912795RH6,Bill,13-Week,2004-07-19,2004-07-22,2004-10-21,99.664,24027782000
912795RW3,Bill,26-Week,2004-07-19,2004-07-22,2005-01-20,99.166,22150186000
912795QX2,Bill,4-Week,2004-07-13,2004-07-15,2004-08-12,99.91,25024017000
912795RG8,Bill,13-Week,2004-07-12,2004-07-15,2004-10-14,99.668,24514845000
912795RV5,Bill,26-Week,2004-07-12,2004-07-15,2005-01-13,99.176,22046239000
912795QW4,Bill,4-Week,2004-07-07,2004-07-08,2004-08-05,99.911,21303432000
912795QT1,Bill,7-Day,2004-07-06,2004-07-08,2004-07-15,99.977,6000025000
912795RF0,Bill,13-Week,2004-07-06,2004-07-08,2004-10-07,99.666,24403261000
912795RU7,Bill,26-Week,2004-07-06,2004-07-08,2005-01-06,99.176,22033771000
912795QT1,Bill,13-Day,2004-07-01,2004-07-02,2004-07-15,99.958,21000800000
912795QV6,Bill,4-Week,2004-06-29,2004-07-01,2004-07-29,99.91,12546936000
912795RE3,Bill,13-Week,2004-06-28,2004-07-01,2004-09-30,99.657,23717743000
912795RT0,Bill,26-Week,2004-06-28,2004-07-01,2004-12-30,99.128,20741947000
912795QU8,Bill,4-Week,2004-06-22,2004-06-24,2004-07-22,99.918,12159157000
912795RD5,Bill,13-Week,2004-06-21,2004-06-24,2004-09-23,99.668,23529949000
912795RS2,Bill,26-Week,2004-06-21,2004-06-24,2004-12-23,99.153,20672690000
912795QT1,Bill,4-Week,2004-06-15,2004-06-17,2004-07-15,99.917,17969324000
912795RC7,Bill,13-Week,2004-06-14,2004-06-17,2004-09-16,99.649,23866974000
912795RR4,Bill,26-Week,2004-06-14,2004-06-17,2004-12-16,99.13,20787341000
912795QS3,Bill,4-Week,2004-06-08,2004-06-10,2004-07-08,99.922,27239254000
912795QQ7,Bill,2-Day,2004-06-08,2004-06-09,2004-06-11,99.995,4000010000
912795RB9,Bill,13-Week,2004-06-07,2004-06-10,2004-09-09,99.689,25158123000
912795RQ6,Bill,26-Week,2004-06-07,2004-06-10,2004-12-09,99.239,20711661000
912795QP9,Bill,12-Day,2004-06-02,2004-06-03,2004-06-15,99.968,30000175000
912795QR5,Bill,4-Week,2004-06-02,2004-06-03,2004-07-01,99.927,27847051000
912795RA1,Bill,13-Week,2004-06-01,2004-06-03,2004-09-02,99.714,24597364000
912795RP8,Bill,26-Week,2004-06-01,2004-06-03,2004-12-02,99.292,20766118000
912795QN4,Bill,13-Day,2004-05-27,2004-06-01,2004-06-14,99.967,5000250000
912795QE4,Bill,4-Week,2004-05-25,2004-05-27,2004-06-24,99.929,25042554000
912795QZ7,Bill,13-Week,2004-05-24,2004-05-27,2004-08-26,99.735,24975702000
912795RN3,Bill,26-Week,2004-05-24,2004-05-27,2004-11-26,99.301,20626217000
912795QD6,Bill,4-Week,2004-05-18,2004-05-20,2004-06-17,99.93,25406655000
912795QY0,Bill,13-Week,2004-05-17,2004-05-20,2004-08-19,99.737,24751442000
912795RM5,Bill,26-Week,2004-05-17,2004-05-20,2004-11-18,99.325,20737112000
912795QC8,Bill,4-Week,2004-05-11,2004-05-13,2004-06-10,99.93,23112555000
912795QX2,Bill,13-Week,2004-05-10,2004-05-13,2004-08-12,99.732,24855611000
912795RL7,Bill,26-Week,2004-05-10,2004-05-13,2004-11-12,99.319,20529300000
912795QB0,Bill,4-Week,2004-05-04,2004-05-06,2004-06-03,99.929,22772253000
912795QW4,Bill,13-Week,2004-05-03,2004-05-06,2004-08-05,99.751,24769162000
912795RK9,Bill,26-Week,2004-05-03,2004-05-06,2004-11-04,99.406,20548341000
912795QA2,Bill,4-Week,2004-04-27,2004-04-29,2004-05-27,99.931,16945847000
912795QV6,Bill,13-Week,2004-04-26,2004-04-29,2004-07-29,99.755,23524868000
912795RJ2,Bill,26-Week,2004-04-26,2004-04-29,2004-10-28,99.411,19315202000
912795PZ8,Bill,4-Week,2004-04-20,2004-04-22,2004-05-20,99.929,14135643000
912795QU8,Bill,13-Week,2004-04-19,2004-04-22,2004-07-22,99.764,22318883000
912795RH6,Bill,26-Week,2004-04-19,2004-04-22,2004-10-21,99.454,18017072000
912795PY1,Bill,4-Week,2004-04-13,2004-04-15,2004-05-13,99.93,14142615000
912795QT1,Bill,13-Week,2004-04-12,2004-04-15,2004-07-15,99.769,22013783000
912795RG8,Bill,26-Week,2004-04-12,2004-04-15,2004-10-14,99.482,17874030000
912795QM6,Bill,11-Day,2004-04-07,2004-04-08,2004-04-19,99.97,16000437000
912795PX3,Bill,4-Week,2004-04-06,2004-04-08,2004-05-06,99.928,17254781000
912795QS3,Bill,13-Week,2004-04-05,2004-04-08,2004-07-08,99.765,23049352000
912795RF0,Bill,26-Week,2004-04-05,2004-04-08,2004-10-07,99.479,19030989000
912795QL8,Bill,14-Day,2004-04-05,2004-04-06,2004-04-20,99.964,5000270000
912795PU9,Bill,13-Day,2004-04-01,2004-04-02,2004-04-15,99.965,25004150000
912795PW5,Bill,4-Week,2004-03-30,2004-04-01,2004-04-29,99.926,21817709000
912795QR5,Bill,13-Week,2004-03-29,2004-04-01,2004-07-01,99.761,24130429000
912795RE3,Bill,26-Week,2004-03-29,2004-04-01,2004-09-30,99.5,20392444000
912795PV7,Bill,4-Week,2004-03-23,2004-03-25,2004-04-22,99.927,21400342000
912795QE4,Bill,13-Week,2004-03-22,2004-03-25,2004-06-24,99.765,23914245000
912795RD5,Bill,26-Week,2004-03-22,2004-03-25,2004-09-23,99.5,21655005000
912795PU9,Bill,4-Week,2004-03-16,2004-03-18,2004-04-15,99.925,23334341000
912795QD6,Bill,13-Week,2004-03-15,2004-03-18,2004-06-17,99.761,23776090000
912795RC7,Bill,26-Week,2004-03-15,2004-03-18,2004-09-16,99.5,21629113000
912795PT2,Bill,4-Week,2004-03-09,2004-03-11,2004-04-08,99.925,24293915000
912795QC8,Bill,13-Week,2004-03-08,2004-03-11,2004-06-10,99.765,24885867000
912795RB9,Bill,26-Week,2004-03-08,2004-03-11,2004-09-09,99.507,22848117000
912795PS4,Bill,4-Week,2004-03-02,2004-03-04,2004-04-01,99.925,24118629000
912795QK0,Bill,12-Day,2004-03-02,2004-03-03,2004-03-15,99.967,27000210000
912795QB0,Bill,13-Week,2004-03-01,2004-03-04,2004-06-03,99.762,25398555000
912795RA1,Bill,26-Week,2004-03-01,2004-03-04,2004-09-02,99.5,23017759000
912795PR6,Bill,4-Week,2004-02-24,2004-02-26,2004-03-25,99.927,21390143000
912795QA2,Bill,13-Week,2004-02-23,2004-02-26,2004-05-27,99.765,25669390000
912795QZ7,Bill,26-Week,2004-02-23,2004-02-26,2004-08-26,99.497,23111165000
912795PQ8,Bill,4-Week,2004-02-18,2004-02-19,2004-03-18,99.93,21580198000
912795PZ8,Bill,13-Week,2004-02-17,2004-02-19,2004-05-20,99.769,25636769000
912795QY0,Bill,26-Week,2004-02-17,2004-02-19,2004-08-19,99.507,23185431000
912795PP0,Bill,4-Week,2004-02-10,2004-02-12,2004-03-11,99.93,21557432000
912795PY1,Bill,13-Week,2004-02-09,2004-02-12,2004-05-13,99.767,25746133000
912795QX2,Bill,26-Week,2004-02-09,2004-02-12,2004-08-12,99.5,22994989000
912795PN5,Bill,4-Week,2004-02-03,2004-02-05,2004-03-04,99.93,21758711000
912795PX3,Bill,13-Week,2004-02-02,2004-02-05,2004-05-06,99.767,25714584000
912795QW4,Bill,26-Week,2004-02-02,2004-02-05,2004-08-05,99.494,23050696000
912795PM7,Bill,4-Week,2004-01-27,2004-01-29,2004-02-26,99.933,17357184000
912795PW5,Bill,13-Week,2004-01-26,2004-01-29,2004-04-29,99.775,24874875000
912795QV6,Bill,26-Week,2004-01-26,2004-01-29,2004-07-29,99.517,21934111000
912795PL9,Bill,4-Week,2004-01-21,2004-01-22,2004-02-19,99.938,12592546000
912795PV7,Bill,13-Week,2004-01-20,2004-01-22,2004-04-22,99.779,24771491000
912795QU8,Bill,26-Week,2004-01-20,2004-01-22,2004-07-22,99.52,22014092000
912795PK1,Bill,4-Week,2004-01-13,2004-01-15,2004-02-12,99.935,12140588000
912795PU9,Bill,13-Week,2004-01-12,2004-01-15,2004-04-15,99.78,23427341000
912795QT1,Bill,26-Week,2004-01-12,2004-01-15,2004-07-15,99.52,21985852000
912795PJ4,Bill,4-Week,2004-01-06,2004-01-08,2004-02-05,99.934,12757370000
912795PT2,Bill,13-Week,2004-01-05,2004-01-08,2004-04-08,99.767,22976650000
912795QS3,Bill,26-Week,2004-01-05,2004-01-08,2004-07-08,99.484,21783519000
912795PF2,Bill,13-Day,2003-12-30,2004-01-02,2004-01-15,99.967,15000080000
912795PH8,Bill,4-Week,2003-12-30,2004-01-02,2004-01-29,99.934,16089225000
912795PS4,Bill,13-Week,2003-12-29,2004-01-02,2004-04-01,99.779,21913821000
912795QR5,Bill,26-Week,2003-12-29,2004-01-02,2004-07-01,99.5,20660061000
912795PG0,Bill,4-Week,2003-12-23,2003-12-26,2004-01-22,99.935,16192763000
912795PR6,Bill,13-Week,2003-12-22,2003-12-26,2004-03-25,99.783,20735001000
912795QE4,Bill,26-Week,2003-12-22,2003-12-26,2004-06-24,99.512,19352828000
912795PF2,Bill,4-Week,2003-12-16,2003-12-18,2004-01-15,99.935,13150437000
912795PQ8,Bill,13-Week,2003-12-15,2003-12-18,2004-03-18,99.776,20563140000
912795QD6,Bill,26-Week,2003-12-15,2003-12-18,2004-06-17,99.505,19286520000
912795PE5,Bill,4-Week,2003-12-09,2003-12-11,2004-01-08,99.93,18004561000
912795PP0,Bill,13-Week,2003-12-08,2003-12-11,2004-03-11,99.773,21781674000
912795QC8,Bill,26-Week,2003-12-08,2003-12-11,2004-06-10,99.494,21822076000
912795PD7,Bill,4-Week,2003-12-02,2003-12-04,2004-01-02,99.925,23150104000
912795QJ3,Bill,12-Day,2003-12-02,2003-12-03,2003-12-15,99.968,32000500000
912795PN5,Bill,13-Week,2003-12-01,2003-12-04,2004-03-04,99.766,21825962000
912795QB0,Bill,26-Week,2003-12-01,2003-12-04,2004-06-03,99.479,21856248000
912795PC9,Bill,4-Week,2003-11-25,2003-11-28,2003-12-26,99.927,25561356000
912795PM7,Bill,13-Week,2003-11-24,2003-11-28,2004-02-26,99.768,21968509000
912795QA2,Bill,26-Week,2003-11-24,2003-11-28,2004-05-27,99.492,21867186000
912795PB1,Bill,4-Week,2003-11-18,2003-11-20,2003-12-18,99.928,21635464000
912795PL9,Bill,13-Week,2003-11-17,2003-11-20,2004-02-19,99.764,22053273000
912795PZ8,Bill,26-Week,2003-11-17,2003-11-20,2004-05-20,99.489,21893360000
912795PA3,Bill,4-Week,2003-11-12,2003-11-13,2003-12-11,99.931,16555711000
912795PK1,Bill,13-Week,2003-11-10,2003-11-13,2004-02-12,99.764,21510086000
912795PY1,Bill,26-Week,2003-11-10,2003-11-13,2004-05-13,99.474,21598322000
912795NZ0,Bill,4-Week,2003-11-04,2003-11-06,2003-12-04,99.927,19577819000
912795PJ4,Bill,13-Week,2003-11-03,2003-11-06,2004-02-05,99.762,22766210000
912795PX3,Bill,26-Week,2003-11-03,2003-11-06,2004-05-06,99.482,22887188000
912795NY3,Bill,4-Week,2003-10-28,2003-10-30,2003-11-28,99.923,23864298000
912795PH8,Bill,13-Week,2003-10-27,2003-10-30,2004-01-29,99.762,22960885000
912795PW5,Bill,26-Week,2003-10-27,2003-10-30,2004-04-29,99.484,22997352000
912795NX5,Bill,4-Week,2003-10-21,2003-10-23,2003-11-20,99.93,19998776000
912795PG0,Bill,13-Week,2003-10-20,2003-10-23,2004-01-22,99.767,22941007000
912795PV7,Bill,26-Week,2003-10-20,2003-10-23,2004-04-22,99.487,23071664000
912795NW7,Bill,4-Week,2003-10-15,2003-10-16,2003-11-13,99.932,18224111000
912795PF2,Bill,13-Week,2003-10-14,2003-10-16,2004-01-15,99.771,22989863000
912795PU9,Bill,26-Week,2003-10-14,2003-10-16,2004-04-15,99.502,22984213000
912795NV9,Bill,4-Week,2003-10-07,2003-10-09,2003-11-06,99.934,18403157000
912795PE5,Bill,13-Week,2003-10-06,2003-10-09,2004-01-08,99.767,22101915000
912795PT2,Bill,26-Week,2003-10-06,2003-10-09,2004-04-08,99.497,21730637000
912795QH7,Bill,12-Day,2003-10-02,2003-10-03,2003-10-15,99.969,20001115000
912795NU1,Bill,4-Week,2003-09-30,2003-10-02,2003-10-30,99.934,16472206000
912795PD7,Bill,13-Week,2003-09-29,2003-10-02,2004-01-02,99.761,22015407000
912795PS4,Bill,26-Week,2003-09-29,2003-10-02,2004-04-01,99.492,21815881000
912795NT4,Bill,4-Week,2003-09-23,2003-09-25,2003-10-23,99.933,15703331000
912795PC9,Bill,13-Week,2003-09-22,2003-09-25,2003-12-26,99.761,20962169000
912795PR6,Bill,26-Week,2003-09-22,2003-09-25,2004-03-25,99.489,20690418000
912795NS6,Bill,4-Week,2003-09-16,2003-09-18,2003-10-16,99.932,13393739000
912795PB1,Bill,13-Week,2003-09-15,2003-09-18,2003-12-18,99.765,19727081000
912795PQ8,Bill,26-Week,2003-09-15,2003-09-18,2004-03-18,99.497,19351186000
912795QG9,Bill,4-Day,2003-09-10,2003-09-11,2003-09-15,99.99,10000089000
912795NR8,Bill,4-Week,2003-09-09,2003-09-11,2003-10-09,99.929,15059599000
912795PA3,Bill,13-Week,2003-09-08,2003-09-11,2003-12-11,99.764,20565364000
912795PP0,Bill,26-Week,2003-09-08,2003-09-11,2004-03-11,99.489,20460780000
912795NQ0,Bill,4-Week,2003-09-03,2003-09-04,2003-10-02,99.926,20451727000
912795NZ0,Bill,13-Week,2003-09-02,2003-09-04,2003-12-04,99.755,21695372000
912795PN5,Bill,26-Week,2003-09-02,2003-09-04,2004-03-04,99.474,21777309000
912795QG9,Bill,12-Day,2003-09-02,2003-09-03,2003-09-15,99.967,23000412000
912795NP2,Bill,4-Week,2003-08-26,2003-08-28,2003-09-25,99.923,29286088000
912795NY3,Bill,13-Week,2003-08-25,2003-08-28,2003-11-28,99.75,21570451000
912795PM7,Bill,26-Week,2003-08-25,2003-08-28,2004-02-26,99.474,21736178000
912795NN7,Bill,4-Week,2003-08-19,2003-08-21,2003-09-18,99.927,21106233000
912795NX5,Bill,13-Week,2003-08-18,2003-08-21,2003-11-20,99.761,21475942000
912795PL9,Bill,26-Week,2003-08-18,2003-08-21,2004-02-19,99.477,21721380000
912795NM9,Bill,4-Week,2003-08-12,2003-08-14,2003-09-11,99.929,17964604000
912795NW7,Bill,13-Week,2003-08-11,2003-08-14,2003-11-13,99.762,20986601000
912795PK1,Bill,26-Week,2003-08-11,2003-08-14,2004-02-12,99.479,21530059000
912795NL1,Bill,4-Week,2003-08-05,2003-08-07,2003-09-04,99.929,19832098000
912795NV9,Bill,13-Week,2003-08-04,2003-08-07,2003-11-06,99.761,20953912000
912795PJ4,Bill,26-Week,2003-08-04,2003-08-07,2004-02-05,99.482,22936922000
912795NK3,Bill,4-Week,2003-07-29,2003-07-31,2003-08-28,99.925,22642894000
912795NU1,Bill,13-Week,2003-07-28,2003-07-31,2003-10-30,99.761,21256033000
912795PH8,Bill,26-Week,2003-07-28,2003-07-31,2004-01-29,99.505,22950492000
912795NJ6,Bill,4-Week,2003-07-22,2003-07-24,2003-08-21,99.932,12717699000
912795NT4,Bill,13-Week,2003-07-21,2003-07-24,2003-10-23,99.774,19802674000
912795PG0,Bill,26-Week,2003-07-21,2003-07-24,2004-01-22,99.52,23072140000
912795NH0,Bill,4-Week,2003-07-15,2003-07-17,2003-08-14,99.935,10224211000
912795NS6,Bill,13-Week,2003-07-14,2003-07-17,2003-10-16,99.778,21219033000
912795PF2,Bill,26-Week,2003-07-14,2003-07-17,2004-01-15,99.53,24240812000
912795NG2,Bill,4-Week,2003-07-08,2003-07-10,2003-08-07,99.931,18825847000
912795NR8,Bill,13-Week,2003-07-07,2003-07-10,2003-10-09,99.775,22511008000
912795PE5,Bill,26-Week,2003-07-07,2003-07-10,2004-01-08,99.525,24056731000
912795NF4,Bill,4-Week,2003-07-01,2003-07-03,2003-07-31,99.933,19427138000
912795NQ0,Bill,13-Week,2003-06-30,2003-07-03,2003-10-02,99.776,22313786000
912795PD7,Bill,26-Week,2003-06-30,2003-07-03,2004-01-02,99.517,24286198000
912795NE7,Bill,4-Week,2003-06-24,2003-06-26,2003-07-24,99.938,14356292000
912795NP2,Bill,13-Week,2003-06-23,2003-06-26,2003-09-25,99.794,23131623000
912795PC9,Bill,26-Week,2003-06-23,2003-06-26,2003-12-26,99.573,24417440000
912795ND9,Bill,4-Week,2003-06-17,2003-06-19,2003-07-17,99.93,15976400000
912795NN7,Bill,13-Week,2003-06-16,2003-06-19,2003-09-18,99.788,24034501000
912795PB1,Bill,26-Week,2003-06-16,2003-06-19,2003-12-18,99.573,24361450000
912795NC1,Bill,4-Week,2003-06-10,2003-06-12,2003-07-10,99.916,24855749000
912795NM9,Bill,13-Week,2003-06-09,2003-06-12,2003-09-11,99.746,24203780000
912795PA3,Bill,26-Week,2003-06-09,2003-06-12,2003-12-11,99.505,24226073000
912795QF1,Bill,8-Day,2003-06-04,2003-06-05,2003-06-13,99.974,18000000000
912795NB3,Bill,4-Week,2003-06-03,2003-06-05,2003-07-03,99.911,20283295000
912795NL1,Bill,13-Week,2003-06-02,2003-06-05,2003-09-04,99.719,24479347000
912795NZ0,Bill,26-Week,2003-06-02,2003-06-05,2003-12-04,99.446,24382333000
912795MQ1,Bill,2-Day,2003-06-02,2003-06-03,2003-06-05,99.993,24002600000
912795MT5,Bill,4-Week,2003-05-28,2003-05-29,2003-06-26,99.908,28539048000
912795NK3,Bill,13-Week,2003-05-28,2003-05-29,2003-08-28,99.722,21995548000
912795NY3,Bill,26-Week,2003-05-28,2003-05-29,2003-11-28,99.451,21765460000
912795QF1,Bill,16-Day,2003-05-27,2003-05-28,2003-06-13,99.948,4000152000
912795MS7,Bill,4-Week,2003-05-21,2003-05-22,2003-06-19,99.915,26397916000
912795NJ6,Bill,13-Week,2003-05-20,2003-05-22,2003-08-21,99.742,20956370000
912795NX5,Bill,26-Week,2003-05-20,2003-05-22,2003-11-20,99.484,21929778000
912795NA5,Bill,6-Day,2003-05-20,2003-05-21,2003-05-27,99.981,4000025000
912795MR9,Bill,4-Week,2003-05-13,2003-05-15,2003-06-12,99.922,10535072000
912795NH0,Bill,13-Week,2003-05-12,2003-05-15,2003-08-14,99.73,19427678000
912795NW7,Bill,26-Week,2003-05-12,2003-05-15,2003-11-13,99.444,19268175000
912795MM0,Bill,2-Day,2003-05-12,2003-05-13,2003-05-15,99.993,15000145000
912795MZ1,Bill,5-Day,2003-05-07,2003-05-08,2003-05-13,99.984,10000160000
912795MQ1,Bill,4-Week,2003-05-06,2003-05-08,2003-06-05,99.919,10143434000
912795NG2,Bill,13-Week,2003-05-05,2003-05-08,2003-08-07,99.723,20614533000
912795NV9,Bill,26-Week,2003-05-05,2003-05-08,2003-11-06,99.429,20600203000
912795MP3,Bill,4-Week,2003-04-29,2003-05-01,2003-05-29,99.914,15133004000
912795NF4,Bill,13-Week,2003-04-28,2003-05-01,2003-07-31,99.717,20190535000
912795NU1,Bill,26-Week,2003-04-28,2003-05-01,2003-10-30,99.424,21859797000
912795MN8,Bill,4-Week,2003-04-22,2003-04-24,2003-05-22,99.913,16241471000
912795NE7,Bill,13-Week,2003-04-21,2003-04-24,2003-07-24,99.707,19763507000
912795NT4,Bill,26-Week,2003-04-21,2003-04-24,2003-10-23,99.401,22068915000
912795MM0,Bill,4-Week,2003-04-15,2003-04-17,2003-05-15,99.91,18915602000
912795ND9,Bill,13-Week,2003-04-14,2003-04-17,2003-07-17,99.706,19863051000
912795NS6,Bill,26-Week,2003-04-14,2003-04-17,2003-10-16,99.406,20336500000
912795ML2,Bill,4-Week,2003-04-08,2003-04-10,2003-05-08,99.909,21123941000
912795MY4,Bill,6-Day,2003-04-08,2003-04-09,2003-04-15,99.98,8000304000
912795NC1,Bill,13-Week,2003-04-07,2003-04-10,2003-07-10,99.713,19717849000
912795NR8,Bill,26-Week,2003-04-07,2003-04-10,2003-10-09,99.426,21509431000
912795MY4,Bill,12-Day,2003-04-02,2003-04-03,2003-04-15,99.961,20000072000
912795MK4,Bill,4-Week,2003-04-01,2003-04-03,2003-05-01,99.91,21005354000
912795NB3,Bill,13-Week,2003-03-31,2003-04-03,2003-07-03,99.722,20380534000
912795NQ0,Bill,26-Week,2003-03-31,2003-04-03,2003-10-02,99.449,22912821000
912795MJ7,Bill,4-Week,2003-03-25,2003-03-27,2003-04-24,99.908,24299097000
912795MT5,Bill,13-Week,2003-03-24,2003-03-27,2003-06-26,99.709,21846491000
912795NP2,Bill,26-Week,2003-03-24,2003-03-27,2003-09-25,99.419,22760446000
912795MH1,Bill,4-Week,2003-03-18,2003-03-20,2003-04-17,99.909,28510613000
912795MS7,Bill,13-Week,2003-03-17,2003-03-20,2003-06-19,99.718,21537479000
912795NN7,Bill,26-Week,2003-03-17,2003-03-20,2003-09-18,99.439,22589202000
912795MG3,Bill,4-Week,2003-03-11,2003-03-13,2003-04-10,99.913,23460113000
912795MR9,Bill,13-Week,2003-03-10,2003-03-13,2003-06-12,99.733,21754672000
912795NM9,Bill,26-Week,2003-03-10,2003-03-13,2003-09-11,99.479,22550314000
912795MF5,Bill,4-Week,2003-03-04,2003-03-06,2003-04-03,99.907,26861320000
912795MQ1,Bill,13-Week,2003-03-03,2003-03-06,2003-06-05,99.703,21929090000
912795NL1,Bill,26-Week,2003-03-03,2003-03-06,2003-09-04,99.409,21328717000
912795MX6,Bill,14-Day,2003-02-27,2003-03-03,2003-03-17,99.952,26000384000
912795ME8,Bill,4-Week,2003-02-25,2003-02-27,2003-03-27,99.905,26877992000
912795MP3,Bill,13-Week,2003-02-24,2003-02-27,2003-05-29,99.703,23346644000
912795NK3,Bill,26-Week,2003-02-24,2003-02-27,2003-08-28,99.406,22636977000
912795MD0,Bill,4-Week,2003-02-19,2003-02-20,2003-03-20,99.91,21511373000
912795MN8,Bill,13-Week,2003-02-18,2003-02-20,2003-05-22,99.707,22828937000
912795NJ6,Bill,26-Week,2003-02-18,2003-02-20,2003-08-21,99.403,21667313000
912795MC2,Bill,4-Week,2003-02-11,2003-02-13,2003-03-13,99.91,21651207000
912795MM0,Bill,13-Week,2003-02-10,2003-02-13,2003-05-15,99.709,24306725000
912795NH0,Bill,26-Week,2003-02-10,2003-02-13,2003-08-14,99.411,21702475000
912795MB4,Bill,4-Week,2003-02-04,2003-02-06,2003-03-06,99.911,23607524000
912795ML2,Bill,13-Week,2003-02-03,2003-02-06,2003-05-08,99.708,25670586000
912795NG2,Bill,26-Week,2003-02-03,2003-02-06,2003-08-07,99.401,23057718000
912795MA6,Bill,4-Week,2003-01-28,2003-01-30,2003-02-27,99.91,18060192000
912795MK4,Bill,13-Week,2003-01-27,2003-01-30,2003-05-01,99.712,24823714000
912795NF4,Bill,26-Week,2003-01-27,2003-01-30,2003-07-31,99.414,21881053000
912795LZ2,Bill,4-Week,2003-01-22,2003-01-23,2003-02-20,99.912,16398092000
912795MJ7,Bill,13-Week,2003-01-21,2003-01-23,2003-04-24,99.707,23699766000
912795NE7,Bill,26-Week,2003-01-21,2003-01-23,2003-07-24,99.398,20588589000
912795LY5,Bill,4-Week,2003-01-14,2003-01-16,2003-02-13,99.912,13442690000
912795MH1,Bill,13-Week,2003-01-13,2003-01-16,2003-04-17,99.702,22183411000
912795ND9,Bill,26-Week,2003-01-13,2003-01-16,2003-07-17,99.378,20555518000
912795LX7,Bill,4-Week,2003-01-07,2003-01-09,2003-02-06,99.911,15454557000
912795MG3,Bill,13-Week,2003-01-06,2003-01-09,2003-04-10,99.7,20576631000
912795NC1,Bill,26-Week,2003-01-06,2003-01-09,2003-07-10,99.373,20541613000
912795LW9,Bill,4-Week,2002-12-31,2003-01-02,2003-01-30,99.909,18798333000
912795MF5,Bill,13-Week,2002-12-30,2003-01-02,2003-04-03,99.7,19156182000
912795NB3,Bill,26-Week,2002-12-30,2003-01-02,2003-07-03,99.383,21917541000
912795LV1,Bill,4-Week,2002-12-24,2002-12-26,2003-01-23,99.911,18813845000
912795ME8,Bill,13-Week,2002-12-23,2002-12-26,2003-03-27,99.7,18909133000
912795MT5,Bill,26-Week,2002-12-23,2002-12-26,2003-06-26,99.373,21881771000
912795LU3,Bill,4-Week,2002-12-17,2002-12-19,2003-01-16,99.907,18608783000
912795MD0,Bill,13-Week,2002-12-16,2002-12-19,2003-03-20,99.697,19064120000
912795MS7,Bill,26-Week,2002-12-16,2002-12-19,2003-06-19,99.363,21911139000
912795LT6,Bill,4-Week,2002-12-10,2002-12-12,2003-01-09,99.906,18381512000
912795MC2,Bill,13-Week,2002-12-09,2002-12-12,2003-03-13,99.698,19215031000
912795MR9,Bill,26-Week,2002-12-09,2002-12-12,2003-06-12,99.371,20617739000
912795MW8,Bill,6-Day,2002-12-09,2002-12-10,2002-12-16,99.979,13001053000
912795LS8,Bill,4-Week,2002-12-03,2002-12-05,2003-01-02,99.906,23303498000
912795MB4,Bill,13-Week,2002-12-02,2002-12-05,2003-03-06,99.694,19041968000
912795MQ1,Bill,26-Week,2002-12-02,2002-12-05,2003-06-05,99.348,20629748000
912795LR0,Bill,4-Week,2002-11-26,2002-11-29,2002-12-26,99.906,23828585000
912795MA6,Bill,13-Week,2002-11-25,2002-11-29,2003-02-27,99.698,20289877000
912795MP3,Bill,26-Week,2002-11-25,2002-11-29,2003-05-29,99.364,20589637000
912795LQ2,Bill,4-Week,2002-11-19,2002-11-21,2002-12-19,99.907,21868422000
912795LZ2,Bill,13-Week,2002-11-18,2002-11-21,2003-02-20,99.695,20008719000
912795MN8,Bill,26-Week,2002-11-18,2002-11-21,2003-05-22,99.371,20505717000
912795LP4,Bill,4-Week,2002-11-13,2002-11-14,2002-12-12,99.907,21771340000
912795LY5,Bill,13-Week,2002-11-12,2002-11-14,2003-02-13,99.699,21438335000
912795MM0,Bill,26-Week,2002-11-12,2002-11-14,2003-05-15,99.381,21812777000
912795LN9,Bill,4-Week,2002-11-05,2002-11-07,2002-12-05,99.889,17328226000
912795LX7,Bill,13-Week,2002-11-04,2002-11-07,2003-02-06,99.644,22795921000
912795ML2,Bill,26-Week,2002-11-04,2002-11-07,2003-05-08,99.295,23158101000
912795LM1,Bill,4-Week,2002-10-29,2002-10-31,2002-11-29,99.875,18938426000
912795LW9,Bill,13-Week,2002-10-28,2002-10-31,2003-01-30,99.608,23908812000
912795MK4,Bill,26-Week,2002-10-28,2002-10-31,2003-05-01,99.234,22998527000
912795LL3,Bill,4-Week,2002-10-22,2002-10-24,2002-11-21,99.87,18836398000
912795LV1,Bill,13-Week,2002-10-21,2002-10-24,2003-01-23,99.579,24195831000
912795MJ7,Bill,26-Week,2002-10-21,2002-10-24,2003-04-24,99.158,21596496000
912795LK5,Bill,4-Week,2002-10-16,2002-10-17,2002-11-14,99.873,15405921000
912795LU3,Bill,13-Week,2002-10-15,2002-10-17,2003-01-16,99.588,22453766000
912795MH1,Bill,26-Week,2002-10-15,2002-10-17,2003-04-17,99.176,20299922000
912795LJ8,Bill,4-Week,2002-10-08,2002-10-10,2002-11-07,99.876,16154094000
912795LT6,Bill,13-Week,2002-10-07,2002-10-10,2003-01-09,99.599,21099596000
912795MG3,Bill,26-Week,2002-10-07,2002-10-10,2003-04-10,99.227,19138857000
912795LH2,Bill,4-Week,2002-10-01,2002-10-03,2002-10-31,99.876,17839227000
912795LS8,Bill,13-Week,2002-09-30,2002-10-03,2003-01-02,99.611,21883344000
912795MF5,Bill,26-Week,2002-09-30,2002-10-03,2003-04-03,99.254,19200833000
912795LG4,Bill,4-Week,2002-09-24,2002-09-26,2002-10-24,99.874,21075649000
912795LR0,Bill,13-Week,2002-09-23,2002-09-26,2002-12-26,99.593,21536414000
912795ME8,Bill,26-Week,2002-09-23,2002-09-26,2003-03-27,99.201,18018844000
912795LF6,Bill,4-Week,2002-09-17,2002-09-19,2002-10-17,99.871,20774055000
912795LQ2,Bill,13-Week,2002-09-16,2002-09-19,2002-12-19,99.58,22063960000
912795MD0,Bill,26-Week,2002-09-16,2002-09-19,2003-03-20,99.171,17912098000
912795LE9,Bill,4-Week,2002-09-10,2002-09-12,2002-10-10,99.869,20850126000
912795MV0,Bill,5-Day,2002-09-10,2002-09-11,2002-09-16,99.976,9000100000
912795LP4,Bill,13-Week,2002-09-09,2002-09-12,2002-12-12,99.584,21185446000
912795MC2,Bill,26-Week,2002-09-09,2002-09-12,2003-03-13,99.173,17898789000
912795LD1,Bill,4-Week,2002-09-04,2002-09-05,2002-10-03,99.871,23739227000
912795LN9,Bill,13-Week,2002-09-03,2002-09-05,2002-12-05,99.593,20793029000
912795MB4,Bill,26-Week,2002-09-03,2002-09-05,2003-03-06,99.201,19468857000
912795LC3,Bill,4-Week,2002-08-27,2002-08-29,2002-09-26,99.869,27375152000
912795LM1,Bill,13-Week,2002-08-26,2002-08-29,2002-11-29,99.583,20755424000
912795MA6,Bill,26-Week,2002-08-26,2002-08-29,2003-02-27,99.173,19490987000
912795LB5,Bill,4-Week,2002-08-20,2002-08-22,2002-09-19,99.871,28308093000
912795LL3,Bill,13-Week,2002-08-19,2002-08-22,2002-11-21,99.588,20088451000
912795LZ2,Bill,26-Week,2002-08-19,2002-08-22,2003-02-20,99.176,19500644000
912795LA7,Bill,4-Week,2002-08-13,2002-08-15,2002-09-12,99.87,27024243000
912795LK5,Bill,13-Week,2002-08-12,2002-08-15,2002-11-14,99.588,21868503000
912795LY5,Bill,26-Week,2002-08-12,2002-08-15,2003-02-13,99.196,20649004000
912795KZ3,Bill,4-Week,2002-08-06,2002-08-08,2002-09-05,99.87,23446800000
912795LJ8,Bill,13-Week,2002-08-05,2002-08-08,2002-11-07,99.596,20543462000
912795LX7,Bill,26-Week,2002-08-05,2002-08-08,2003-02-06,99.214,21872990000
912795KY6,Bill,4-Week,2002-07-30,2002-08-01,2002-08-29,99.868,20874819000
912795LH2,Bill,13-Week,2002-07-29,2002-08-01,2002-10-31,99.575,21322089000
912795LW9,Bill,26-Week,2002-07-29,2002-08-01,2003-01-30,99.146,21965174000
912795KX8,Bill,4-Week,2002-07-23,2002-07-25,2002-08-22,99.868,20784260000
912795LG4,Bill,13-Week,2002-07-22,2002-07-25,2002-10-24,99.58,20821193000
912795LV1,Bill,26-Week,2002-07-22,2002-07-25,2003-01-23,99.153,21613937000
912795KW0,Bill,4-Week,2002-07-16,2002-07-18,2002-08-15,99.868,20660985000
912795LF6,Bill,13-Week,2002-07-15,2002-07-18,2002-10-17,99.575,21663532000
912795LU3,Bill,26-Week,2002-07-15,2002-07-18,2003-01-16,99.153,21492380000
912795KV2,Bill,4-Week,2002-07-09,2002-07-11,2002-08-08,99.868,20097930000
912795LE9,Bill,13-Week,2002-07-08,2002-07-11,2002-10-10,99.572,22603327000
912795LT6,Bill,26-Week,2002-07-08,2002-07-11,2003-01-09,99.123,20324516000
912795KU4,Bill,4-Week,2002-07-02,2002-07-05,2002-08-01,99.873,18894957000
912795LD1,Bill,13-Week,2002-07-01,2002-07-05,2002-10-03,99.578,23238812000
912795LS8,Bill,26-Week,2002-07-01,2002-07-05,2003-01-02,99.13,20635460000
912795KT7,Bill,4-Week,2002-06-25,2002-06-27,2002-07-25,99.868,17126439000
912795LC3,Bill,13-Week,2002-06-24,2002-06-27,2002-09-26,99.575,23265073000
912795LR0,Bill,26-Week,2002-06-24,2002-06-27,2002-12-26,99.108,20739293000
912795KS9,Bill,4-Week,2002-06-18,2002-06-20,2002-07-18,99.868,19665368000
912795LB5,Bill,13-Week,2002-06-17,2002-06-20,2002-09-19,99.57,22720820000
912795LQ2,Bill,26-Week,2002-06-17,2002-06-20,2002-12-19,99.09,20650577000
912795KR1,Bill,4-Week,2002-06-11,2002-06-13,2002-07-11,99.867,19895035000
912795MU2,Bill,6-Day,2002-06-11,2002-06-12,2002-06-18,99.971,21001330000
912795LA7,Bill,13-Week,2002-06-10,2002-06-13,2002-09-12,99.565,22600907000
912795LP4,Bill,26-Week,2002-06-10,2002-06-13,2002-12-12,99.065,20623026000
912795KQ3,Bill,4-Week,2002-06-04,2002-06-06,2002-07-05,99.862,19732335000
912795KZ3,Bill,13-Week,2002-06-03,2002-06-06,2002-09-05,99.565,23330255000
912795LN9,Bill,26-Week,2002-06-03,2002-06-06,2002-12-05,99.052,20667819000
912795KP5,Bill,9-Day,2002-05-31,2002-06-03,2002-06-12,99.957,20000192000
912795KA8,Bill,4-Week,2002-05-29,2002-05-30,2002-06-27,99.869,18384690000
912795KY6,Bill,13-Week,2002-05-28,2002-05-30,2002-08-29,99.563,23441132000
912795LM1,Bill,26-Week,2002-05-28,2002-05-30,2002-11-29,99.039,21014267000
912795JZ5,Bill,4-Week,2002-05-21,2002-05-23,2002-06-20,99.869,20458880000
912795KX8,Bill,13-Week,2002-05-20,2002-05-23,2002-08-22,99.563,23913118000
912795LL3,Bill,26-Week,2002-05-20,2002-05-23,2002-11-21,99.039,20846098000
912795JY8,Bill,4-Week,2002-05-14,2002-05-16,2002-06-13,99.864,27534298000
912795KW0,Bill,13-Week,2002-05-13,2002-05-16,2002-08-15,99.558,23299522000
912795LK5,Bill,26-Week,2002-05-13,2002-05-16,2002-11-14,99.055,20668140000
912795KN0,Bill,7-Day,2002-05-09,2002-05-10,2002-05-17,99.966,12000090000
912795JX0,Bill,4-Week,2002-05-07,2002-05-09,2002-06-06,99.866,22893285000
912795KV2,Bill,13-Week,2002-05-06,2002-05-09,2002-08-08,99.56,20197723000
912795LJ8,Bill,26-Week,2002-05-06,2002-05-09,2002-11-07,99.065,20759834000
912795JW2,Bill,4-Week,2002-04-30,2002-05-02,2002-05-30,99.865,17818739000
912795KU4,Bill,13-Week,2002-04-29,2002-05-02,2002-08-01,99.563,18501754000
912795LH2,Bill,26-Week,2002-04-29,2002-05-02,2002-10-31,99.05,18249743000
912795JV4,Bill,4-Week,2002-04-23,2002-04-25,2002-05-23,99.872,12822927000
912795KT7,Bill,13-Week,2002-04-22,2002-04-25,2002-07-25,99.573,15734120000
912795LG4,Bill,26-Week,2002-04-22,2002-04-25,2002-10-24,99.05,15430445000
912795JU6,Bill,4-Week,2002-04-16,2002-04-18,2002-05-16,99.869,16810459000
912795KS9,Bill,13-Week,2002-04-15,2002-04-18,2002-07-18,99.575,14219741000
912795LF6,Bill,26-Week,2002-04-15,2002-04-18,2002-10-17,99.037,13898887000
912795KM2,Bill,4-Day,2002-04-10,2002-04-11,2002-04-15,99.981,16000200000
912795JT9,Bill,4-Week,2002-04-09,2002-04-11,2002-05-09,99.869,16839186000
912795KR1,Bill,13-Week,2002-04-08,2002-04-11,2002-07-11,99.568,13642415000
912795LE9,Bill,26-Week,2002-04-08,2002-04-11,2002-10-10,99.002,13821556000
912795KL4,Bill,12-Day,2002-04-03,2002-04-04,2002-04-16,99.941,23000440000
912795JS1,Bill,4-Week,2002-04-02,2002-04-04,2002-05-02,99.864,21051487000
912795KK6,Bill,19-Day,2002-04-02,2002-04-03,2002-04-22,99.906,23000410000
912795KQ3,Bill,13-Week,2002-04-01,2002-04-04,2002-07-05,99.543,16086236000
912795LD1,Bill,26-Week,2002-04-01,2002-04-04,2002-10-03,98.933,15020461000
912795JR3,Bill,4-Week,2002-03-26,2002-03-28,2002-04-25,99.862,22308571000
912795KA8,Bill,13-Week,2002-03-25,2002-03-28,2002-06-27,99.54,17150774000
912795LC3,Bill,26-Week,2002-03-25,2002-03-28,2002-09-26,98.933,16737094000
912795JQ5,Bill,4-Week,2002-03-19,2002-03-21,2002-04-18,99.862,20669090000
912795JZ5,Bill,13-Week,2002-03-18,2002-03-21,2002-06-20,99.535,17834836000
912795LB5,Bill,26-Week,2002-03-18,2002-03-21,2002-09-19,98.954,17714705000
912795JP7,Bill,4-Week,2002-03-12,2002-03-14,2002-04-11,99.862,25100182000
912795JY8,Bill,13-Week,2002-03-11,2002-03-14,2002-06-13,99.539,17770804000
912795LA7,Bill,26-Week,2002-03-11,2002-03-14,2002-09-12,98.979,17660936000
912795JN2,Bill,4-Week,2002-03-05,2002-03-07,2002-04-04,99.864,23748920000
912795JX0,Bill,13-Week,2002-03-04,2002-03-07,2002-06-06,99.555,19149418000
912795KZ3,Bill,26-Week,2002-03-04,2002-03-07,2002-09-05,99.045,17640720000
912795JM4,Bill,4-Week,2002-02-26,2002-02-28,2002-03-28,99.864,26880113000
912795JW2,Bill,13-Week,2002-02-25,2002-02-28,2002-05-30,99.561,21754525000
912795KY6,Bill,26-Week,2002-02-25,2002-02-28,2002-08-29,99.065,19810390000
912795JL6,Bill,4-Week,2002-02-20,2002-02-21,2002-03-21,99.866,25135570000
912795JV4,Bill,13-Week,2002-02-19,2002-02-21,2002-05-23,99.563,21772282000
912795KX8,Bill,26-Week,2002-02-19,2002-02-21,2002-08-22,99.075,18950615000
912795JK8,Bill,4-Week,2002-02-12,2002-02-14,2002-03-14,99.866,20221039000
912795JU6,Bill,13-Week,2002-02-11,2002-02-14,2002-05-16,99.566,21446283000
912795KW0,Bill,26-Week,2002-02-11,2002-02-14,2002-08-15,99.085,19110084000
912795JJ1,Bill,4-Week,2002-02-05,2002-02-07,2002-03-07,99.868,16523773000
912795JT9,Bill,13-Week,2002-02-04,2002-02-07,2002-05-09,99.561,20964622000
912795KV2,Bill,26-Week,2002-02-04,2002-02-07,2002-08-08,99.075,19052666000
912795HJ3,Bill,4-Week,2002-01-29,2002-01-31,2002-02-28,99.869,11667128000
912795JS1,Bill,13-Week,2002-01-28,2002-01-31,2002-05-02,99.566,20010388000
912795KU4,Bill,26-Week,2002-01-28,2002-01-31,2002-08-01,99.075,19131976000
912795JH5,Bill,4-Week,2002-01-23,2002-01-24,2002-02-21,99.871,8537829000
912795JR3,Bill,13-Week,2002-01-22,2002-01-24,2002-04-25,99.578,18820302000
912795KT7,Bill,26-Week,2002-01-22,2002-01-24,2002-07-25,99.123,17673112000
912795JG7,Bill,4-Week,2002-01-15,2002-01-17,2002-02-14,99.875,8526726000
912795JQ5,Bill,13-Week,2002-01-14,2002-01-17,2002-04-18,99.613,16830254000
912795KS9,Bill,26-Week,2002-01-14,2002-01-17,2002-07-18,99.201,17639427000
912795JF9,Bill,4-Week,2002-01-08,2002-01-10,2002-02-07,99.871,7802771000
912795JP7,Bill,13-Week,2002-01-07,2002-01-10,2002-04-11,99.582,15550229000
912795KR1,Bill,26-Week,2002-01-07,2002-01-10,2002-07-11,99.115,18887684000
912795JE2,Bill,4-Week,2002-01-02,2002-01-03,2002-01-31,99.868,8574472000
912795JN2,Bill,13-Week,2001-12-31,2002-01-03,2002-04-04,99.568,16786735000
912795KQ3,Bill,26-Week,2001-12-31,2002-01-03,2002-07-05,99.085,20083811000
912795JD4,Bill,4-Week,2001-12-26,2001-12-27,2002-01-24,99.864,11753156000
912795JM4,Bill,13-Week,2001-12-26,2001-12-27,2002-03-28,99.565,18599564000
912795KA8,Bill,26-Week,2001-12-26,2001-12-27,2002-06-27,99.065,20340767000
912795JC6,Bill,4-Week,2001-12-18,2001-12-20,2002-01-17,99.868,13129789000
912795JL6,Bill,13-Week,2001-12-17,2001-12-20,2002-03-21,99.563,18288091000
912795JZ5,Bill,26-Week,2001-12-17,2001-12-20,2002-06-20,99.070,20183422000
912795JB8,Bill,4-Week,2001-12-11,2001-12-13,2002-01-10,99.870,15762603000
912795JK8,Bill,13-Week,2001-12-10,2001-12-13,2002-03-14,99.577,18370889000
912795JY8,Bill,26-Week,2001-12-10,2001-12-13,2002-06-13,99.108,21512420000
912795JA0,Bill,4-Week,2001-12-04,2001-12-06,2002-01-03,99.862,19777827000
912795JJ1,Bill,13-Week,2001-12-03,2001-12-06,2002-03-07,99.561,20615625000
912795JX0,Bill,26-Week,2001-12-03,2001-12-06,2002-06-06,99.108,21437905000
912795HZ7,Bill,4-Week,2001-11-27,2001-11-29,2001-12-27,99.845,21376984000
912795HJ3,Bill,13-Week,2001-11-26,2001-11-29,2002-02-28,99.515,22914836000
912795JW2,Bill,26-Week,2001-11-26,2001-11-29,2002-05-30,98.994,22011599000
912795HY0,Bill,4-Week,2001-11-20,2001-11-23,2001-12-20,99.850,23753941000
912795JH5,Bill,13-Week,2001-11-19,2001-11-23,2002-02-21,99.525,20862532000
912795JV4,Bill,26-Week,2001-11-19,2001-11-23,2002-05-23,99.015,21403776000
912795HX2,Bill,4-Week,2001-11-14,2001-11-15,2001-12-13,99.847,19977497000
912795JG7,Bill,13-Week,2001-11-13,2001-11-15,2002-02-14,99.541,20837696000
912795JU6,Bill,26-Week,2001-11-13,2001-11-15,2002-05-16,99.080,21431506000
912795GU9,Bill,4-Week,2001-11-06,2001-11-08,2001-12-06,99.834,16972737000
912795JF9,Bill,13-Week,2001-11-05,2001-11-08,2002-02-07,99.501,21108425000
912795JT9,Bill,26-Week,2001-11-05,2001-11-08,2002-05-09,99.029,20366688000
912795HM6,Bill,4-Week,2001-10-30,2001-11-01,2001-11-29,99.834,12996320000
912795JE2,Bill,13-Week,2001-10-29,2001-11-01,2002-01-31,99.482,20384528000
912795JS1,Bill,26-Week,2001-10-29,2001-11-01,2002-05-02,98.986,18894831000
912795HW4,Bill,4-Week,2001-10-23,2001-10-25,2001-11-23,99.816,10022340000
912795JD4,Bill,13-Week,2001-10-22,2001-10-25,2002-01-24,99.451,18482930000
912795JR3,Bill,26-Week,2001-10-22,2001-10-25,2002-04-25,98.923,17750571000
912795HV6,Bill,4-Week,2001-10-16,2001-10-18,2001-11-15,99.823,8406365000
912795JC6,Bill,13-Week,2001-10-15,2001-10-18,2002-01-17,99.444,17313705000
912795JQ5,Bill,26-Week,2001-10-15,2001-10-18,2002-04-18,98.908,16559320000
912795GT2,Bill,4-Week,2001-10-10,2001-10-11,2001-11-08,99.825,7359302000
912795JB8,Bill,13-Week,2001-10-09,2001-10-11,2002-01-10,99.449,16122260000
912795JP7,Bill,26-Week,2001-10-09,2001-10-11,2002-04-11,98.913,15280507000
912795HU8,Bill,4-Week,2001-10-02,2001-10-04,2001-11-01,99.823,11361665000
912795JA0,Bill,13-Week,2001-10-01,2001-10-04,2002-01-03,99.414,17312009000
912795JN2,Bill,26-Week,2001-10-01,2001-10-04,2002-04-04,98.825,15162389000
912795HT1,Bill,4-Week,2001-09-25,2001-09-27,2001-10-25,99.809,12077297000
912795HZ7,Bill,13-Week,2001-09-24,2001-09-27,2001-12-27,99.398,18546073000
912795JM4,Bill,26-Week,2001-09-24,2001-09-27,2002-03-28,98.807,16509517000
912795HS3,Bill,4-Week,2001-09-18,2001-09-20,2001-10-18,99.825,13730508000
912795HY0,Bill,13-Week,2001-09-17,2001-09-20,2001-12-20,99.353,18321527000
912795JL6,Bill,26-Week,2001-09-17,2001-09-20,2002-03-21,98.701,16523408000
912795GS4,Bill,4-Week,2001-09-11,2001-09-13,2001-10-11,null,null
912795HX2,Bill,13-Week,2001-09-10,2001-09-13,2001-12-13,99.196,18399522000
912795JK8,Bill,26-Week,2001-09-10,2001-09-13,2002-03-14,98.423,16526938000
912795HR5,Bill,4-Week,2001-09-05,2001-09-06,2001-10-04,99.733,14008473000
912795GU9,Bill,13-Week,2001-09-04,2001-09-06,2001-12-06,99.151,18483227000
912795JJ1,Bill,26-Week,2001-09-04,2001-09-06,2002-03-07,98.327,18142782000
912795HQ7,Bill,4-Week,2001-08-28,2001-08-30,2001-09-27,99.730,15050890000
912795HM6,Bill,13-Week,2001-08-27,2001-08-30,2001-11-29,99.153,21852437000
912795HJ3,Bill,26-Week,2001-08-27,2001-08-30,2002-02-28,98.337,17942171000
912795HP9,Bill,4-Week,2001-08-21,2001-08-23,2001-09-20,99.735,14330339000
912795HW4,Bill,13-Week,2001-08-20,2001-08-23,2001-11-23,99.149,19087680000
912795JH5,Bill,26-Week,2001-08-20,2001-08-23,2002-02-21,98.337,19216599000
912795GR6,Bill,4-Week,2001-08-14,2001-08-16,2001-09-13,99.730,11916410000
912795HV6,Bill,13-Week,2001-08-13,2001-08-16,2001-11-15,99.153,19158060000
912795JG7,Bill,26-Week,2001-08-13,2001-08-16,2002-02-14,98.352,19210180000
912795HN4,Bill,4-Week,2001-08-07,2001-08-09,2001-09-06,99.723,10503650000
912795GT2,Bill,13-Week,2001-08-06,2001-08-09,2001-11-08,99.133,19650564000
912795JF9,Bill,26-Week,2001-08-06,2001-08-09,2002-02-07,98.306,19539137000
912795HL8,Bill,4-Week,2001-07-31,2001-08-02,2001-08-30,99.721,12689595000
912795HU8,Bill,13-Week,2001-07-30,2001-08-02,2001-11-01,99.120,18396938000
912795JE2,Bill,26-Week,2001-07-30,2001-08-02,2002-01-31,98.291,18688955000
912795HT1,Bill,13-Week,2001-07-23,2001-07-26,2001-10-25,99.120,19868477000
912795JD4,Bill,26-Week,2001-07-23,2001-07-26,2002-01-24,98.261,19579139000
912795HS3,Bill,13-Week,2001-07-16,2001-07-19,2001-10-18,99.103,20196791000
912795JC6,Bill,26-Week,2001-07-16,2001-07-19,2002-01-17,98.236,18364311000
912795GS4,Bill,13-Week,2001-07-09,2001-07-12,2001-10-11,99.100,20414194000
912795JB8,Bill,26-Week,2001-07-09,2001-07-12,2002-01-10,98.231,17071010000
912795HR5,Bill,13-Week,2001-07-02,2001-07-05,2001-10-04,99.095,20429165000
912795JA0,Bill,26-Week,2001-07-02,2001-07-05,2002-01-03,98.231,17079356000
912795HC8,Bill,9-Day,2001-07-02,2001-07-03,2001-07-12,99.906,13000103000
912795HQ7,Bill,13-Week,2001-06-25,2001-06-28,2001-09-27,99.147,20156289000
912795HZ7,Bill,26-Week,2001-06-25,2001-06-28,2001-12-27,98.311,16895431000
912795HP9,Bill,13-Week,2001-06-18,2001-06-21,2001-09-20,99.132,18759340000
912795HY0,Bill,26-Week,2001-06-18,2001-06-21,2001-12-20,98.291,16908584000
912795GR6,Bill,13-Week,2001-06-11,2001-06-14,2001-09-13,99.113,17248500000
912795HX2,Bill,26-Week,2001-06-11,2001-06-14,2001-12-13,98.226,16618747000
912795HN4,Bill,13-Week,2001-06-04,2001-06-07,2001-09-06,99.093,18137248000
912795GU9,Bill,26-Week,2001-06-04,2001-06-07,2001-12-06,98.220,15640485000
912795KJ9,Bill,14-Day,2001-05-31,2001-06-01,2001-06-15,99.846,35000000000
912795GL9,Bill,14-Day,2001-05-30,2001-05-31,2001-06-14,99.846,20000740000
912795HL8,Bill,13-Week,2001-05-29,2001-05-31,2001-08-30,99.089,16494858000
912795HM6,Bill,26-Week,2001-05-29,2001-05-31,2001-11-29,98.205,13848634000
912795HH7,Bill,13-Week,2001-05-21,2001-05-24,2001-08-23,99.105,16733665000
912795HW4,Bill,26-Week,2001-05-21,2001-05-24,2001-11-23,98.150,14056262000
912795GQ8,Bill,13-Week,2001-05-14,2001-05-17,2001-08-16,99.082,16145317000
912795HV6,Bill,26-Week,2001-05-14,2001-05-17,2001-11-15,98.160,13277671000
912795HG9,Bill,13-Week,2001-05-07,2001-05-10,2001-08-09,99.075,15550409000
912795GT2,Bill,26-Week,2001-05-07,2001-05-10,2001-11-08,98.170,13846339000
912795HE4,Bill,13-Week,2001-04-30,2001-05-03,2001-08-02,99.018,13852038000
912795HU8,Bill,26-Week,2001-04-30,2001-05-03,2001-11-01,98.049,12307709000
912795HD6,Bill,13-Week,2001-04-23,2001-04-26,2001-07-26,99.076,14274929000
912795HT1,Bill,26-Week,2001-04-23,2001-04-26,2001-10-25,98.147,12251958000
912795KH3,Bill,4-Day,2001-04-18,2001-04-19,2001-04-23,99.950,39000000000
912795GP0,Bill,13-Week,2001-04-16,2001-04-19,2001-07-19,98.976,14635756000
912795HS3,Bill,26-Week,2001-04-16,2001-04-19,2001-10-18,97.947,12170910000
912795HC8,Bill,13-Week,2001-04-09,2001-04-12,2001-07-12,99.034,14529212000
912795GS4,Bill,26-Week,2001-04-09,2001-04-12,2001-10-11,98.071,12309205000
912795HA2,Bill,13-Week,2001-04-02,2001-04-05,2001-07-05,98.957,13855958000
912795HR5,Bill,26-Week,2001-04-02,2001-04-05,2001-10-04,97.968,12309261000
912795KG5,Bill,13-Day,2001-04-02,2001-04-03,2001-04-16,99.819,35048825000
912795GC9,Bill,21-Day,2001-03-27,2001-03-29,2001-04-19,99.712,40009800000
912795GN5,Bill,13-Week,2001-03-26,2001-03-29,2001-06-28,98.938,14361825000
912795HQ7,Bill,26-Week,2001-03-26,2001-03-29,2001-09-27,97.917,12204514000
912795GM7,Bill,13-Week,2001-03-19,2001-03-22,2001-06-21,98.895,15067924000
912795HP9,Bill,26-Week,2001-03-19,2001-03-22,2001-09-20,97.867,11854976000
912795GL9,Bill,13-Week,2001-03-12,2001-03-15,2001-06-14,98.857,15107606000
912795GR6,Bill,26-Week,2001-03-12,2001-03-15,2001-09-13,97.765,13428644000
912795GK1,Bill,13-Week,2001-03-05,2001-03-08,2001-06-07,98.812,15400750000
912795HN4,Bill,26-Week,2001-03-05,2001-03-08,2001-09-06,97.710,15388322000
912795FX4,Bill,13-Day,2001-02-28,2001-03-02,2001-03-15,99.805,26027135000
912795HJ3,Bill,52-Week,2001-02-27,2001-03-01,2002-02-28,95.713,12759295000
912795GC9,Bill,50-Day,2001-02-27,2001-02-28,2001-04-19,99.313,28036000000
912795GJ4,Bill,13-Week,2001-02-26,2001-03-01,2001-05-31,98.809,13216067000
912795HL8,Bill,26-Week,2001-02-26,2001-03-01,2001-08-30,97.728,11977281000
912795GH8,Bill,13-Week,2001-02-20,2001-02-22,2001-05-24,98.760,14770358000
912795HH7,Bill,26-Week,2001-02-20,2001-02-22,2001-08-23,97.589,14857827000
912795GG0,Bill,13-Week,2001-02-12,2001-02-15,2001-05-17,98.761,15721638000
912795GQ8,Bill,26-Week,2001-02-12,2001-02-15,2001-08-16,97.601,14468741000
912795GF2,Bill,13-Week,2001-02-05,2001-02-08,2001-05-10,98.756,17823802000
912795HG9,Bill,26-Week,2001-02-05,2001-02-08,2001-08-09,97.596,14989243000
912795GE5,Bill,13-Week,2001-01-29,2001-02-01,2001-05-03,98.741,20277777000
912795HE4,Bill,26-Week,2001-01-29,2001-02-01,2001-08-02,97.553,16928152000
912795GD7,Bill,13-Week,2001-01-22,2001-01-25,2001-04-26,98.713,17429460000
912795HD6,Bill,26-Week,2001-01-22,2001-01-25,2001-07-26,97.513,15561540000
912795GC9,Bill,13-Week,2001-01-16,2001-01-18,2001-04-19,98.681,17358567000
912795GP0,Bill,26-Week,2001-01-16,2001-01-18,2001-07-19,97.444,15510020000
912795GB1,Bill,13-Week,2001-01-08,2001-01-11,2001-04-12,98.723,17639184000
912795HC8,Bill,26-Week,2001-01-08,2001-01-11,2001-07-12,97.561,15416202000
912795GA3,Bill,13-Week,2001-01-02,2001-01-04,2001-04-05,98.559,19739188000
912795HA2,Bill,26-Week,2001-01-02,2001-01-04,2001-07-05,97.290,16163321000
912795KF7,Bill,14-Day,2001-01-02,2001-01-02,2001-01-16,99.750,30013000000
912795FZ9,Bill,13-Week,2000-12-26,2000-12-28,2001-03-29,98.559,16675151000
912795GN5,Bill,26-Week,2000-12-26,2000-12-28,2001-06-28,97.219,14504602000
912795FY2,Bill,13-Week,2000-12-18,2000-12-21,2001-03-22,98.541,16474486000
912795GM7,Bill,26-Week,2000-12-18,2000-12-21,2001-06-21,97.139,14363985000
912795FX4,Bill,13-Week,2000-12-11,2000-12-14,2001-03-15,98.509,16769882000
912795GL9,Bill,26-Week,2000-12-11,2000-12-14,2001-06-14,97.073,14561427000
912795FW6,Bill,13-Week,2000-12-04,2000-12-07,2001-03-08,98.493,18755584000
912795GK1,Bill,26-Week,2000-12-04,2000-12-07,2001-06-07,97.048,15385502000
912795KE0,Bill,14-Day,2000-11-30,2000-12-01,2000-12-15,99.749,36032900000
912795HM6,Bill,52-Week,2000-11-28,2000-11-30,2001-11-29,94.227,12512138000
912795FV8,Bill,13-Week,2000-11-27,2000-11-30,2001-03-01,98.443,13931258000
912795GJ4,Bill,26-Week,2000-11-27,2000-11-30,2001-05-31,96.944,11011666000
912795FU0,Bill,13-Week,2000-11-20,2000-11-24,2001-02-22,98.456,15962753000
912795GH8,Bill,26-Week,2000-11-20,2000-11-24,2001-05-24,96.958,14915674000
912795KD2,Bill,33-Day,2000-11-14,2000-11-15,2000-12-18,99.416,12035425000
912795FT3,Bill,13-Week,2000-11-13,2000-11-16,2001-02-15,98.437,15579759000
912795GG0,Bill,26-Week,2000-11-13,2000-11-16,2001-05-17,96.931,14583708000
912795FS5,Bill,13-Week,2000-11-06,2000-11-09,2001-02-08,98.428,17834161000
912795GF2,Bill,26-Week,2000-11-06,2000-11-09,2001-05-10,96.914,16174863000
912795FL0,Bill,50-Day,2000-10-31,2000-11-01,2000-12-21,99.114,32020525000
912795FR7,Bill,13-Week,2000-10-30,2000-11-02,2001-02-01,98.438,15805248000
912795GE5,Bill,26-Week,2000-10-30,2000-11-02,2001-05-03,96.929,14531505000
912795FQ9,Bill,13-Week,2000-10-23,2000-10-26,2001-01-25,98.443,15952453000
912795GD7,Bill,26-Week,2000-10-23,2000-10-26,2001-04-26,96.941,14645316000
912795FP1,Bill,13-Week,2000-10-16,2000-10-19,2001-01-18,98.463,15407889000
912795GC9,Bill,26-Week,2000-10-16,2000-10-19,2001-04-19,96.972,14593748000
912795FN6,Bill,13-Week,2000-10-10,2000-10-12,2001-01-11,98.464,17028099000
912795GB1,Bill,26-Week,2000-10-10,2000-10-12,2001-04-12,96.939,16028345000
912795ES6,Bill,13-Week,2000-10-02,2000-10-05,2001-01-04,98.464,14423162000
912795GA3,Bill,26-Week,2000-10-02,2000-10-05,2001-04-05,96.946,13751100000
912795FM8,Bill,13-Week,2000-09-25,2000-09-28,2000-12-28,98.482,14625917000
912795FZ9,Bill,26-Week,2000-09-25,2000-09-28,2001-03-29,96.974,13129964000
912795FL0,Bill,13-Week,2000-09-18,2000-09-21,2000-12-21,98.493,14048141000
912795FY2,Bill,26-Week,2000-09-18,2000-09-21,2001-03-22,97.0,12782176000
912795FK2,Bill,13-Week,2000-09-11,2000-09-14,2000-12-14,98.497,14853566000
912795FX4,Bill,26-Week,2000-09-11,2000-09-14,2001-03-15,96.989,13082307000
912795EJ6,Bill,13-Week,2000-09-05,2000-09-07,2000-12-07,98.467,13974418000
912795FW6,Bill,26-Week,2000-09-05,2000-09-07,2001-03-08,96.952,12623986000
912795GZ8,Bill,14-Day,2000-08-31,2000-09-01,2000-09-15,99.75,25011000000
912795HL8,Bill,52-Week,2000-08-29,2000-08-31,2001-08-30,94.055,13032887000
912795FJ5,Bill,13-Week,2000-08-28,2000-08-31,2000-11-30,98.448,11896491000
912795FV8,Bill,26-Week,2000-08-28,2000-08-31,2001-03-01,96.916,9545638000
912795FH9,Bill,13-Week,2000-08-21,2000-08-24,2000-11-24,98.439,14852254000
912795FU0,Bill,26-Week,2000-08-21,2000-08-24,2001-02-22,96.921,13311598000
912795FG1,Bill,13-Week,2000-08-14,2000-08-17,2000-11-16,98.461,14855031000
912795FT3,Bill,26-Week,2000-08-14,2000-08-17,2001-02-15,96.929,13568686000
912795FA4,Bill,37-Day,2000-08-14,2000-08-15,2000-09-21,99.347,21018290000
912795EH0,Bill,13-Week,2000-08-07,2000-08-10,2000-11-09,98.459,13543951000
912795FS5,Bill,26-Week,2000-08-07,2000-08-10,2001-02-08,96.936,13044051000
912795FF3,Bill,13-Week,2000-07-31,2000-08-03,2000-11-02,98.461,13833279000
912795FR7,Bill,26-Week,2000-07-31,2000-08-03,2001-02-01,96.909,12709156000
912795FE6,Bill,13-Week,2000-07-24,2000-07-27,2000-10-26,98.481,13085047000
912795FQ9,Bill,26-Week,2000-07-24,2000-07-27,2001-01-25,96.962,12358954000
912795FD8,Bill,13-Week,2000-07-17,2000-07-20,2000-10-19,98.493,13729954000
912795FP1,Bill,26-Week,2000-07-17,2000-07-20,2001-01-18,96.959,12425916000
912795EG2,Bill,13-Week,2000-07-10,2000-07-13,2000-10-12,98.509,12485445000
912795FN6,Bill,26-Week,2000-07-10,2000-07-13,2001-01-11,96.994,11665273000
912795FC0,Bill,13-Week,2000-07-03,2000-07-06,2000-10-05,98.526,12919354000
912795ES6,Bill,26-Week,2000-07-03,2000-07-06,2001-01-04,96.979,11301212000
912795FB2,Bill,13-Week,2000-06-26,2000-06-29,2000-09-28,98.564,13390850000
912795FM8,Bill,26-Week,2000-06-26,2000-06-29,2000-12-28,96.989,11543069000
912795FA4,Bill,13-Week,2000-06-19,2000-06-22,2000-09-21,98.562,14066810000
912795FL0,Bill,26-Week,2000-06-19,2000-06-22,2000-12-21,97.007,11591727000
912795EF4,Bill,13-Week,2000-06-12,2000-06-15,2000-09-14,98.54,13212136000
912795FK2,Bill,26-Week,2000-06-12,2000-06-15,2000-12-14,96.964,11705102000
912795EZ0,Bill,13-Week,2000-06-05,2000-06-08,2000-09-07,98.534,13244651000
912795EJ6,Bill,26-Week,2000-06-05,2000-06-08,2000-12-07,96.946,11552026000
912795GY1,Bill,12-Day,2000-06-01,2000-06-02,2000-06-14,99.827,7018488000
912795GJ4,Bill,52-Week,2000-05-31,2000-06-01,2001-05-31,93.933,13617655000
912795EY3,Bill,13-Week,2000-05-30,2000-06-01,2000-08-31,98.552,10855389000
912795FJ5,Bill,26-Week,2000-05-30,2000-06-01,2000-11-30,96.891,10207397000
912795EX5,Bill,13-Week,2000-05-22,2000-05-25,2000-08-24,98.531,14667255000
912795FH9,Bill,26-Week,2000-05-22,2000-05-25,2000-11-24,96.886,13265410000
912795EE7,Bill,13-Week,2000-05-15,2000-05-18,2000-08-17,98.467,13068232000
912795FG1,Bill,26-Week,2000-05-15,2000-05-18,2000-11-16,96.84,11280632000
912795EW7,Bill,13-Week,2000-05-08,2000-05-11,2000-08-10,98.478,12632934000
912795EH0,Bill,26-Week,2000-05-08,2000-05-11,2000-11-09,96.891,11779308000
912795EV9,Bill,13-Week,2000-05-01,2000-05-04,2000-08-03,98.54,13356999000
912795FF3,Bill,26-Week,2000-05-01,2000-05-04,2000-11-02,97.0,11660475000
912795EU1,Bill,13-Week,2000-04-24,2000-04-27,2000-07-27,98.579,15318315000
912795FE6,Bill,26-Week,2000-04-24,2000-04-27,2000-10-26,97.096,14282888000
912795ED9,Bill,13-Week,2000-04-17,2000-04-20,2000-07-20,98.573,13057726000
912795FD8,Bill,26-Week,2000-04-17,2000-04-20,2000-10-19,97.085,11954140000
912795ET4,Bill,13-Week,2000-04-10,2000-04-13,2000-07-13,98.564,12472943000
912795EG2,Bill,26-Week,2000-04-10,2000-04-13,2000-10-12,97.04,12533155000
912795ER8,Bill,13-Week,2000-04-03,2000-04-06,2000-07-06,98.557,12891294000
912795FC0,Bill,26-Week,2000-04-03,2000-04-06,2000-10-05,97.017,11765971000
912795GX3,Bill,19-Day,2000-03-29,2000-03-30,2000-04-18,99.683,30070700000
912795DS7,Bill,21-Day,2000-03-28,2000-03-30,2000-04-20,99.651,35002645000
912795EC1,Bill,13-Week,2000-03-27,2000-03-30,2000-06-29,98.554,15834491000
912795FB2,Bill,26-Week,2000-03-27,2000-03-30,2000-09-28,97.015,14852020000
912795EB3,Bill,13-Week,2000-03-20,2000-03-23,2000-06-22,98.539,12426037000
912795FA4,Bill,26-Week,2000-03-20,2000-03-23,2000-09-21,97.02,11104361000
912795EA5,Bill,13-Week,2000-03-13,2000-03-16,2000-06-15,98.552,12749269000
912795EF4,Bill,26-Week,2000-03-13,2000-03-16,2000-09-14,97.037,10898958000
912795DZ1,Bill,13-Week,2000-03-06,2000-03-09,2000-06-08,98.562,13487206000
912795EZ0,Bill,26-Week,2000-03-06,2000-03-09,2000-09-07,97.055,12958648000
912795DM0,Bill,13-Day,2000-03-02,2000-03-03,2000-03-16,99.795,25014180000
912795FV8,Bill,52-Week,2000-02-29,2000-03-02,2001-03-01,94.095,15611851000
912795DY4,Bill,13-Week,2000-02-28,2000-03-02,2000-06-01,98.567,13542830000
912795EY3,Bill,26-Week,2000-02-28,2000-03-02,2000-08-31,97.085,12534777000
912795DX6,Bill,13-Week,2000-02-22,2000-02-24,2000-05-25,98.574,13183629000
912795EX5,Bill,26-Week,2000-02-22,2000-02-24,2000-08-24,97.085,11943327000
912795DT5,Bill,69-Day,2000-02-17,2000-02-18,2000-04-27,98.908,30005920000
912795DW8,Bill,13-Week,2000-02-14,2000-02-17,2000-05-18,98.607,13519992000
912795EE7,Bill,26-Week,2000-02-14,2000-02-17,2000-08-17,97.088,11813912000
912795DV0,Bill,13-Week,2000-02-07,2000-02-10,2000-05-11,98.598,13555340000
912795EW7,Bill,26-Week,2000-02-07,2000-02-10,2000-08-10,97.083,11970181000
912795FR7,Bill,52-Week,2000-02-01,2000-02-03,2001-02-01,94.029,16224184000
912795DU2,Bill,13-Week,2000-01-31,2000-02-03,2000-05-04,98.595,12551458000
912795EV9,Bill,26-Week,2000-01-31,2000-02-03,2000-08-03,97.116,10585918000
912795DT5,Bill,13-Week,2000-01-24,2000-01-27,2000-04-27,98.639,12165025000
912795EU1,Bill,26-Week,2000-01-24,2000-01-27,2000-07-27,97.209,9691888000
912795DS7,Bill,13-Week,2000-01-18,2000-01-20,2000-04-20,98.648,11778061000
912795ED9,Bill,26-Week,2000-01-18,2000-01-20,2000-07-20,97.202,9786344000
912795DR9,Bill,13-Week,2000-01-10,2000-01-13,2000-04-13,98.677,12465423000
912795ET4,Bill,26-Week,2000-01-10,2000-01-13,2000-07-13,97.26,10240307000
912795ES6,Bill,52-Week,2000-01-04,2000-01-06,2001-01-04,94.292,14940866000
912795DQ1,Bill,13-Week,2000-01-03,2000-01-06,2000-04-06,98.645,12571648000
912795ER8,Bill,26-Week,2000-01-03,2000-01-06,2000-07-06,97.176,10452663000
912795DP3,Bill,13-Week,1999-12-27,1999-12-30,2000-03-30,98.66,12768752000
912795EC1,Bill,26-Week,1999-12-27,1999-12-30,2000-06-29,97.217,11672261000
912795DN8,Bill,13-Week,1999-12-20,1999-12-23,2000-03-23,98.635,12589260000
912795EB3,Bill,26-Week,1999-12-20,1999-12-23,2000-06-22,97.169,11167560000
912795DC2,Bill,23-Day,1999-12-20,1999-12-21,2000-01-13,99.652,10004000000
912795DM0,Bill,13-Week,1999-12-13,1999-12-16,2000-03-16,98.683,12731468000
912795EA5,Bill,26-Week,1999-12-13,1999-12-16,2000-06-15,97.265,11698147000
912795EJ6,Bill,52-Week,1999-12-07,1999-12-09,2000-12-07,94.591,14815325000
912795DL2,Bill,13-Week,1999-12-06,1999-12-09,2000-03-09,98.723,13344324000
912795DZ1,Bill,26-Week,1999-12-06,1999-12-09,2000-06-08,97.326,11862041000
912795DC2,Bill,43-Day,1999-11-30,1999-12-01,2000-01-13,99.367,28005500000
912795DK4,Bill,13-Week,1999-11-29,1999-12-02,2000-03-02,98.686,13068561000
912795DY4,Bill,26-Week,1999-11-29,1999-12-02,2000-06-01,97.305,12367741000
912795DJ7,Bill,13-Week,1999-11-22,1999-11-26,2000-02-24,98.724,13154956000
912795DX6,Bill,26-Week,1999-11-22,1999-11-26,2000-05-25,97.368,11640034000
912795DH1,Bill,13-Week,1999-11-15,1999-11-18,2000-02-17,98.707,13244584000
912795DW8,Bill,26-Week,1999-11-15,1999-11-18,2000-05-18,97.364,11953135000
912795DD0,Bill,66-Day,1999-11-10,1999-11-15,2000-01-20,99.052,16042385000
912795EH0,Bill,52-Week,1999-11-09,1999-11-12,2000-11-09,94.787,15448425000
912795DG3,Bill,13-Week,1999-11-08,1999-11-12,2000-02-10,98.743,14563631000
912795DV0,Bill,26-Week,1999-11-08,1999-11-12,2000-05-11,97.426,11666529000
912795DF5,Bill,13-Week,1999-11-01,1999-11-04,2000-02-03,98.737,14572060000
912795DU2,Bill,26-Week,1999-11-01,1999-11-04,2000-05-04,97.427,13066313000
912795DE8,Bill,13-Week,1999-10-25,1999-10-28,2000-01-27,98.737,14277200000
912795DT5,Bill,26-Week,1999-10-25,1999-10-28,2000-04-27,97.414,11084969000
912795DD0,Bill,13-Week,1999-10-18,1999-10-21,2000-01-20,98.739,12913916000
912795DS7,Bill,26-Week,1999-10-18,1999-10-21,2000-04-20,97.472,12195914000
912795EG2,Bill,52-Week,1999-10-13,1999-10-14,2000-10-12,94.828,16734077000
912795DC2,Bill,13-Week,1999-10-12,1999-10-14,2000-01-13,98.792,13784837000
912795DR9,Bill,26-Week,1999-10-12,1999-10-14,2000-04-13,97.508,11965496000
912795DB4,Bill,13-Week,1999-10-04,1999-10-07,2000-01-06,98.804,12430629000
912795DQ1,Bill,26-Week,1999-10-04,1999-10-07,2000-04-06,97.538,11938144000
912795DA6,Bill,13-Week,1999-09-27,1999-09-30,1999-12-30,98.807,10303988000
912795DP3,Bill,26-Week,1999-09-27,1999-09-30,2000-03-30,97.568,11181559000
912795CZ2,Bill,13-Week,1999-09-20,1999-09-23,1999-12-23,98.822,9838570000
912795DN8,Bill,26-Week,1999-09-20,1999-09-23,2000-03-23,97.528,11437204000
912795EF4,Bill,52-Week,1999-09-14,1999-09-16,2000-09-14,94.944,15540235000
912795CY5,Bill,13-Week,1999-09-13,1999-09-16,1999-12-16,98.822,10165239000
912795DM0,Bill,26-Week,1999-09-13,1999-09-16,2000-03-16,97.51,11380904000
912795CE9,Bill,13-Week,1999-09-07,1999-09-09,1999-12-09,98.807,10373518000
912795DL2,Bill,26-Week,1999-09-07,1999-09-09,2000-03-09,97.498,11864600000
912795CX7,Bill,13-Week,1999-08-30,1999-09-02,1999-12-02,98.768,11462156000
912795DK4,Bill,26-Week,1999-08-30,1999-09-02,2000-03-02,97.477,12040550000
912795GW5,Bill,15-Day,1999-08-26,1999-08-31,1999-09-15,99.784,33011100000
912795CW9,Bill,13-Week,1999-08-23,1999-08-26,1999-11-26,98.761,11440924000
912795DJ7,Bill,26-Week,1999-08-23,1999-08-26,2000-02-24,97.498,11372412000
912795EE7,Bill,52-Week,1999-08-17,1999-08-19,2000-08-17,95.0,15042095000
912795CV1,Bill,13-Week,1999-08-16,1999-08-19,1999-11-18,98.817,12198411000
912795DH1,Bill,26-Week,1999-08-16,1999-08-19,2000-02-17,97.523,12330152000
912795CD1,Bill,13-Week,1999-08-09,1999-08-12,1999-11-12,98.776,11804839000
912795DG3,Bill,26-Week,1999-08-09,1999-08-12,2000-02-10,97.515,12289063000
912795CU3,Bill,13-Week,1999-08-02,1999-08-05,1999-11-04,98.813,12392414000
912795DF5,Bill,26-Week,1999-08-02,1999-08-05,2000-02-03,97.599,12470298000
912795CT6,Bill,13-Week,1999-07-26,1999-07-29,1999-10-28,98.854,11213770000
912795DE8,Bill,26-Week,1999-07-26,1999-07-29,2000-01-27,97.715,11540202000
912795ED9,Bill,52-Week,1999-07-20,1999-07-22,2000-07-20,95.238,15368822000
912795CS8,Bill,13-Week,1999-07-19,1999-07-22,1999-10-21,98.857,11269693000
912795DD0,Bill,26-Week,1999-07-19,1999-07-22,2000-01-20,97.73,11642238000
912795CC3,Bill,13-Week,1999-07-12,1999-07-15,1999-10-14,98.837,11353634000
912795DC2,Bill,26-Week,1999-07-12,1999-07-15,2000-01-13,97.705,12523771000
912795CR0,Bill,13-Week,1999-07-06,1999-07-08,1999-10-07,98.84,10959483000
912795DB4,Bill,26-Week,1999-07-06,1999-07-08,2000-01-06,97.68,12168429000
912795CQ2,Bill,13-Week,1999-06-28,1999-07-01,1999-09-30,98.799,11277691000
912795DA6,Bill,26-Week,1999-06-28,1999-07-01,1999-12-30,97.492,12604215000
912795EB3,Bill,52-Week,1999-06-22,1999-06-24,2000-06-22,95.056,14848638000
912795CP4,Bill,13-Week,1999-06-21,1999-06-24,1999-09-23,98.835,10885290000
912795CZ2,Bill,26-Week,1999-06-21,1999-06-24,1999-12-23,97.548,11067840000
912795CB5,Bill,13-Week,1999-06-14,1999-06-17,1999-09-16,98.832,11605229000
912795CY5,Bill,26-Week,1999-06-14,1999-06-17,1999-12-16,97.546,11589255000
912795CN9,Bill,13-Week,1999-06-07,1999-06-10,1999-09-09,98.86,11571380000
912795CE9,Bill,26-Week,1999-06-07,1999-06-10,1999-12-09,97.594,11481479000
912795GV7,Bill,12-Day,1999-06-02,1999-06-03,1999-06-15,99.843,20006850000
912795CM1,Bill,13-Week,1999-06-01,1999-06-03,1999-09-02,98.832,11604130000
912795CX7,Bill,26-Week,1999-06-01,1999-06-03,1999-12-02,97.599,11650558000
912795GV7,Bill,14-Day,1999-05-27,1999-06-01,1999-06-15,99.816,11029682000
912795DX6,Bill,52-Week,1999-05-25,1999-05-27,2000-05-25,95.319,15288078000
912795CL3,Bill,13-Week,1999-05-24,1999-05-27,1999-08-26,98.864,11487522000
912795CW9,Bill,26-Week,1999-05-24,1999-05-27,1999-11-26,97.677,11553737000
912795CA7,Bill,13-Week,1999-05-17,1999-05-20,1999-08-19,98.845,11592612000
912795CV1,Bill,26-Week,1999-05-17,1999-05-20,1999-11-18,97.659,11902370000
912795CK5,Bill,13-Week,1999-05-10,1999-05-13,1999-08-12,98.868,11348255000
912795CD1,Bill,26-Week,1999-05-10,1999-05-13,1999-11-12,97.707,11317304000
912795CJ8,Bill,13-Week,1999-05-03,1999-05-06,1999-08-05,98.868,12075580000
912795CU3,Bill,26-Week,1999-05-03,1999-05-06,1999-11-04,97.728,11599908000
912795DT5,Bill,52-Week,1999-04-27,1999-04-29,2000-04-27,95.46,15017148000
912795CH2,Bill,13-Week,1999-04-26,1999-04-29,1999-07-29,98.904,11320625000
912795CT6,Bill,26-Week,1999-04-26,1999-04-29,1999-10-28,97.771,11570708000
912795EQ0,Bill,1-Day,1999-04-22,1999-04-22,1999-04-23,99.987,8020000000
912795BZ3,Bill,13-Week,1999-04-19,1999-04-22,1999-07-22,98.931,11306177000
912795CS8,Bill,26-Week,1999-04-19,1999-04-22,1999-10-21,97.791,11160593000
912795CG4,Bill,13-Week,1999-04-12,1999-04-15,1999-07-15,98.941,10268178000
912795CC3,Bill,26-Week,1999-04-12,1999-04-15,1999-10-14,97.816,11824899000
912795CF6,Bill,13-Week,1999-04-05,1999-04-08,1999-07-08,98.922,10259876000
912795CR0,Bill,26-Week,1999-04-05,1999-04-08,1999-10-07,97.803,11497026000
912795BH3,Bill,14-Day,1999-03-31,1999-04-01,1999-04-15,99.811,26023709000
912795DP3,Bill,52-Week,1999-03-30,1999-04-01,2000-03-30,95.455,15884229000
912795EP2,Bill,19-Day,1999-03-30,1999-03-31,1999-04-19,99.745,20025000000
912795BR1,Bill,13-Week,1999-03-29,1999-04-01,1999-07-01,98.893,10173426000
912795CQ2,Bill,26-Week,1999-03-29,1999-04-01,1999-09-30,97.806,11639514000
912795BY6,Bill,13-Week,1999-03-22,1999-03-25,1999-06-24,98.894,9943555000
912795CP4,Bill,26-Week,1999-03-22,1999-03-25,1999-09-23,97.765,11075503000
912795BQ3,Bill,13-Week,1999-03-15,1999-03-18,1999-06-17,98.87,11582566000
912795CB5,Bill,26-Week,1999-03-15,1999-03-18,1999-09-16,97.71,11104213000
912795BP5,Bill,13-Week,1999-03-08,1999-03-11,1999-06-10,98.86,11526860000
912795CN9,Bill,26-Week,1999-03-08,1999-03-11,1999-09-09,97.705,11585509000
912795DK4,Bill,52-Week,1999-03-02,1999-03-04,2000-03-02,95.283,15344591000
912795EN7,Bill,12-Day,1999-03-02,1999-03-03,1999-03-15,99.84,19041000000
912795BN0,Bill,13-Week,1999-03-01,1999-03-04,1999-06-03,98.845,11705869000
912795CM1,Bill,26-Week,1999-03-01,1999-03-04,1999-09-02,97.682,11504226000
912795BJ9,Bill,52-Day,1999-02-25,1999-03-01,1999-04-22,99.315,42000425000
912795BX8,Bill,13-Week,1999-02-22,1999-02-25,1999-05-27,98.855,11425783000
912795CL3,Bill,26-Week,1999-02-22,1999-02-25,1999-08-26,97.76,11410231000
912795BM2,Bill,13-Week,1999-02-16,1999-02-18,1999-05-20,98.878,11650048000
912795CA7,Bill,26-Week,1999-02-16,1999-02-18,1999-08-19,97.74,11154945000
912795BJ9,Bill,65-Day,1999-02-11,1999-02-16,1999-04-22,99.191,8027500000
912795BL4,Bill,13-Week,1999-02-08,1999-02-11,1999-05-13,98.883,11445925000
912795CK5,Bill,26-Week,1999-02-08,1999-02-11,1999-08-12,97.765,11623303000
912795DF5,Bill,52-Week,1999-02-02,1999-02-04,2000-02-03,95.581,15401445000
912795BK6,Bill,13-Week,1999-02-01,1999-02-04,1999-05-06,98.888,12162261000
912795CJ8,Bill,26-Week,1999-02-01,1999-02-04,1999-08-05,97.781,12802076000
912795BW0,Bill,13-Week,1999-01-25,1999-01-28,1999-04-29,98.912,11280922000
912795CH2,Bill,26-Week,1999-01-25,1999-01-28,1999-07-29,97.836,11074043000
912795BJ9,Bill,13-Week,1999-01-19,1999-01-21,1999-04-22,98.918,11256075000
912795BZ3,Bill,26-Week,1999-01-19,1999-01-21,1999-07-22,97.821,10813516000
912795BH3,Bill,13-Week,1999-01-11,1999-01-14,1999-04-15,98.89,11506483000
912795CG4,Bill,26-Week,1999-01-11,1999-01-14,1999-07-15,97.773,11565132000
912795DB4,Bill,52-Week,1999-01-05,1999-01-07,2000-01-06,95.617,15841662000
912795BG5,Bill,13-Week,1999-01-04,1999-01-07,1999-04-08,98.893,11620494000
912795CF6,Bill,26-Week,1999-01-04,1999-01-07,1999-07-08,97.765,11359303000
912795BV2,Bill,13-Week,1998-12-28,1998-12-31,1999-04-01,98.857,11469964000
912795BR1,Bill,26-Week,1998-12-28,1998-12-31,1999-07-01,97.712,11051287000
912795BF7,Bill,13-Week,1998-12-21,1998-12-24,1999-03-25,98.878,11191314000
912795BY6,Bill,26-Week,1998-12-21,1998-12-24,1999-06-24,97.755,10549004000
912795BE0,Bill,13-Week,1998-12-14,1998-12-17,1999-03-18,98.892,11464387000
912795BQ3,Bill,26-Week,1998-12-14,1998-12-17,1999-06-17,97.781,12112229000
912795CE9,Bill,52-Week,1998-12-08,1998-12-10,1999-12-09,95.647,16363843000
912795BD2,Bill,13-Week,1998-12-07,1998-12-10,1999-03-11,98.908,12010855000
912795BP5,Bill,26-Week,1998-12-07,1998-12-10,1999-06-10,97.788,12602719000
912795BU4,Bill,13-Week,1998-11-30,1998-12-03,1999-03-04,98.879,11085094000
912795BN0,Bill,26-Week,1998-11-30,1998-12-03,1999-06-03,97.771,11854312000
912795EM9,Bill,14-Day,1998-11-30,1998-12-01,1998-12-15,99.811,23012050000
912795BC4,Bill,13-Week,1998-11-23,1998-11-27,1999-02-25,98.888,11663765000
912795BX8,Bill,26-Week,1998-11-23,1998-11-27,1999-05-27,97.773,11601528000
912795BB6,Bill,13-Week,1998-11-16,1998-11-19,1999-02-18,98.888,11607309000
912795BM2,Bill,26-Week,1998-11-16,1998-11-19,1999-05-20,97.760,11863868000
912795BA8,Bill,13-Week,1998-11-09,1998-11-12,1999-02-11,98.870,11954196000
912795BL4,Bill,26-Week,1998-11-09,1998-11-12,1999-05-13,97.725,11810743000
912795CD1,Bill,52-Week,1998-11-09,1998-11-12,1999-11-12,95.539,16241229000
912795BT7,Bill,13-Week,1998-11-02,1998-11-05,1999-02-04,98.881,11390402000
912795BK6,Bill,26-Week,1998-11-02,1998-11-05,1999-05-06,97.796,12245634000
912795AY7,Bill,79-Day,1998-11-02,1998-11-03,1999-01-21,98.975,25000370000
912795AZ4,Bill,13-Week,1998-10-26,1998-10-29,1999-01-28,null,11581371000
912795BW0,Bill,26-Week,1998-10-26,1998-10-29,1999-04-29,null,11276047000
912795AY7,Bill,13-Week,1998-10-19,1998-10-22,1999-01-21,null,11228838000
912795BJ9,Bill,26-Week,1998-10-19,1998-10-22,1999-04-22,null,11696397000
912795AX9,Bill,13-Week,1998-10-13,1998-10-15,1999-01-14,null,11959954000
912795BH3,Bill,26-Week,1998-10-13,1998-10-15,1999-04-15,null,12180385000
912795CC3,Bill,52-Week,1998-10-13,1998-10-15,1999-10-14,null,16654384000
912795BS9,Bill,13-Week,1998-10-05,1998-10-08,1999-01-07,null,10928661000
912795BG5,Bill,26-Week,1998-10-05,1998-10-08,1999-04-08,null,11647353000
912795AW1,Bill,13-Week,1998-09-28,1998-10-01,1998-12-31,null,11843656000
912795BV2,Bill,26-Week,1998-09-28,1998-10-01,1999-04-01,null,11242061000
912795AV3,Bill,13-Week,1998-09-21,1998-09-24,1998-12-24,null,11134088000
912795BF7,Bill,26-Week,1998-09-21,1998-09-24,1999-03-25,null,11280987000
912795CB5,Bill,52-Week,1998-09-15,1998-09-17,1999-09-16,null,15424871000
912795AU5,Bill,13-Week,1998-09-14,1998-09-17,1998-12-17,null,9288075000
912795BE0,Bill,26-Week,1998-09-14,1998-09-17,1999-03-18,null,11354485000
9127945C4,Bill,13-Week,1998-09-08,1998-09-10,1998-12-10,null,9024171000
912795BD2,Bill,26-Week,1998-09-08,1998-09-10,1999-03-11,null,11294684000
912795AT8,Bill,13-Week,1998-08-31,1998-09-03,1998-12-03,null,8873381000
912795BU4,Bill,26-Week,1998-08-31,1998-09-03,1999-03-04,null,11664253000
912795EL1,Bill,15-Day,1998-08-27,1998-08-31,1998-09-15,null,40010000000
912795AS0,Bill,13-Week,1998-08-24,1998-08-27,1998-11-27,null,9036273000
912795BC4,Bill,26-Week,1998-08-24,1998-08-27,1999-02-25,null,11278967000
912795CA7,Bill,52-Week,1998-08-18,1998-08-20,1999-08-19,null,15743199000
912795AR2,Bill,13-Week,1998-08-17,1998-08-20,1998-11-19,null,9525978000
912795BB6,Bill,26-Week,1998-08-17,1998-08-20,1999-02-18,null,11840019000
9127945B6,Bill,13-Week,1998-08-10,1998-08-13,1998-11-12,null,8807771000
912795BA8,Bill,26-Week,1998-08-10,1998-08-13,1999-02-11,null,11434011000
912795AQ4,Bill,13-Week,1998-08-03,1998-08-06,1998-11-05,null,9114950000
912795BT7,Bill,26-Week,1998-08-03,1998-08-06,1999-02-04,null,11940627000
912795AP6,Bill,13-Week,1998-07-27,1998-07-30,1998-10-29,null,8878805000
912795AZ4,Bill,26-Week,1998-07-27,1998-07-30,1999-01-28,null,11539775000
912795AN1,Bill,13-Week,1998-07-20,1998-07-23,1998-10-22,null,9204122000
912795AY7,Bill,26-Week,1998-07-20,1998-07-23,1999-01-21,null,11109104000
912795BZ3,Bill,52-Week,1998-07-16,1998-07-23,1999-07-22,null,15747484000
9127945A8,Bill,13-Week,1998-07-13,1998-07-16,1998-10-15,null,8920192000
912795AX9,Bill,26-Week,1998-07-13,1998-07-16,1999-01-14,null,11191379000
912795AM3,Bill,13-Week,1998-07-06,1998-07-09,1998-10-08,null,8786758000
912795BS9,Bill,26-Week,1998-07-06,1998-07-09,1999-01-07,null,12157848000
912795AL5,Bill,13-Week,1998-06-29,1998-07-02,1998-10-01,null,9018289000
912795AW1,Bill,26-Week,1998-06-29,1998-07-02,1998-12-31,null,12132607000
912795AK7,Bill,13-Week,1998-06-22,1998-06-25,1998-09-24,null,9166002000
912795AV3,Bill,26-Week,1998-06-22,1998-06-25,1998-12-24,null,11868522000
912795BY6,Bill,52-Week,1998-06-18,1998-06-25,1999-06-24,null,15072779000
9127944Z4,Bill,13-Week,1998-06-15,1998-06-18,1998-09-17,null,8698810000
912795AU5,Bill,26-Week,1998-06-15,1998-06-18,1998-12-17,null,11220429000
912795AJ0,Bill,13-Week,1998-06-08,1998-06-11,1998-09-10,null,9247705000
9127945C4,Bill,26-Week,1998-06-08,1998-06-11,1998-12-10,null,11548354000
912795EK3,Bill,12-Day,1998-06-02,1998-06-03,1998-06-15,null,15003900000
912795AH4,Bill,13-Week,1998-06-01,1998-06-04,1998-09-03,null,9278451000
912795AT8,Bill,26-Week,1998-06-01,1998-06-04,1998-12-03,null,11163135000
912795AG6,Bill,13-Week,1998-05-26,1998-05-28,1998-08-27,null,9745586000
912795AS0,Bill,26-Week,1998-05-26,1998-05-28,1998-11-27,null,11295259000
912795BX8,Bill,52-Week,1998-05-21,1998-05-28,1999-05-27,null,15515104000
9127944Y7,Bill,13-Week,1998-05-18,1998-05-21,1998-08-20,null,9011206000
912795AR2,Bill,26-Week,1998-05-18,1998-05-21,1998-11-19,null,11340389000
912795AF8,Bill,13-Week,1998-05-11,1998-05-14,1998-08-13,null,8900458000
9127945B6,Bill,26-Week,1998-05-11,1998-05-14,1998-11-12,null,11867390000
912795AE1,Bill,13-Week,1998-05-04,1998-05-07,1998-08-06,null,9477243000
912795AQ4,Bill,26-Week,1998-05-04,1998-05-07,1998-11-05,null,11812331000
912795AD3,Bill,13-Week,1998-04-27,1998-04-30,1998-07-30,null,9516026000
912795AP6,Bill,26-Week,1998-04-27,1998-04-30,1998-10-29,null,11044130000
912795BW0,Bill,52-Week,1998-04-23,1998-04-30,1999-04-29,null,15319547000
9127944X9,Bill,13-Week,1998-04-20,1998-04-23,1998-07-23,null,9024094000
912795AN1,Bill,26-Week,1998-04-20,1998-04-23,1998-10-22,null,10743523000
912795AC5,Bill,13-Week,1998-04-13,1998-04-16,1998-07-16,null,9134794000
9127945A8,Bill,26-Week,1998-04-13,1998-04-16,1998-10-15,null,11419466000
912795AB7,Bill,13-Week,1998-04-06,1998-04-09,1998-07-09,null,9349730000
912795AM3,Bill,26-Week,1998-04-06,1998-04-09,1998-10-08,null,10767004000
9127946L3,Bill,13-Day,1998-04-01,1998-04-03,1998-04-16,null,19124520000
912795AA9,Bill,13-Week,1998-03-30,1998-04-02,1998-07-02,null,9870624000
912795AL5,Bill,26-Week,1998-03-30,1998-04-02,1998-10-01,null,10888456000
912795BV2,Bill,52-Week,1998-03-26,1998-04-02,1999-04-01,null,16727162000
9127944W1,Bill,13-Week,1998-03-23,1998-03-26,1998-06-25,null,9277919000
912795AK7,Bill,26-Week,1998-03-23,1998-03-26,1998-09-24,null,10363015000
9127946T6,Bill,13-Week,1998-03-16,1998-03-19,1998-06-18,null,9440682000
9127944Z4,Bill,26-Week,1998-03-16,1998-03-19,1998-09-17,null,10959935000
9127946S8,Bill,13-Week,1998-03-09,1998-03-12,1998-06-11,null,10175436000
912795AJ0,Bill,26-Week,1998-03-09,1998-03-12,1998-09-10,null,11347374000
9127946R0,Bill,13-Week,1998-03-02,1998-03-05,1998-06-04,null,11592844000
912795AH4,Bill,26-Week,1998-03-02,1998-03-05,1998-09-03,null,10819024000
912795BU4,Bill,52-Week,1998-02-26,1998-03-05,1999-03-04,null,17948038000
9127946L3,Bill,44-Day,1998-02-26,1998-03-03,1998-04-16,null,23376375000
9127944V3,Bill,13-Week,1998-02-23,1998-02-26,1998-05-28,null,10766971000
912795AG6,Bill,26-Week,1998-02-23,1998-02-26,1998-08-27,null,10843775000
9127946Q2,Bill,13-Week,1998-02-17,1998-02-19,1998-05-21,null,10897228000
9127944Y7,Bill,26-Week,1998-02-17,1998-02-19,1998-08-20,null,11331922000
9127946M1,Bill,65-Day,1998-02-12,1998-02-17,1998-04-23,null,22388500000
9127946P4,Bill,13-Week,1998-02-09,1998-02-12,1998-05-14,null,11115106000
912795AF8,Bill,26-Week,1998-02-09,1998-02-12,1998-08-13,null,10822957000
9127946N9,Bill,13-Week,1998-02-02,1998-02-05,1998-05-07,null,11514298000
912795AE1,Bill,26-Week,1998-02-02,1998-02-05,1998-08-06,null,11482488000
912795BT7,Bill,52-Week,1998-01-29,1998-02-05,1999-02-04,null,19169574000
9127944U5,Bill,13-Week,1998-01-26,1998-01-29,1998-04-30,null,10780619000
912795AD3,Bill,26-Week,1998-01-26,1998-01-29,1998-07-30,null,10308324000
9127946M1,Bill,13-Week,1998-01-20,1998-01-22,1998-04-23,null,10840669000
9127944X9,Bill,26-Week,1998-01-20,1998-01-22,1998-07-23,null,10907237000
9127946L3,Bill,13-Week,1998-01-12,1998-01-15,1998-04-16,null,11240542000
912795AC5,Bill,26-Week,1998-01-12,1998-01-15,1998-07-16,null,11752450000
912795BS9,Bill,52-Week,1998-01-06,1998-01-08,1999-01-07,null,17813541000
9127946K5,Bill,13-Week,1998-01-05,1998-01-08,1998-04-09,null,11435491000
912795AB7,Bill,26-Week,1998-01-05,1998-01-08,1998-07-09,null,12256648000
9127944T8,Bill,13-Week,1997-12-29,1998-01-02,1998-04-02,null,11088248000
912795AA9,Bill,26-Week,1997-12-29,1998-01-02,1998-07-02,null,10750220000
9127946J8,Bill,13-Week,1997-12-22,1997-12-26,1998-03-26,null,10426761000
9127944W1,Bill,26-Week,1997-12-22,1997-12-26,1998-06-25,null,10472597000
9127946H2,Bill,13-Week,1997-12-15,1997-12-18,1998-03-19,null,10809039000
9127946T6,Bill,26-Week,1997-12-15,1997-12-18,1998-06-18,null,11301350000
9127946G4,Bill,13-Week,1997-12-08,1997-12-11,1998-03-12,null,11329737000
9127946S8,Bill,26-Week,1997-12-08,1997-12-11,1998-06-11,null,11296821000
9127945C4,Bill,52-Week,1997-12-04,1997-12-11,1998-12-10,null,17992820000
9127944S0,Bill,13-Week,1997-12-01,1997-12-04,1998-03-05,null,10834406000
9127946R0,Bill,26-Week,1997-12-01,1997-12-04,1998-06-04,null,10961114000
9127947B4,Bill,15-Day,1997-11-25,1997-12-01,1997-12-16,null,35209200000
9127946F6,Bill,13-Week,1997-11-24,1997-11-28,1998-02-26,null,10543939000
9127944V3,Bill,26-Week,1997-11-24,1997-11-28,1998-05-28,null,11301480000
9127946E9,Bill,13-Week,1997-11-17,1997-11-20,1998-02-19,null,10909775000
9127946Q2,Bill,26-Week,1997-11-17,1997-11-20,1998-05-21,null,10820894000
9127946D1,Bill,13-Week,1997-11-10,1997-11-13,1998-02-12,null,11397197000
9127946P4,Bill,26-Week,1997-11-10,1997-11-13,1998-05-14,null,10861664000
9127945B6,Bill,52-Week,1997-11-06,1997-11-13,1998-11-12,null,18427542000
9127944R2,Bill,13-Week,1997-11-03,1997-11-06,1998-02-05,null,11060061000
9127946N9,Bill,26-Week,1997-11-03,1997-11-06,1998-05-07,null,10956858000
9127946B5,Bill,80-Day,1997-10-30,1997-11-03,1998-01-22,null,21139435000
9127946C3,Bill,13-Week,1997-10-27,1997-10-30,1998-01-29,null,10575483000
9127944U5,Bill,26-Week,1997-10-27,1997-10-30,1998-04-30,null,11563233000
9127946B5,Bill,13-Week,1997-10-20,1997-10-23,1998-01-22,null,10671775000
9127946M1,Bill,26-Week,1997-10-20,1997-10-23,1998-04-23,null,10674669000
9127946A7,Bill,13-Week,1997-10-14,1997-10-16,1998-01-15,null,11260003000
9127946L3,Bill,26-Week,1997-10-14,1997-10-16,1998-04-16,null,11144989000
9127945A8,Bill,52-Week,1997-10-09,1997-10-16,1998-10-15,null,18753237000
9127944Q4,Bill,13-Week,1997-10-06,1997-10-09,1998-01-08,null,10775902000
9127946K5,Bill,26-Week,1997-10-06,1997-10-09,1998-04-09,null,10740102000
9127945Z3,Bill,13-Week,1997-09-29,1997-10-02,1998-01-02,null,10867882000
9127944T8,Bill,26-Week,1997-09-29,1997-10-02,1998-04-02,null,11015417000
9127945Y6,Bill,13-Week,1997-09-22,1997-09-25,1997-12-26,null,10966333000
9127946J8,Bill,26-Week,1997-09-22,1997-09-25,1998-03-26,null,10477406000
9127945X8,Bill,13-Week,1997-09-15,1997-09-18,1997-12-18,null,11266623000
9127946H2,Bill,26-Week,1997-09-15,1997-09-18,1998-03-19,null,10982829000
9127944Z4,Bill,52-Week,1997-09-11,1997-09-18,1998-09-17,null,18284067000
9127942X1,Bill,13-Week,1997-09-08,1997-09-11,1997-12-11,null,11648438000
9127946G4,Bill,26-Week,1997-09-08,1997-09-11,1998-03-12,null,11816163000
9127945W0,Bill,13-Week,1997-09-02,1997-09-04,1997-12-04,null,11119551000
9127944S0,Bill,26-Week,1997-09-02,1997-09-04,1998-03-05,null,12884913000
9127947A6,Bill,13-Day,1997-08-28,1997-09-02,1997-09-15,null,26224200000
9127945V2,Bill,13-Week,1997-08-25,1997-08-28,1997-11-28,null,11863093000
9127946F6,Bill,26-Week,1997-08-25,1997-08-28,1998-02-26,null,12046919000
9127945U4,Bill,13-Week,1997-08-18,1997-08-21,1997-11-20,null,12086041000
9127946E9,Bill,26-Week,1997-08-18,1997-08-21,1998-02-19,null,11625219000
9127944Y7,Bill,52-Week,1997-08-14,1997-08-21,1998-08-20,null,18767158000
9127942W3,Bill,13-Week,1997-08-11,1997-08-14,1997-11-13,null,12323176000
9127946D1,Bill,26-Week,1997-08-11,1997-08-14,1998-02-12,null,12304736000
9127945T7,Bill,13-Week,1997-08-04,1997-08-07,1997-11-06,null,12015049000
9127944R2,Bill,26-Week,1997-08-04,1997-08-07,1998-02-05,null,13220247000
9127942U7,Bill,48-Day,1997-07-31,1997-08-01,1997-09-18,null,18060155000
9127945S9,Bill,13-Week,1997-07-28,1997-07-31,1997-10-30,null,11951170000
9127946C3,Bill,26-Week,1997-07-28,1997-07-31,1998-01-29,null,12140748000
9127945R1,Bill,13-Week,1997-07-21,1997-07-24,1997-10-23,null,11691937000
9127946B5,Bill,26-Week,1997-07-21,1997-07-24,1998-01-22,null,11667979000
9127944X9,Bill,52-Week,1997-07-17,1997-07-24,1998-07-23,null,18810577000
9127942V5,Bill,13-Week,1997-07-14,1997-07-17,1997-10-16,null,11580411000
9127946A7,Bill,26-Week,1997-07-14,1997-07-17,1998-01-15,null,12114818000
9127945Q3,Bill,13-Week,1997-07-07,1997-07-10,1997-10-09,null,11018193000
9127944Q4,Bill,26-Week,1997-07-07,1997-07-10,1998-01-08,null,11947176000
9127945P5,Bill,13-Week,1997-06-30,1997-07-03,1997-10-02,null,11552732000
9127945Z3,Bill,26-Week,1997-06-30,1997-07-03,1998-01-02,null,12019894000
9127945N0,Bill,13-Week,1997-06-23,1997-06-26,1997-09-25,null,10389397000
9127945Y6,Bill,26-Week,1997-06-23,1997-06-26,1997-12-26,null,11463803000
9127944W1,Bill,52-Week,1997-06-19,1997-06-26,1998-06-25,null,19412259000
9127942U7,Bill,13-Week,1997-06-16,1997-06-19,1997-09-18,null,10739385000
9127945X8,Bill,26-Week,1997-06-16,1997-06-19,1997-12-18,null,10033998000
9127945M2,Bill,13-Week,1997-06-09,1997-06-12,1997-09-11,null,10399120000
9127942X1,Bill,26-Week,1997-06-09,1997-06-12,1997-12-11,null,10946958000
9127945L4,Bill,13-Week,1997-06-02,1997-06-05,1997-09-04,null,11519431000
9127945W0,Bill,26-Week,1997-06-02,1997-06-05,1997-12-04,null,10982872000
9127946Z2,Bill,14-Day,1997-06-02,1997-06-03,1997-06-17,null,30022000000
9127945K6,Bill,13-Week,1997-05-27,1997-05-29,1997-08-28,null,11224656000
9127945V2,Bill,26-Week,1997-05-27,1997-05-29,1997-11-28,null,11019582000
9127944V3,Bill,52-Week,1997-05-22,1997-05-29,1998-05-28,null,20807108000
9127942T0,Bill,13-Week,1997-05-19,1997-05-22,1997-08-21,null,11488047000
9127945U4,Bill,26-Week,1997-05-19,1997-05-22,1997-11-20,null,10484676000
9127945J9,Bill,13-Week,1997-05-12,1997-05-15,1997-08-14,null,11254228000
9127942W3,Bill,26-Week,1997-05-12,1997-05-15,1997-11-13,null,11059912000
9127945H3,Bill,13-Week,1997-05-05,1997-05-08,1997-08-07,null,11349352000
9127945T7,Bill,26-Week,1997-05-05,1997-05-08,1997-11-06,null,10601962000
9127945G5,Bill,13-Week,1997-04-28,1997-05-01,1997-07-31,null,11162729000
9127945S9,Bill,26-Week,1997-04-28,1997-05-01,1997-10-30,null,10084970000
9127944U5,Bill,52-Week,1997-04-24,1997-05-01,1998-04-30,null,20669185000
9127942S2,Bill,13-Week,1997-04-21,1997-04-24,1997-07-24,null,10033386000
9127945R1,Bill,26-Week,1997-04-21,1997-04-24,1997-10-23,null,8980892000
9127945E0,Bill,13-Week,1997-04-14,1997-04-17,1997-07-17,null,10080176000
9127942V5,Bill,26-Week,1997-04-14,1997-04-17,1997-10-16,null,9568429000
9127945F7,Bill,13-Week,1997-04-07,1997-04-10,1997-07-10,null,11368646000
9127945Q3,Bill,26-Week,1997-04-07,1997-04-10,1997-10-09,null,10301123000
9127944F8,Bill,14-Day,1997-04-01,1997-04-03,1997-04-17,null,10039350000
9127946Y5,Bill,19-Day,1997-04-01,1997-04-03,1997-04-22,null,17066140000
9127945D2,Bill,13-Week,1997-03-31,1997-04-03,1997-07-03,null,10833489000
9127945P5,Bill,26-Week,1997-03-31,1997-04-03,1997-10-02,null,10020293000
9127944T8,Bill,52-Week,1997-03-26,1997-04-03,1998-04-02,null,19037362000
9127942R4,Bill,13-Week,1997-03-24,1997-03-27,1997-06-26,null,11648073000
9127945N0,Bill,26-Week,1997-03-24,1997-03-27,1997-09-25,null,11528982000
9127944N1,Bill,13-Week,1997-03-17,1997-03-20,1997-06-19,null,11715087000
9127942U7,Bill,26-Week,1997-03-17,1997-03-20,1997-09-18,null,11914391000
9127944M3,Bill,13-Week,1997-03-10,1997-03-13,1997-06-12,null,12068408000
9127945M2,Bill,26-Week,1997-03-10,1997-03-13,1997-09-11,null,12117497000
9127944L5,Bill,13-Week,1997-03-03,1997-03-06,1997-06-05,null,13082149000
9127945L4,Bill,26-Week,1997-03-03,1997-03-06,1997-09-04,null,13074947000
9127944S0,Bill,52-Week,1997-02-27,1997-03-06,1998-03-05,null,20804040000
9127944F8,Bill,45-Day,1997-02-27,1997-03-03,1997-04-17,null,23140380000
9127942Q6,Bill,13-Week,1997-02-24,1997-02-27,1997-05-29,null,13254179000
9127945K6,Bill,26-Week,1997-02-24,1997-02-27,1997-08-28,null,13424020000
9127944K7,Bill,13-Week,1997-02-18,1997-02-20,1997-05-22,null,13200171000
9127942T0,Bill,26-Week,1997-02-18,1997-02-20,1997-08-21,null,13353550000
9127944J0,Bill,13-Week,1997-02-10,1997-02-13,1997-05-15,null,13087295000
9127945J9,Bill,26-Week,1997-02-10,1997-02-13,1997-08-14,null,13204489000
9127944H4,Bill,13-Week,1997-02-03,1997-02-06,1997-05-08,null,12519480000
9127945H3,Bill,26-Week,1997-02-03,1997-02-06,1997-08-07,null,12536274000
9127944R2,Bill,52-Week,1997-01-30,1997-02-06,1998-02-05,null,20958644000
9127942P8,Bill,13-Week,1997-01-27,1997-01-30,1997-05-01,null,11557777000
9127945G5,Bill,26-Week,1997-01-27,1997-01-30,1997-07-31,null,11605505000
9127944G6,Bill,13-Week,1997-01-21,1997-01-23,1997-04-24,null,11615946000
9127942S2,Bill,26-Week,1997-01-21,1997-01-23,1997-07-24,null,11518710000
9127944F8,Bill,13-Week,1997-01-13,1997-01-16,1997-04-17,null,11639075000
9127945E0,Bill,26-Week,1997-01-13,1997-01-16,1997-07-17,null,11568031000
9127944E1,Bill,13-Week,1997-01-06,1997-01-09,1997-04-10,null,12615209000
9127945F7,Bill,26-Week,1997-01-06,1997-01-09,1997-07-10,null,12567191000
9127944Q4,Bill,52-Week,1997-01-02,1997-01-09,1998-01-08,null,20597575000
9127942N3,Bill,13-Week,1996-12-30,1997-01-02,1997-04-03,null,13514053000
9127945D2,Bill,26-Week,1996-12-30,1997-01-02,1997-07-03,null,13557321000
9127944D3,Bill,13-Week,1996-12-23,1996-12-26,1997-03-27,null,13008114000
9127942R4,Bill,26-Week,1996-12-23,1996-12-26,1997-06-26,null,13073003000
9127944C5,Bill,13-Week,1996-12-16,1996-12-19,1997-03-20,null,13006259000
9127944N1,Bill,26-Week,1996-12-16,1996-12-19,1997-06-19,null,13019545000
9127944B7,Bill,13-Week,1996-12-09,1996-12-12,1997-03-13,null,13034551000
9127944M3,Bill,26-Week,1996-12-09,1996-12-12,1997-06-12,null,13100968000
9127942X1,Bill,52-Week,1996-12-05,1996-12-12,1997-12-11,null,20527767000
9127942M5,Bill,13-Week,1996-12-02,1996-12-05,1997-03-06,null,14065461000
9127944L5,Bill,26-Week,1996-12-02,1996-12-05,1997-06-05,null,14123857000
9127946X7,Bill,14-Day,1996-12-02,1996-12-03,1996-12-17,null,9059750000
9127944A9,Bill,13-Week,1996-11-25,1996-11-29,1997-02-27,null,14050577000
9127942Q6,Bill,26-Week,1996-11-25,1996-11-29,1997-05-29,null,14062534000
9127943Z5,Bill,13-Week,1996-11-18,1996-11-21,1997-02-20,null,14131009000
9127944K7,Bill,26-Week,1996-11-18,1996-11-21,1997-05-22,null,14111289000
9127943S1,Bill,34-Day,1996-11-13,1996-11-15,1996-12-19,null,13217310000
9127943Y8,Bill,13-Week,1996-11-12,1996-11-14,1997-02-13,null,14015185000
9127944J0,Bill,26-Week,1996-11-12,1996-11-14,1997-05-15,null,14079059000
9127942W3,Bill,52-Week,1996-11-07,1996-11-14,1997-11-13,null,20121360000
9127942L7,Bill,13-Week,1996-11-04,1996-11-07,1997-02-06,null,14187780000
9127944H4,Bill,26-Week,1996-11-04,1996-11-07,1997-05-08,null,14268702000
9127943S1,Bill,48-Day,1996-10-31,1996-11-01,1996-12-19,null,17047500000
9127943X0,Bill,13-Week,1996-10-28,1996-10-31,1997-01-30,null,14194664000
9127942P8,Bill,26-Week,1996-10-28,1996-10-31,1997-05-01,null,14023511000
9127943W2,Bill,13-Week,1996-10-21,1996-10-24,1997-01-23,null,13103689000
9127944G6,Bill,26-Week,1996-10-21,1996-10-24,1997-04-24,null,13120764000
9127943V4,Bill,13-Week,1996-10-15,1996-10-17,1997-01-16,null,13004928000
9127944F8,Bill,26-Week,1996-10-15,1996-10-17,1997-04-17,null,13045506000
9127942V5,Bill,52-Week,1996-10-10,1996-10-17,1997-10-16,null,20177637000
9127942K9,Bill,13-Week,1996-10-07,1996-10-10,1997-01-09,null,13091982000
9127944E1,Bill,26-Week,1996-10-07,1996-10-10,1997-04-10,null,13145648000
9127943U6,Bill,13-Week,1996-09-30,1996-10-03,1997-01-02,null,13491098000
9127942N3,Bill,26-Week,1996-09-30,1996-10-03,1997-04-03,null,13650338000
9127943T9,Bill,13-Week,1996-09-23,1996-09-26,1996-12-26,null,11566454000
9127944D3,Bill,26-Week,1996-09-23,1996-09-26,1997-03-27,null,11531957000
9127943S1,Bill,13-Week,1996-09-16,1996-09-19,1996-12-19,null,11070369000
9127944C5,Bill,26-Week,1996-09-16,1996-09-19,1997-03-20,null,11081635000
9127942U7,Bill,52-Week,1996-09-12,1996-09-19,1997-09-18,null,19892866000
9127942B9,Bill,13-Week,1996-09-09,1996-09-12,1996-12-12,null,11055771000
9127944B7,Bill,26-Week,1996-09-09,1996-09-12,1997-03-13,null,11170651000
9127943R3,Bill,13-Week,1996-09-03,1996-09-05,1996-12-05,null,12066356000
9127942M5,Bill,26-Week,1996-09-03,1996-09-05,1997-03-06,null,12094076000
9127946W9,Bill,14-Day,1996-08-29,1996-09-03,1996-09-17,null,30010400000
9127943Q5,Bill,13-Week,1996-08-26,1996-08-29,1996-11-29,null,12001518000
9127944A9,Bill,26-Week,1996-08-26,1996-08-29,1997-02-27,null,12038654000
9127943P7,Bill,13-Week,1996-08-19,1996-08-22,1996-11-21,null,12818968000
9127943Z5,Bill,26-Week,1996-08-19,1996-08-22,1997-02-20,null,12998799000
9127942T0,Bill,52-Week,1996-08-15,1996-08-22,1997-08-21,null,20557395000
9127942A1,Bill,13-Week,1996-08-12,1996-08-15,1996-11-14,null,12600281000
9127943Y8,Bill,26-Week,1996-08-12,1996-08-15,1997-02-13,null,12529620000
9127943N2,Bill,13-Week,1996-08-05,1996-08-08,1996-11-07,null,13245010000
9127942L7,Bill,26-Week,1996-08-05,1996-08-08,1997-02-06,null,13069502000
9127943M4,Bill,13-Week,1996-07-29,1996-08-01,1996-10-31,null,13044666000
9127943X0,Bill,26-Week,1996-07-29,1996-08-01,1997-01-30,null,13158411000
9127943L6,Bill,13-Week,1996-07-22,1996-07-25,1996-10-24,null,13644382000
9127943W2,Bill,26-Week,1996-07-22,1996-07-25,1997-01-23,null,14026998000
9127942S2,Bill,52-Week,1996-07-18,1996-07-25,1997-07-24,null,20167564000
912794Z98,Bill,13-Week,1996-07-15,1996-07-18,1996-10-17,null,14279339000
9127943V4,Bill,26-Week,1996-07-15,1996-07-18,1997-01-16,null,14509760000
9127943K8,Bill,13-Week,1996-07-08,1996-07-11,1996-10-10,null,14596482000
9127942K9,Bill,26-Week,1996-07-08,1996-07-11,1997-01-09,null,14641582000
9127943J1,Bill,13-Week,1996-07-01,1996-07-05,1996-10-03,null,14764082000
9127943U6,Bill,26-Week,1996-07-01,1996-07-05,1997-01-02,null,15021477000
9127943H5,Bill,13-Week,1996-06-24,1996-06-27,1996-09-26,null,13079752000
9127943T9,Bill,26-Week,1996-06-24,1996-06-27,1996-12-26,null,13125977000
9127942R4,Bill,52-Week,1996-06-20,1996-06-27,1997-06-26,null,19578382000
912794Z80,Bill,13-Week,1996-06-17,1996-06-20,1996-09-19,null,13587526000
9127943S1,Bill,26-Week,1996-06-17,1996-06-20,1996-12-19,null,13532100000
9127943G7,Bill,13-Week,1996-06-10,1996-06-13,1996-09-12,null,15726581000
9127942B9,Bill,26-Week,1996-06-10,1996-06-13,1996-12-12,null,15574277000
9127943F9,Bill,13-Week,1996-06-03,1996-06-06,1996-09-05,null,14554786000
9127943R3,Bill,26-Week,1996-06-03,1996-06-06,1996-12-05,null,14694257000
912794Z31,Bill,10-Day,1996-05-30,1996-06-03,1996-06-13,null,7010500000
9127946V1,Bill,15-Day,1996-05-30,1996-06-03,1996-06-18,null,23086200000
9127943E2,Bill,13-Week,1996-05-28,1996-05-30,1996-08-29,null,14104092000
9127943Q5,Bill,26-Week,1996-05-28,1996-05-30,1996-11-29,null,14069991000
9127942Q6,Bill,52-Week,1996-05-23,1996-05-30,1997-05-29,null,19301289000
912794Z72,Bill,13-Week,1996-05-20,1996-05-23,1996-08-22,null,13688465000
9127943P7,Bill,26-Week,1996-05-20,1996-05-23,1996-11-21,null,13615711000
9127943D4,Bill,13-Week,1996-05-13,1996-05-16,1996-08-15,null,13595836000
9127942A1,Bill,26-Week,1996-05-13,1996-05-16,1996-11-14,null,13682910000
912794Z49,Bill,36-Day,1996-05-09,1996-05-15,1996-06-20,null,13045400000
9127943C6,Bill,13-Week,1996-05-06,1996-05-09,1996-08-08,null,13670968000
9127943N2,Bill,26-Week,1996-05-06,1996-05-09,1996-11-07,null,13524885000
9127943B8,Bill,13-Week,1996-04-29,1996-05-02,1996-08-01,null,13529629000
9127943M4,Bill,26-Week,1996-04-29,1996-05-02,1996-10-31,null,13619444000
9127942P8,Bill,52-Week,1996-04-25,1996-05-02,1997-05-01,null,19435306000
912794Z64,Bill,13-Week,1996-04-22,1996-04-25,1996-07-25,null,11512520000
9127943L6,Bill,26-Week,1996-04-22,1996-04-25,1996-10-24,null,11728879000
9127943A0,Bill,13-Week,1996-04-15,1996-04-18,1996-07-18,null,10506275000
912794Z98,Bill,26-Week,1996-04-15,1996-04-18,1996-10-17,null,10543843000
9127942Z6,Bill,13-Week,1996-04-08,1996-04-11,1996-07-11,null,13580152000
9127943K8,Bill,26-Week,1996-04-08,1996-04-11,1996-10-10,null,13560510000
9127942N3,Bill,52-Week,1996-04-02,1996-04-04,1997-04-03,null,18937179000
912794Y32,Bill,15-Day,1996-04-02,1996-04-03,1996-04-18,null,14008000000
912794Y40,Bill,22-Day,1996-04-02,1996-04-03,1996-04-25,null,11062155000
9127942Y9,Bill,13-Week,1996-04-01,1996-04-04,1996-07-05,null,13644590000
9127943J1,Bill,26-Week,1996-04-01,1996-04-04,1996-10-03,null,13573229000
9127946U3,Bill,9-Day,1996-04-01,1996-04-01,1996-04-10,null,33111220000
912794Z56,Bill,13-Week,1996-03-25,1996-03-28,1996-06-27,null,13596030000
9127943H5,Bill,26-Week,1996-03-25,1996-03-28,1996-09-26,null,13519389000
912794Z49,Bill,13-Week,1996-03-18,1996-03-21,1996-06-20,null,13504498000
912794Z80,Bill,26-Week,1996-03-18,1996-03-21,1996-09-19,null,13528838000
912794Y40,Bill,42-Day,1996-03-13,1996-03-14,1996-04-25,null,9059900000
912794Z31,Bill,13-Week,1996-03-11,1996-03-14,1996-06-13,null,12719589000
9127943G7,Bill,26-Week,1996-03-11,1996-03-14,1996-09-12,null,12729057000
912794Z23,Bill,13-Week,1996-03-04,1996-03-07,1996-06-06,null,15229928000
9127943F9,Bill,26-Week,1996-03-04,1996-03-07,1996-09-05,null,15370033000
9127942M5,Bill,52-Week,1996-02-29,1996-03-07,1997-03-06,null,18780288000
912794X66,Bill,13-Day,1996-02-28,1996-03-01,1996-03-14,null,6003150000
912794Y99,Bill,13-Week,1996-02-26,1996-02-29,1996-05-30,null,12402132000
9127943E2,Bill,26-Week,1996-02-26,1996-02-29,1996-08-29,null,12379045000
912794Y32,Bill,55-Day,1996-02-22,1996-02-23,1996-04-18,null,29191759000
912794Y81,Bill,13-Week,1996-02-20,1996-02-22,1996-05-23,null,13308103000
912794Z72,Bill,26-Week,1996-02-20,1996-02-22,1996-08-22,null,13203319000
912794Y73,Bill,13-Week,1996-02-12,1996-02-15,1996-05-16,null,13815033000
9127943D4,Bill,26-Week,1996-02-12,1996-02-15,1996-08-15,null,13785170000
912794X33,Bill,7-Day,1996-02-08,1996-02-15,1996-02-22,null,8055370000
912794Y65,Bill,13-Week,1996-02-05,1996-02-08,1996-05-09,null,16210440000
9127943C6,Bill,26-Week,1996-02-05,1996-02-08,1996-08-08,null,16443724000
9127942L7,Bill,52-Week,1996-02-01,1996-02-08,1997-02-06,null,18880297000
912794Y57,Bill,13-Week,1996-01-29,1996-02-01,1996-05-02,null,14082927000
9127943B8,Bill,26-Week,1996-01-29,1996-02-01,1996-08-01,null,14003196000
912794Y40,Bill,13-Week,1996-01-22,1996-01-25,1996-04-25,null,11537010000
912794Z64,Bill,26-Week,1996-01-22,1996-01-25,1996-07-25,null,11584787000
912794Y32,Bill,13-Week,1996-01-16,1996-01-18,1996-04-18,null,12540217000
9127943A0,Bill,26-Week,1996-01-16,1996-01-18,1996-07-18,null,12521666000
912794Y24,Bill,13-Week,1996-01-09,1996-01-11,1996-04-11,null,14064545000
9127942Z6,Bill,26-Week,1996-01-09,1996-01-11,1996-07-11,null,14081381000
9127942K9,Bill,52-Week,1996-01-04,1996-01-11,1997-01-09,null,18893552000
912794X90,Bill,13-Week,1996-01-02,1996-01-04,1996-04-04,null,14084322000
9127942Y9,Bill,26-Week,1996-01-02,1996-01-04,1996-07-05,null,14046577000
912794X82,Bill,13-Week,1995-12-26,1995-12-28,1996-03-28,null,13003759000
912794Z56,Bill,26-Week,1995-12-26,1995-12-28,1996-06-27,null,13048762000
912794X74,Bill,13-Week,1995-12-18,1995-12-21,1996-03-21,null,14065853000
912794Z49,Bill,26-Week,1995-12-18,1995-12-21,1996-06-20,null,14053931000
912794X66,Bill,13-Week,1995-12-11,1995-12-14,1996-03-14,null,14051108000
912794Z31,Bill,26-Week,1995-12-11,1995-12-14,1996-06-13,null,14092587000
9127942B9,Bill,52-Week,1995-12-07,1995-12-14,1996-12-12,null,18780500000
912794X58,Bill,13-Week,1995-12-04,1995-12-07,1996-03-07,null,14025069000
912794Z23,Bill,26-Week,1995-12-04,1995-12-07,1996-06-06,null,14020376000
912794T61,Bill,13-Day,1995-11-30,1995-12-01,1995-12-14,null,10016696000
912794W34,Bill,27-Day,1995-11-30,1995-12-01,1995-12-28,null,10007270000
912794X41,Bill,13-Week,1995-11-27,1995-11-30,1996-02-29,null,14035132000
912794Y99,Bill,26-Week,1995-11-27,1995-11-30,1996-05-30,null,14067281000
912794X33,Bill,13-Week,1995-11-20,1995-11-24,1996-02-22,null,12616912000
912794Y81,Bill,26-Week,1995-11-20,1995-11-24,1996-05-23,null,12632068000
9127942A1,Bill,52-Week,1995-11-15,1995-11-16,1996-11-14,null,18867890000
912794V76,Bill,9-Day,1995-11-14,1995-11-15,1995-11-24,null,31521150000
912794W26,Bill,36-Day,1995-11-14,1995-11-15,1995-12-21,null,26052500000
912794X25,Bill,13-Week,1995-11-13,1995-11-16,1996-02-15,null,14602216000
912794Y73,Bill,26-Week,1995-11-13,1995-11-16,1996-05-16,null,14801569000
912794W91,Bill,13-Week,1995-11-06,1995-11-09,1996-02-08,null,14639716000
912794Y65,Bill,26-Week,1995-11-06,1995-11-09,1996-05-09,null,14674257000
912794W26,Bill,48-Day,1995-11-02,1995-11-03,1995-12-21,null,6008150000
912794W75,Bill,83-Day,1995-11-02,1995-11-03,1996-01-25,null,8060800000
912794W83,Bill,13-Week,1995-10-30,1995-11-02,1996-02-01,null,12638931000
912794Y57,Bill,26-Week,1995-10-30,1995-11-02,1996-05-02,null,12777655000
912794W75,Bill,13-Week,1995-10-23,1995-10-26,1996-01-25,null,6024068000
912794Y40,Bill,26-Week,1995-10-23,1995-10-26,1996-04-25,null,13016227000
912794W67,Bill,13-Week,1995-10-16,1995-10-19,1996-01-18,null,13028820000
912794Y32,Bill,26-Week,1995-10-16,1995-10-19,1996-04-18,null,13040225000
912794Z98,Bill,52-Week,1995-10-12,1995-10-19,1996-10-17,null,18466364000
912794W59,Bill,13-Week,1995-10-10,1995-10-12,1996-01-11,null,13145395000
912794Y24,Bill,26-Week,1995-10-10,1995-10-12,1996-04-11,null,13210272000
912794W42,Bill,13-Week,1995-10-02,1995-10-05,1996-01-04,null,12722171000
912794X90,Bill,26-Week,1995-10-02,1995-10-05,1996-04-04,null,12814219000
912794W34,Bill,13-Week,1995-09-25,1995-09-28,1995-12-28,null,11533244000
912794X82,Bill,26-Week,1995-09-25,1995-09-28,1996-03-28,null,11663922000
912794W26,Bill,13-Week,1995-09-18,1995-09-21,1995-12-21,null,11436447000
912794X74,Bill,26-Week,1995-09-18,1995-09-21,1996-03-21,null,11410581000
912794Z80,Bill,52-Week,1995-09-14,1995-09-21,1996-09-19,null,19254868000
912794T61,Bill,13-Week,1995-09-11,1995-09-14,1995-12-14,null,12650737000
912794X66,Bill,26-Week,1995-09-11,1995-09-14,1996-03-14,null,13539635000
9127944P6,Bill,8-Day,1995-09-06,1995-09-07,1995-09-15,null,5000000000
912794V92,Bill,13-Week,1995-09-05,1995-09-07,1995-12-07,null,12138751000
912794X58,Bill,26-Week,1995-09-05,1995-09-07,1996-03-07,null,12355752000
912794T38,Bill,20-Day,1995-08-31,1995-09-01,1995-09-21,null,18031137000
912794V84,Bill,13-Week,1995-08-28,1995-08-31,1995-11-30,null,12114203000
912794X41,Bill,26-Week,1995-08-28,1995-08-31,1996-02-29,null,12402591000
912794V76,Bill,13-Week,1995-08-21,1995-08-24,1995-11-24,null,12121366000
912794X33,Bill,26-Week,1995-08-21,1995-08-24,1996-02-22,null,12108074000
912794Z72,Bill,52-Week,1995-08-17,1995-08-24,1996-08-22,null,18443698000
912794T53,Bill,13-Week,1995-08-14,1995-08-17,1995-11-16,null,12161984000
912794X25,Bill,26-Week,1995-08-14,1995-08-17,1996-02-15,null,12473163000
912794V68,Bill,13-Week,1995-08-07,1995-08-10,1995-11-09,null,12758662000
912794W91,Bill,26-Week,1995-08-07,1995-08-10,1996-02-08,null,13151524000
912794V50,Bill,13-Week,1995-07-31,1995-08-03,1995-11-02,null,12934413000
912794W83,Bill,26-Week,1995-07-31,1995-08-03,1996-02-01,null,12977607000
912794V43,Bill,13-Week,1995-07-24,1995-07-27,1995-10-26,null,13269067000
912794W75,Bill,26-Week,1995-07-24,1995-07-27,1996-01-25,null,13254712000
912794Z64,Bill,52-Week,1995-07-20,1995-07-27,1996-07-25,null,18344043000
912794T46,Bill,13-Week,1995-07-17,1995-07-20,1995-10-19,null,13543762000
912794W67,Bill,26-Week,1995-07-17,1995-07-20,1996-01-18,null,14383326000
912794V35,Bill,13-Week,1995-07-10,1995-07-13,1995-10-12,null,14068528000
912794W59,Bill,26-Week,1995-07-10,1995-07-13,1996-01-11,null,14498219000
912794V27,Bill,13-Week,1995-07-03,1995-07-06,1995-10-05,null,13963735000
912794W42,Bill,26-Week,1995-07-03,1995-07-06,1996-01-04,null,14809872000
912794U93,Bill,13-Week,1995-06-26,1995-06-29,1995-09-28,null,13849873000
912794W34,Bill,26-Week,1995-06-26,1995-06-29,1995-12-28,null,14410396000
912794Z56,Bill,52-Week,1995-06-22,1995-06-29,1996-06-27,null,19299692000
912794T38,Bill,13-Week,1995-06-19,1995-06-22,1995-09-21,null,14252087000
912794W26,Bill,26-Week,1995-06-19,1995-06-22,1995-12-21,null,14340983000
912794U85,Bill,13-Week,1995-06-12,1995-06-15,1995-09-14,null,14307790000
912794T61,Bill,26-Week,1995-06-12,1995-06-15,1995-12-14,null,14275166000
912794U77,Bill,13-Week,1995-06-05,1995-06-08,1995-09-07,null,14219454000
912794V92,Bill,26-Week,1995-06-05,1995-06-08,1995-12-07,null,14224067000
912794S62,Bill,13-Day,1995-05-31,1995-06-02,1995-06-15,null,17126000000
912794U69,Bill,13-Week,1995-05-30,1995-06-01,1995-08-31,null,14324351000
912794V84,Bill,26-Week,1995-05-30,1995-06-01,1995-11-30,null,14846975000
912794Y99,Bill,52-Week,1995-05-25,1995-06-01,1996-05-30,null,18546795000
912794T20,Bill,13-Week,1995-05-22,1995-05-25,1995-08-24,null,13957024000
912794V76,Bill,26-Week,1995-05-22,1995-05-25,1995-11-24,null,14925265000
912794U51,Bill,13-Week,1995-05-15,1995-05-18,1995-08-17,null,13468332000
912794T53,Bill,26-Week,1995-05-15,1995-05-18,1995-11-16,null,14719433000
912794S70,Bill,38-Day,1995-05-11,1995-05-15,1995-06-22,null,17135700000
912794U44,Bill,13-Week,1995-05-08,1995-05-11,1995-08-10,null,12911219000
912794V68,Bill,26-Week,1995-05-08,1995-05-11,1995-11-09,null,12949778000
912794U36,Bill,13-Week,1995-05-01,1995-05-04,1995-08-03,null,12409307000
912794V50,Bill,26-Week,1995-05-01,1995-05-04,1995-11-02,null,12263503000
912794Y57,Bill,52-Week,1995-04-27,1995-05-04,1996-05-02,null,17921119000
912794S96,Bill,13-Week,1995-04-24,1995-04-27,1995-07-27,null,11693761000
912794V43,Bill,26-Week,1995-04-24,1995-04-27,1995-10-26,null,11735929000
912794U28,Bill,13-Week,1995-04-17,1995-04-20,1995-07-20,null,11604938000
912794T46,Bill,26-Week,1995-04-17,1995-04-20,1995-10-19,null,11621314000
912794T95,Bill,13-Week,1995-04-10,1995-04-13,1995-07-13,null,11637450000
912794V35,Bill,26-Week,1995-04-10,1995-04-13,1995-10-12,null,11631036000
912794T87,Bill,13-Week,1995-04-03,1995-04-06,1995-07-06,null,12005190000
912794V27,Bill,26-Week,1995-04-03,1995-04-06,1995-10-05,null,12166037000
912794X90,Bill,52-Week,1995-03-30,1995-04-06,1996-04-04,null,17539771000
912794R63,Bill,17-Day,1995-03-30,1995-04-03,1995-04-20,null,25108900000
912794S88,Bill,13-Week,1995-03-27,1995-03-30,1995-06-29,null,12076316000
912794U93,Bill,26-Week,1995-03-27,1995-03-30,1995-09-28,null,12088579000
912794S70,Bill,13-Week,1995-03-20,1995-03-23,1995-06-22,null,12493555000
912794T38,Bill,26-Week,1995-03-20,1995-03-23,1995-09-21,null,12576233000
912794S62,Bill,13-Week,1995-03-13,1995-03-16,1995-06-15,null,12423683000
912794U85,Bill,26-Week,1995-03-13,1995-03-16,1995-09-14,null,12414572000
912794S54,Bill,13-Week,1995-03-06,1995-03-09,1995-06-08,null,13002764000
912794U77,Bill,26-Week,1995-03-06,1995-03-09,1995-09-07,null,13077535000
912794X58,Bill,52-Week,1995-03-02,1995-03-09,1996-03-07,null,17254254000
912794Q98,Bill,9-Day,1995-03-01,1995-03-07,1995-03-16,null,8033000000
912794S47,Bill,13-Week,1995-02-27,1995-03-02,1995-06-01,null,13339955000
912794U69,Bill,26-Week,1995-02-27,1995-03-02,1995-08-31,null,13466983000
912794S39,Bill,13-Week,1995-02-21,1995-02-23,1995-05-25,null,13514172000
912794T20,Bill,26-Week,1995-02-21,1995-02-23,1995-08-24,null,13497872000
912794S21,Bill,13-Week,1995-02-13,1995-02-16,1995-05-18,null,14340832000
912794U51,Bill,26-Week,1995-02-13,1995-02-16,1995-08-17,null,14331599000
912794R63,Bill,64-Day,1995-02-09,1995-02-15,1995-04-20,null,9116780000
912794R97,Bill,13-Week,1995-02-06,1995-02-09,1995-05-11,null,13848276000
912794U44,Bill,26-Week,1995-02-06,1995-02-09,1995-08-10,null,13888908000
912794W91,Bill,52-Week,1995-02-02,1995-02-09,1996-02-08,null,17331346000
912794R89,Bill,13-Week,1995-01-30,1995-02-02,1995-05-04,null,13459197000
912794U36,Bill,26-Week,1995-01-30,1995-02-02,1995-08-03,null,13490880000
912794R71,Bill,13-Week,1995-01-23,1995-01-26,1995-04-27,null,13409896000
912794S96,Bill,26-Week,1995-01-23,1995-01-26,1995-07-27,null,13465456000
912794R63,Bill,13-Week,1995-01-17,1995-01-19,1995-04-20,null,13452915000
912794U28,Bill,26-Week,1995-01-17,1995-01-19,1995-07-20,null,13498766000
912794R55,Bill,13-Week,1995-01-09,1995-01-12,1995-04-13,null,13545186000
912794T95,Bill,26-Week,1995-01-09,1995-01-12,1995-07-13,null,13724945000
912794W59,Bill,52-Week,1995-01-05,1995-01-12,1996-01-11,null,17255702000
912794R48,Bill,13-Week,1995-01-03,1995-01-05,1995-04-06,null,13759072000
912794T87,Bill,26-Week,1995-01-03,1995-01-05,1995-07-06,null,14233169000
912794P99,Bill,16-Day,1994-12-29,1995-01-03,1995-01-19,null,14009000000
912794R30,Bill,13-Week,1994-12-27,1994-12-29,1995-03-30,null,13209879000
912794S88,Bill,26-Week,1994-12-27,1994-12-29,1995-06-29,null,13434738000
912794R22,Bill,13-Week,1994-12-19,1994-12-22,1995-03-23,null,13068076000
912794S70,Bill,26-Week,1994-12-19,1994-12-22,1995-06-22,null,13084670000
912794Q98,Bill,13-Week,1994-12-12,1994-12-15,1995-03-16,null,13847585000
912794S62,Bill,26-Week,1994-12-12,1994-12-15,1995-06-15,null,14261208000
912794T61,Bill,52-Week,1994-12-08,1994-12-15,1995-12-14,null,17000426000
912794Q80,Bill,13-Week,1994-12-05,1994-12-08,1995-03-09,null,13774440000
912794S54,Bill,26-Week,1994-12-05,1994-12-08,1995-06-08,null,14175655000
912794P57,Bill,20-Day,1994-11-30,1994-12-02,1994-12-22,null,8005000000
912794Q72,Bill,13-Week,1994-11-28,1994-12-01,1995-03-02,null,13831809000
912794S47,Bill,26-Week,1994-11-28,1994-12-01,1995-06-01,null,13994875000
912794Q64,Bill,13-Week,1994-11-21,1994-11-25,1995-02-23,null,13693530000
912794S39,Bill,26-Week,1994-11-21,1994-11-25,1995-05-25,null,13660309000
912794Q56,Bill,13-Week,1994-11-14,1994-11-17,1995-02-16,null,13854989000
912794S21,Bill,26-Week,1994-11-14,1994-11-17,1995-05-18,null,13828325000
912794T53,Bill,52-Week,1994-11-10,1994-11-17,1995-11-16,null,17435896000
912794P57,Bill,37-Day,1994-11-10,1994-11-15,1994-12-22,null,12009150000
912794Q49,Bill,13-Week,1994-11-07,1994-11-10,1995-02-09,null,13689909000
912794R97,Bill,26-Week,1994-11-07,1994-11-10,1995-05-11,null,13655101000
912794Q31,Bill,13-Week,1994-10-31,1994-11-03,1995-02-02,null,13815423000
912794R89,Bill,26-Week,1994-10-31,1994-11-03,1995-05-04,null,13984702000
912794Q23,Bill,13-Week,1994-10-24,1994-10-27,1995-01-26,null,13619160000
912794R71,Bill,26-Week,1994-10-24,1994-10-27,1995-04-27,null,13610802000
912794P99,Bill,13-Week,1994-10-17,1994-10-20,1995-01-19,null,13142546000
912794R63,Bill,26-Week,1994-10-17,1994-10-20,1995-04-20,null,13066784000
912794T46,Bill,52-Week,1994-10-13,1994-10-20,1995-10-19,null,17227766000
912794P57,Bill,66-Day,1994-10-12,1994-10-17,1994-12-22,null,15040000000
912794P81,Bill,13-Week,1994-10-11,1994-10-13,1995-01-12,null,13261004000
912794R55,Bill,26-Week,1994-10-11,1994-10-13,1995-04-13,null,13230287000
912794P73,Bill,13-Week,1994-10-03,1994-10-06,1995-01-05,null,12911701000
912794R48,Bill,26-Week,1994-10-03,1994-10-06,1995-04-06,null,12867866000
912794P65,Bill,13-Week,1994-09-26,1994-09-29,1994-12-29,null,11728044000
912794R30,Bill,26-Week,1994-09-26,1994-09-29,1995-03-30,null,11628764000
912794P57,Bill,13-Week,1994-09-19,1994-09-22,1994-12-22,null,11626421000
912794R22,Bill,26-Week,1994-09-19,1994-09-22,1995-03-23,null,11736480000
912794T38,Bill,52-Week,1994-09-15,1994-09-22,1995-09-21,null,16763190000
912794M27,Bill,13-Week,1994-09-12,1994-09-15,1994-12-15,null,11985996000
912794Q98,Bill,26-Week,1994-09-12,1994-09-15,1995-03-16,null,11916215000
9127942C7,Bill,7-Day,1994-09-09,1994-09-09,1994-09-16,null,4003000000
912794P40,Bill,13-Week,1994-09-06,1994-09-08,1994-12-08,null,11864314000
912794Q80,Bill,26-Week,1994-09-06,1994-09-08,1995-03-09,null,12238119000
912794L77,Bill,16-Day,1994-08-31,1994-09-06,1994-09-22,null,7005000000
912794P32,Bill,13-Week,1994-08-29,1994-09-01,1994-12-01,null,12344960000
912794Q72,Bill,26-Week,1994-08-29,1994-09-01,1995-03-02,null,12336856000
912794P24,Bill,13-Week,1994-08-22,1994-08-25,1994-11-25,null,12223760000
912794Q64,Bill,26-Week,1994-08-22,1994-08-25,1995-02-23,null,12333317000
912794T20,Bill,52-Week,1994-08-18,1994-08-25,1995-08-24,null,16788613000
912794L93,Bill,13-Week,1994-08-15,1994-08-18,1994-11-17,null,13056401000
912794Q56,Bill,26-Week,1994-08-15,1994-08-18,1995-02-16,null,13196791000
912794L77,Bill,38-Day,1994-08-11,1994-08-15,1994-09-22,null,7004500000
912794N91,Bill,13-Week,1994-08-08,1994-08-11,1994-11-10,null,12654258000
912794Q49,Bill,26-Week,1994-08-08,1994-08-11,1995-02-09,null,12818716000
912794N83,Bill,13-Week,1994-08-01,1994-08-04,1994-11-03,null,12725220000
912794Q31,Bill,26-Week,1994-08-01,1994-08-04,1995-02-02,null,12590422000
912794N75,Bill,13-Week,1994-07-25,1994-07-28,1994-10-27,null,12571841000
912794Q23,Bill,26-Week,1994-07-25,1994-07-28,1995-01-26,null,12561283000
912794S96,Bill,52-Week,1994-07-21,1994-07-28,1995-07-27,null,16922991000
912794L85,Bill,13-Week,1994-07-18,1994-07-21,1994-10-20,null,12650066000
912794P99,Bill,26-Week,1994-07-18,1994-07-21,1995-01-19,null,12674827000
912794L77,Bill,69-Day,1994-07-13,1994-07-15,1994-09-22,null,6034500000
912794N67,Bill,13-Week,1994-07-11,1994-07-14,1994-10-13,null,12257068000
912794P81,Bill,26-Week,1994-07-11,1994-07-14,1995-01-12,null,12288567000
912794N59,Bill,13-Week,1994-07-05,1994-07-07,1994-10-06,null,12277510000
912794P73,Bill,26-Week,1994-07-05,1994-07-07,1995-01-05,null,12282236000
912794N42,Bill,13-Week,1994-06-27,1994-06-30,1994-09-29,null,11006141000
912794P65,Bill,26-Week,1994-06-27,1994-06-30,1994-12-29,null,11033187000
912794S88,Bill,52-Week,1994-06-23,1994-06-30,1995-06-29,null,16720714000
912794L77,Bill,13-Week,1994-06-20,1994-06-23,1994-09-22,null,12618746000
912794P57,Bill,26-Week,1994-06-20,1994-06-23,1994-12-22,null,12954982000
912794N34,Bill,13-Week,1994-06-13,1994-06-16,1994-09-15,null,12169543000
912794M27,Bill,26-Week,1994-06-13,1994-06-16,1994-12-15,null,12233499000
912794N26,Bill,13-Week,1994-06-06,1994-06-09,1994-09-08,null,12986748000
912794P40,Bill,26-Week,1994-06-06,1994-06-09,1994-12-08,null,13143344000
912794L28,Bill,13-Day,1994-06-01,1994-06-03,1994-06-16,null,14006500000
912794M92,Bill,13-Week,1994-05-31,1994-06-02,1994-09-01,null,13304155000
912794P32,Bill,26-Week,1994-05-31,1994-06-02,1994-12-01,null,13421426000
912794S47,Bill,52-Week,1994-05-26,1994-06-02,1995-06-01,null,16864948000
912794L69,Bill,13-Week,1994-05-23,1994-05-26,1994-08-25,null,12782621000
912794P24,Bill,26-Week,1994-05-23,1994-05-26,1994-11-25,null,12639955000
912794M84,Bill,13-Week,1994-05-16,1994-05-19,1994-08-18,null,12254521000
912794L93,Bill,26-Week,1994-05-16,1994-05-19,1994-11-17,null,12188484000
912794M76,Bill,13-Week,1994-05-09,1994-05-12,1994-08-11,null,12659067000
912794N91,Bill,26-Week,1994-05-09,1994-05-12,1994-11-10,null,12470560000
912794M68,Bill,13-Week,1994-05-02,1994-05-05,1994-08-04,null,11455270000
912794N83,Bill,26-Week,1994-05-02,1994-05-05,1994-11-03,null,11615872000
912794R89,Bill,52-Week,1994-04-28,1994-05-05,1995-05-04,null,16577288000
912794L51,Bill,13-Week,1994-04-25,1994-04-28,1994-07-28,null,11464934000
912794N75,Bill,26-Week,1994-04-25,1994-04-28,1994-10-27,null,11464426000
912794M50,Bill,13-Week,1994-04-18,1994-04-21,1994-07-21,null,11883064000
912794L85,Bill,26-Week,1994-04-18,1994-04-21,1994-10-20,null,11869723000
912794M43,Bill,13-Week,1994-04-11,1994-04-14,1994-07-14,null,12660974000
912794N67,Bill,26-Week,1994-04-11,1994-04-14,1994-10-13,null,12586123000
912794M35,Bill,13-Week,1994-04-04,1994-04-07,1994-07-07,null,12823256000
912794N59,Bill,26-Week,1994-04-04,1994-04-07,1994-10-06,null,12802884000
912794R48,Bill,52-Week,1994-03-31,1994-04-07,1995-04-06,null,16602793000
912794K29,Bill,21-Day,1994-03-29,1994-03-31,1994-04-21,null,14005800000
912794L44,Bill,13-Week,1994-03-28,1994-03-31,1994-06-30,null,13132421000
912794N42,Bill,26-Week,1994-03-28,1994-03-31,1994-09-29,null,13250322000
912794L36,Bill,13-Week,1994-03-21,1994-03-24,1994-06-23,null,12609800000
912794L77,Bill,26-Week,1994-03-21,1994-03-24,1994-09-22,null,12752250000
912794L28,Bill,13-Week,1994-03-14,1994-03-17,1994-06-16,null,12773721000
912794N34,Bill,26-Week,1994-03-14,1994-03-17,1994-09-15,null,13092692000
912794K94,Bill,13-Week,1994-03-07,1994-03-10,1994-06-09,null,12635922000
912794N26,Bill,26-Week,1994-03-07,1994-03-10,1994-09-08,null,12610812000
912794Q80,Bill,52-Week,1994-03-03,1994-03-10,1995-03-09,null,16522027000
912794K86,Bill,13-Week,1994-02-28,1994-03-03,1994-06-02,null,12857776000
912794M92,Bill,26-Week,1994-02-28,1994-03-03,1994-09-01,null,13034875000
912794K78,Bill,13-Week,1994-02-22,1994-02-24,1994-05-26,null,12343484000
912794L69,Bill,26-Week,1994-02-22,1994-02-24,1994-08-25,null,12385556000
912794K60,Bill,13-Week,1994-02-14,1994-02-17,1994-05-19,null,12571005000
912794M84,Bill,26-Week,1994-02-14,1994-02-17,1994-08-18,null,13032852000
912794K52,Bill,13-Week,1994-02-07,1994-02-10,1994-05-12,null,12753223000
912794M76,Bill,26-Week,1994-02-07,1994-02-10,1994-08-11,null,12780162000
912794Q49,Bill,52-Week,1994-02-03,1994-02-10,1995-02-09,null,16512652000
912794K45,Bill,13-Week,1994-01-31,1994-02-03,1994-05-05,null,12639057000
912794M68,Bill,26-Week,1994-01-31,1994-02-03,1994-08-04,null,12819533000
912794K37,Bill,13-Week,1994-01-24,1994-01-27,1994-04-28,null,12683119000
912794L51,Bill,26-Week,1994-01-24,1994-01-27,1994-07-28,null,12675989000
912794K29,Bill,13-Week,1994-01-18,1994-01-20,1994-04-21,null,12680355000
912794M50,Bill,26-Week,1994-01-18,1994-01-20,1994-07-21,null,12644273000
912794J96,Bill,13-Week,1994-01-10,1994-01-13,1994-04-14,null,12844165000
912794M43,Bill,26-Week,1994-01-10,1994-01-13,1994-07-14,null,12617770000
912794P81,Bill,52-Week,1994-01-06,1994-01-13,1995-01-12,null,16029478000
912794J88,Bill,13-Week,1994-01-03,1994-01-06,1994-04-07,null,12744741000
912794M35,Bill,26-Week,1994-01-03,1994-01-06,1994-07-07,null,13070712000
912794J70,Bill,13-Week,1993-12-27,1993-12-30,1994-03-31,null,13069073000
912794L44,Bill,26-Week,1993-12-27,1993-12-30,1994-06-30,null,13083140000
912794J62,Bill,13-Week,1993-12-20,1993-12-23,1994-03-24,null,13014137000
912794L36,Bill,26-Week,1993-12-20,1993-12-23,1994-06-23,null,13124336000
912794J54,Bill,13-Week,1993-12-13,1993-12-16,1994-03-17,null,13073996000
912794L28,Bill,26-Week,1993-12-13,1993-12-16,1994-06-16,null,13080408000
912794M27,Bill,52-Week,1993-12-09,1993-12-16,1994-12-15,null,16230440000
912794J47,Bill,13-Week,1993-12-06,1993-12-09,1994-03-10,null,13603406000
912794K94,Bill,26-Week,1993-12-06,1993-12-09,1994-06-09,null,13482831000
912794E67,Bill,10-Day,1993-12-02,1993-12-06,1993-12-16,null,4020160000
912794J39,Bill,13-Week,1993-11-29,1993-12-02,1994-03-03,null,13609796000
912794K86,Bill,26-Week,1993-11-29,1993-12-02,1994-06-02,null,13616226000
912794J21,Bill,13-Week,1993-11-22,1993-11-26,1994-02-24,null,13979152000
912794K78,Bill,26-Week,1993-11-22,1993-11-26,1994-05-26,null,14055997000
912794L93,Bill,52-Week,1993-11-16,1993-11-18,1994-11-17,null,16149975000
912794H98,Bill,13-Week,1993-11-15,1993-11-18,1994-02-17,null,13952694000
912794K60,Bill,26-Week,1993-11-15,1993-11-18,1994-05-19,null,14031240000
912794H56,Bill,66-Day,1993-11-09,1993-11-15,1994-01-20,null,14102235000
912794H80,Bill,13-Week,1993-11-08,1993-11-12,1994-02-10,null,13804830000
912794K52,Bill,26-Week,1993-11-08,1993-11-12,1994-05-12,null,13915048000
912794E67,Bill,36-Day,1993-11-04,1993-11-10,1993-12-16,null,10045250000
912794H72,Bill,13-Week,1993-11-01,1993-11-04,1994-02-03,null,13464048000
912794K45,Bill,26-Week,1993-11-01,1993-11-04,1994-05-05,null,13428722000
912794H64,Bill,13-Week,1993-10-25,1993-10-28,1994-01-27,null,13031121000
912794K37,Bill,26-Week,1993-10-25,1993-10-28,1994-04-28,null,13066165000
912794H56,Bill,13-Week,1993-10-18,1993-10-21,1994-01-20,null,13031113000
912794K29,Bill,26-Week,1993-10-18,1993-10-21,1994-04-21,null,12906880000
912794L85,Bill,52-Week,1993-10-14,1993-10-21,1994-10-20,null,15869520000
912794H49,Bill,13-Week,1993-10-12,1993-10-14,1994-01-13,null,13121684000
912794J96,Bill,26-Week,1993-10-12,1993-10-14,1994-04-14,null,12977620000
912794H31,Bill,13-Week,1993-10-04,1993-10-07,1994-01-06,null,11899226000
912794J88,Bill,26-Week,1993-10-04,1993-10-07,1994-04-07,null,11837315000
912794H23,Bill,13-Week,1993-09-27,1993-09-30,1993-12-30,null,11426989000
912794J70,Bill,26-Week,1993-09-27,1993-09-30,1994-03-31,null,11752572000
912794G99,Bill,13-Week,1993-09-20,1993-09-23,1993-12-23,null,11201276000
912794J62,Bill,26-Week,1993-09-20,1993-09-23,1994-03-24,null,11331653000
912794L77,Bill,52-Week,1993-09-16,1993-09-23,1994-09-22,null,15330991000
912794E67,Bill,13-Week,1993-09-13,1993-09-16,1993-12-16,null,11398030000
912794J54,Bill,26-Week,1993-09-13,1993-09-16,1994-03-17,null,11378214000
912794G81,Bill,13-Week,1993-09-07,1993-09-09,1993-12-09,null,11602182000
912794J47,Bill,26-Week,1993-09-07,1993-09-09,1994-03-10,null,11356113000
912794G73,Bill,13-Week,1993-08-30,1993-09-02,1993-12-02,null,11968971000
912794J39,Bill,26-Week,1993-08-30,1993-09-02,1994-03-03,null,11895388000
912794G65,Bill,13-Week,1993-08-23,1993-08-26,1993-11-26,null,12365054000
912794J21,Bill,26-Week,1993-08-23,1993-08-26,1994-02-24,null,12231813000
912794L69,Bill,52-Week,1993-08-19,1993-08-26,1994-08-25,null,15285843000
912794E59,Bill,13-Week,1993-08-16,1993-08-19,1993-11-18,null,12380472000
912794H98,Bill,26-Week,1993-08-16,1993-08-19,1994-02-17,null,12201476000
912794G57,Bill,13-Week,1993-08-09,1993-08-12,1993-11-12,null,12452517000
912794H80,Bill,26-Week,1993-08-09,1993-08-12,1994-02-10,null,12449210000
912794G40,Bill,13-Week,1993-08-02,1993-08-05,1993-11-04,null,12292270000
912794H72,Bill,26-Week,1993-08-02,1993-08-05,1994-02-03,null,12397431000
912794G32,Bill,13-Week,1993-07-26,1993-07-29,1993-10-28,null,12265458000
912794H64,Bill,26-Week,1993-07-26,1993-07-29,1994-01-27,null,12268774000
912794L51,Bill,52-Week,1993-07-22,1993-07-29,1994-07-28,null,15255454000
912794E42,Bill,13-Week,1993-07-19,1993-07-22,1993-10-21,null,12452093000
912794H56,Bill,26-Week,1993-07-19,1993-07-22,1994-01-20,null,12573524000
912794G24,Bill,13-Week,1993-07-12,1993-07-15,1993-10-14,null,12633570000
912794H49,Bill,26-Week,1993-07-12,1993-07-15,1994-01-13,null,12557343000
912794F90,Bill,13-Week,1993-07-06,1993-07-08,1993-10-07,null,12590716000
912794H31,Bill,26-Week,1993-07-06,1993-07-08,1994-01-06,null,12950006000
912794F82,Bill,13-Week,1993-06-28,1993-07-01,1993-09-30,null,12593529000
912794H23,Bill,26-Week,1993-06-28,1993-07-01,1993-12-30,null,12822838000
912794L44,Bill,52-Week,1993-06-24,1993-07-01,1994-06-30,null,15332287000
912794E34,Bill,13-Week,1993-06-21,1993-06-24,1993-09-23,null,12214354000
912794G99,Bill,26-Week,1993-06-21,1993-06-24,1993-12-23,null,12242378000
912794F74,Bill,13-Week,1993-06-14,1993-06-17,1993-09-16,null,12002733000
912794E67,Bill,26-Week,1993-06-14,1993-06-17,1993-12-16,null,12007239000
912794F66,Bill,13-Week,1993-06-07,1993-06-10,1993-09-09,null,12015519000
912794G81,Bill,26-Week,1993-06-07,1993-06-10,1993-12-09,null,12076337000
912794D50,Bill,13-Day,1993-06-02,1993-06-04,1993-06-17,null,7010000000
912794F58,Bill,13-Week,1993-06-01,1993-06-03,1993-09-02,null,12018134000
912794G73,Bill,26-Week,1993-06-01,1993-06-03,1993-12-02,null,12030839000
912794K86,Bill,52-Week,1993-05-27,1993-06-03,1994-06-02,null,14761235000
912794E26,Bill,13-Week,1993-05-24,1993-05-27,1993-08-26,null,12151895000
912794G65,Bill,26-Week,1993-05-24,1993-05-27,1993-11-26,null,12193571000
912794F41,Bill,13-Week,1993-05-17,1993-05-20,1993-08-19,null,12263970000
912794E59,Bill,26-Week,1993-05-17,1993-05-20,1993-11-18,null,12163956000
912794E34,Bill,129-Day,1993-05-13,1993-05-17,1993-09-23,null,16036880000
912794F33,Bill,13-Week,1993-05-10,1993-05-13,1993-08-12,null,11673494000
912794G57,Bill,26-Week,1993-05-10,1993-05-13,1993-11-12,null,11612475000
912794F25,Bill,13-Week,1993-05-03,1993-05-06,1993-08-05,null,10703110000
912794G40,Bill,26-Week,1993-05-03,1993-05-06,1993-11-04,null,10733283000
912794K45,Bill,52-Week,1993-04-29,1993-05-06,1994-05-05,null,14344501000
912794D92,Bill,13-Week,1993-04-26,1993-04-29,1993-07-29,null,10016260000
912794G32,Bill,26-Week,1993-04-26,1993-04-29,1993-10-28,null,10049644000
912794E91,Bill,13-Week,1993-04-19,1993-04-22,1993-07-22,null,10661033000
912794E42,Bill,26-Week,1993-04-19,1993-04-22,1993-10-21,null,10705680000
912794E83,Bill,13-Week,1993-04-12,1993-04-15,1993-07-15,null,11093994000
912794G24,Bill,26-Week,1993-04-12,1993-04-15,1993-10-14,null,11055606000
912794E75,Bill,13-Week,1993-04-07,1993-04-08,1993-07-08,null,11286987000
912794F90,Bill,26-Week,1993-04-07,1993-04-08,1993-10-07,null,11337126000
912794J88,Bill,52-Week,1993-04-06,1993-04-08,1994-04-07,null,14352840000
912794C36,Bill,15-Day,1993-04-06,1993-04-07,1993-04-22,null,17129350000
912794T79,Bill,5-Day,1993-03-31,1993-04-02,1993-04-07,null,15141250000
912794D76,Bill,13-Week,1993-03-29,1993-04-01,1993-07-01,null,11248020000
912794F82,Bill,26-Week,1993-03-29,1993-04-01,1993-09-30,null,11240055000
912794D68,Bill,13-Week,1993-03-22,1993-03-25,1993-06-24,null,11226935000
912794E34,Bill,26-Week,1993-03-22,1993-03-25,1993-09-23,null,11206120000
912794D50,Bill,13-Week,1993-03-15,1993-03-18,1993-06-17,null,11712835000
912794F74,Bill,26-Week,1993-03-15,1993-03-18,1993-09-16,null,11647575000
912794D43,Bill,13-Week,1993-03-08,1993-03-11,1993-06-10,null,11699420000
912794F66,Bill,26-Week,1993-03-08,1993-03-11,1993-09-09,null,11675630000
912794J47,Bill,52-Week,1993-03-04,1993-03-11,1994-03-10,null,14819830000
912794C36,Bill,48-Day,1993-03-03,1993-03-05,1993-04-22,null,11090900000
912794D27,Bill,13-Week,1993-03-01,1993-03-04,1993-06-03,null,11657420000
912794F58,Bill,26-Week,1993-03-01,1993-03-04,1993-09-02,null,11734465000
912794C93,Bill,13-Week,1993-02-22,1993-02-25,1993-05-27,null,11658495000
912794E26,Bill,26-Week,1993-02-22,1993-02-25,1993-08-26,null,11627350000
912794C85,Bill,13-Week,1993-02-16,1993-02-18,1993-05-20,null,11868835000
912794F41,Bill,26-Week,1993-02-16,1993-02-18,1993-08-19,null,11937975000
912794C77,Bill,13-Week,1993-02-08,1993-02-11,1993-05-13,null,11600630000
912794F33,Bill,26-Week,1993-02-08,1993-02-11,1993-08-12,null,11623730000
912794H80,Bill,52-Week,1993-02-04,1993-02-11,1994-02-10,null,14897075000
912794C51,Bill,13-Week,1993-02-01,1993-02-04,1993-05-06,null,11609100000
912794F25,Bill,26-Week,1993-02-01,1993-02-04,1993-08-05,null,11633245000
912794C44,Bill,13-Week,1993-01-25,1993-01-28,1993-04-29,null,11727820000
912794D92,Bill,26-Week,1993-01-25,1993-01-28,1993-07-29,null,11636375000
912794C36,Bill,13-Week,1993-01-19,1993-01-21,1993-04-22,null,11643215000
912794E91,Bill,26-Week,1993-01-19,1993-01-21,1993-07-22,null,11671690000
912794C28,Bill,13-Week,1993-01-11,1993-01-14,1993-04-15,null,12147130000
912794E83,Bill,26-Week,1993-01-11,1993-01-14,1993-07-15,null,12053720000
912794H49,Bill,52-Week,1993-01-07,1993-01-14,1994-01-13,null,14799470000
912794B86,Bill,13-Week,1993-01-04,1993-01-07,1993-04-08,null,12516020000
912794E75,Bill,26-Week,1993-01-04,1993-01-07,1993-07-08,null,12576435000
912794B78,Bill,13-Week,1992-12-28,1992-12-31,1993-04-01,null,12400505000
912794D76,Bill,26-Week,1992-12-28,1992-12-31,1993-07-01,null,12422375000
912794B60,Bill,13-Week,1992-12-21,1992-12-24,1993-03-25,null,12545825000
912794D68,Bill,26-Week,1992-12-21,1992-12-24,1993-06-24,null,12696140000
912794B52,Bill,13-Week,1992-12-14,1992-12-17,1993-03-18,null,12275310000
912794D50,Bill,26-Week,1992-12-14,1992-12-17,1993-06-17,null,12231440000
912794E67,Bill,52-Week,1992-12-10,1992-12-17,1993-12-16,null,14774800000
912794B37,Bill,13-Week,1992-12-07,1992-12-10,1993-03-11,null,12215635000
912794D43,Bill,26-Week,1992-12-07,1992-12-10,1993-06-10,null,12277050000
912794A38,Bill,49-Day,1992-12-01,1992-12-03,1993-01-21,null,16207500000
912794B29,Bill,13-Week,1992-11-30,1992-12-03,1993-03-04,null,11850790000
912794D27,Bill,26-Week,1992-11-30,1992-12-03,1993-06-03,null,11802205000
912794A95,Bill,13-Week,1992-11-23,1992-11-27,1993-02-25,null,11892760000
912794C93,Bill,26-Week,1992-11-23,1992-11-27,1993-05-27,null,11826670000
912794E59,Bill,52-Week,1992-11-17,1992-11-19,1993-11-18,null,14254675000
912794A87,Bill,13-Week,1992-11-16,1992-11-19,1993-02-18,null,11847805000
912794C85,Bill,26-Week,1992-11-16,1992-11-19,1993-05-20,null,11918900000
912794A61,Bill,13-Week,1992-11-09,1992-11-12,1993-02-11,null,11811795000
912794C77,Bill,26-Week,1992-11-09,1992-11-12,1993-05-13,null,11823300000
912794ZB3,Bill,41-Day,1992-11-05,1992-11-06,1992-12-17,null,15041610000
912794A53,Bill,13-Week,1992-11-02,1992-11-05,1993-02-04,null,11808060000
912794C51,Bill,26-Week,1992-11-02,1992-11-05,1993-05-06,null,11829510000
912794A46,Bill,13-Week,1992-10-26,1992-10-29,1993-01-28,null,11881280000
912794C44,Bill,26-Week,1992-10-26,1992-10-29,1993-04-29,null,11849340000
912794A38,Bill,13-Week,1992-10-19,1992-10-22,1993-01-21,null,11609325000
912794C36,Bill,26-Week,1992-10-19,1992-10-22,1993-04-22,null,11609650000
912794E42,Bill,52-Week,1992-10-15,1992-10-22,1993-10-21,null,14273620000
912794ZZ0,Bill,13-Week,1992-10-13,1992-10-15,1993-01-14,null,11043460000
912794C28,Bill,26-Week,1992-10-13,1992-10-15,1993-04-15,null,11043925000
912794ZY3,Bill,13-Week,1992-10-05,1992-10-08,1993-01-07,null,10221000000
912794B86,Bill,26-Week,1992-10-05,1992-10-08,1993-04-08,null,10213180000
912794ZX5,Bill,13-Week,1992-09-28,1992-10-01,1992-12-31,null,10245590000
912794B78,Bill,26-Week,1992-09-28,1992-10-01,1993-04-01,null,10271610000
912794ZW7,Bill,13-Week,1992-09-21,1992-09-24,1992-12-24,null,10246410000
912794B60,Bill,26-Week,1992-09-21,1992-09-24,1993-03-25,null,10268080000
912794E34,Bill,52-Week,1992-09-17,1992-09-24,1993-09-23,null,14880325000
912794ZB3,Bill,13-Week,1992-09-14,1992-09-17,1992-12-17,null,10781870000
912794B52,Bill,26-Week,1992-09-14,1992-09-17,1993-03-18,null,11078620000
912794ZV9,Bill,13-Week,1992-09-08,1992-09-10,1992-12-10,null,11227080000
912794B37,Bill,26-Week,1992-09-08,1992-09-10,1993-03-11,null,11383460000
912794ZU1,Bill,13-Week,1992-08-31,1992-09-03,1992-12-03,null,11603915000
912794B29,Bill,26-Week,1992-08-31,1992-09-03,1993-03-04,null,11603545000
912794ZT4,Bill,13-Week,1992-08-24,1992-08-27,1992-11-27,null,11625065000
912794A95,Bill,26-Week,1992-08-24,1992-08-27,1993-02-25,null,11654555000
912794E26,Bill,52-Week,1992-08-20,1992-08-27,1993-08-26,null,14608075000
912794ZA5,Bill,13-Week,1992-08-17,1992-08-20,1992-11-19,null,11757455000
912794A87,Bill,26-Week,1992-08-17,1992-08-20,1993-02-18,null,11730215000
912794ZS6,Bill,13-Week,1992-08-10,1992-08-13,1992-11-12,null,11735805000
912794A61,Bill,26-Week,1992-08-10,1992-08-13,1993-02-11,null,11688440000
912794ZR8,Bill,13-Week,1992-08-03,1992-08-06,1992-11-05,null,11710980000
912794A53,Bill,26-Week,1992-08-03,1992-08-06,1993-02-04,null,11709825000
912794ZQ0,Bill,13-Week,1992-07-27,1992-07-30,1992-10-29,null,11648670000
912794A46,Bill,26-Week,1992-07-27,1992-07-30,1993-01-28,null,11619355000
912794D92,Bill,52-Week,1992-07-23,1992-07-30,1993-07-29,null,14705225000
912794YZ1,Bill,13-Week,1992-07-20,1992-07-23,1992-10-22,null,11936805000
912794A38,Bill,26-Week,1992-07-20,1992-07-23,1993-01-21,null,11994730000
912794ZP2,Bill,13-Week,1992-07-13,1992-07-16,1992-10-15,null,11988815000
912794ZZ0,Bill,26-Week,1992-07-13,1992-07-16,1993-01-14,null,11977240000
912794ZN7,Bill,13-Week,1992-07-06,1992-07-09,1992-10-08,null,12074560000
912794ZY3,Bill,26-Week,1992-07-06,1992-07-09,1993-01-07,null,12020830000
912794ZM9,Bill,13-Week,1992-06-29,1992-07-02,1992-10-01,null,11738830000
912794ZX5,Bill,26-Week,1992-06-29,1992-07-02,1992-12-31,null,11726235000
912794D76,Bill,52-Week,1992-06-25,1992-07-02,1993-07-01,null,14980780000
912794YY4,Bill,13-Week,1992-06-22,1992-06-25,1992-09-24,null,11732380000
912794ZW7,Bill,26-Week,1992-06-22,1992-06-25,1992-12-24,null,11641680000
912794ZL1,Bill,13-Week,1992-06-15,1992-06-18,1992-09-17,null,11740995000
912794ZB3,Bill,26-Week,1992-06-15,1992-06-18,1992-12-17,null,11667885000
912794ZK3,Bill,13-Week,1992-06-08,1992-06-11,1992-09-10,null,11931250000
912794ZV9,Bill,26-Week,1992-06-08,1992-06-11,1992-12-10,null,11862410000
912794ZJ6,Bill,13-Week,1992-06-01,1992-06-04,1992-09-03,null,11671345000
912794ZU1,Bill,26-Week,1992-06-01,1992-06-04,1992-12-03,null,11663300000
912794D27,Bill,52-Week,1992-05-28,1992-06-04,1993-06-03,null,14279990000
912794YT5,Bill,15-Day,1992-05-27,1992-06-03,1992-06-18,null,6014150000
912794YX6,Bill,13-Week,1992-05-26,1992-05-28,1992-08-27,null,11622200000
912794ZT4,Bill,26-Week,1992-05-26,1992-05-28,1992-11-27,null,11647050000
912794ZH0,Bill,13-Week,1992-05-18,1992-05-21,1992-08-20,null,11866865000
912794ZA5,Bill,26-Week,1992-05-18,1992-05-21,1992-11-19,null,12179375000
912794YT5,Bill,34-Day,1992-05-13,1992-05-15,1992-06-18,null,10018700000
912794ZG2,Bill,13-Week,1992-05-11,1992-05-14,1992-08-13,null,11801005000
912794ZS6,Bill,26-Week,1992-05-11,1992-05-14,1992-11-12,null,12070670000
912794ZF4,Bill,13-Week,1992-05-04,1992-05-07,1992-08-06,null,11609825000
912794ZR8,Bill,26-Week,1992-05-04,1992-05-07,1992-11-05,null,11840525000
912794C51,Bill,52-Week,1992-04-30,1992-05-07,1993-05-06,null,14437470000
912794YW8,Bill,13-Week,1992-04-27,1992-04-30,1992-07-30,null,11467295000
912794ZQ0,Bill,26-Week,1992-04-27,1992-04-30,1992-10-29,null,11419110000
912794ZE7,Bill,13-Week,1992-04-20,1992-04-23,1992-07-23,null,11443865000
912794YZ1,Bill,26-Week,1992-04-20,1992-04-23,1992-10-22,null,11407650000
912794ZD9,Bill,13-Week,1992-04-13,1992-04-16,1992-07-16,null,11428330000
912794ZP2,Bill,26-Week,1992-04-13,1992-04-16,1992-10-15,null,11401235000
912794ZC1,Bill,13-Week,1992-04-06,1992-04-09,1992-07-09,null,11467970000
912794ZN7,Bill,26-Week,1992-04-06,1992-04-09,1992-10-08,null,12315540000
912794B86,Bill,52-Week,1992-04-02,1992-04-09,1993-04-08,null,14232125000
912794YJ7,Bill,13-Day,1992-04-01,1992-04-03,1992-04-16,null,22014700000
912794YV0,Bill,13-Week,1992-03-30,1992-04-02,1992-07-02,null,11576655000
912794ZM9,Bill,26-Week,1992-03-30,1992-04-02,1992-10-01,null,11637325000
912794YU2,Bill,13-Week,1992-03-23,1992-03-26,1992-06-25,null,11454190000
912794YY4,Bill,26-Week,1992-03-23,1992-03-26,1992-09-24,null,11451885000
912794YT5,Bill,13-Week,1992-03-16,1992-03-19,1992-06-18,null,11542820000
912794ZL1,Bill,26-Week,1992-03-16,1992-03-19,1992-09-17,null,11602455000
912794YS7,Bill,13-Week,1992-03-09,1992-03-12,1992-06-11,null,11402595000
912794ZK3,Bill,26-Week,1992-03-09,1992-03-12,1992-09-10,null,11445875000
912794B37,Bill,52-Week,1992-03-05,1992-03-12,1993-03-11,null,13785165000
912794YR9,Bill,13-Week,1992-03-02,1992-03-05,1992-06-04,null,11676830000
912794ZJ6,Bill,26-Week,1992-03-02,1992-03-05,1992-09-03,null,11658450000
912794YL2,Bill,57-Day,1992-02-27,1992-03-04,1992-04-30,null,14080600000
912794YQ1,Bill,13-Week,1992-02-24,1992-02-27,1992-05-28,null,11254905000
912794YX6,Bill,26-Week,1992-02-24,1992-02-27,1992-08-27,null,11222525000
912794YP3,Bill,13-Week,1992-02-18,1992-02-20,1992-05-21,null,11033945000
912794ZH0,Bill,26-Week,1992-02-18,1992-02-20,1992-08-20,null,11175660000
912794YN8,Bill,13-Week,1992-02-10,1992-02-13,1992-05-14,null,10735935000
912794ZG2,Bill,26-Week,1992-02-10,1992-02-13,1992-08-13,null,11082845000
912794A61,Bill,52-Week,1992-02-06,1992-02-13,1993-02-11,null,12861175000
912794YM0,Bill,13-Week,1992-02-03,1992-02-06,1992-05-07,null,10482225000
912794ZF4,Bill,26-Week,1992-02-03,1992-02-06,1992-08-06,null,10568095000
912794YL2,Bill,13-Week,1992-01-27,1992-01-30,1992-04-30,null,10252300000
912794YW8,Bill,26-Week,1992-01-27,1992-01-30,1992-07-30,null,10201295000
912794YK4,Bill,13-Week,1992-01-21,1992-01-23,1992-04-23,null,10254310000
912794ZE7,Bill,26-Week,1992-01-21,1992-01-23,1992-07-23,null,10318325000
912794YJ7,Bill,13-Week,1992-01-13,1992-01-16,1992-04-16,null,10225100000
912794ZD9,Bill,26-Week,1992-01-13,1992-01-16,1992-07-16,null,10276345000
912794ZZ0,Bill,52-Week,1992-01-09,1992-01-16,1993-01-14,null,12826175000
912794YH1,Bill,13-Week,1992-01-06,1992-01-09,1992-04-09,null,10427050000
912794ZC1,Bill,26-Week,1992-01-06,1992-01-09,1992-07-09,null,10698845000
912794YG3,Bill,13-Week,1991-12-30,1992-01-02,1992-04-02,null,10231765000
912794YV0,Bill,26-Week,1991-12-30,1992-01-02,1992-07-02,null,10216710000
912794YF5,Bill,13-Week,1991-12-23,1991-12-26,1992-03-26,null,10204210000
912794YU2,Bill,26-Week,1991-12-23,1991-12-26,1992-06-25,null,10203855000
912794YE8,Bill,13-Week,1991-12-16,1991-12-19,1992-03-19,null,10268885000
912794YT5,Bill,26-Week,1991-12-16,1991-12-19,1992-06-18,null,10252940000
912794ZB3,Bill,52-Week,1991-12-12,1991-12-19,1992-12-17,null,13346515000
912794YD0,Bill,13-Week,1991-12-09,1991-12-12,1992-03-12,null,10368390000
912794YS7,Bill,26-Week,1991-12-09,1991-12-12,1992-06-11,null,10424525000
912794YC2,Bill,13-Week,1991-12-02,1991-12-05,1992-03-05,null,10391500000
912794YR9,Bill,26-Week,1991-12-02,1991-12-05,1992-06-04,null,10824030000
912794YB4,Bill,13-Week,1991-11-25,1991-11-29,1992-02-27,null,10211715000
912794YQ1,Bill,26-Week,1991-11-25,1991-11-29,1992-05-28,null,10240830000
912794YA6,Bill,13-Week,1991-11-18,1991-11-21,1992-02-20,null,10250675000
912794YP3,Bill,26-Week,1991-11-18,1991-11-21,1992-05-21,null,10252230000
912794ZA5,Bill,52-Week,1991-11-14,1991-11-21,1992-11-19,null,12263925000
912794XZ2,Bill,13-Week,1991-11-12,1991-11-14,1992-02-13,null,10330770000
912794YN8,Bill,26-Week,1991-11-12,1991-11-14,1992-05-14,null,10618050000
912794XY5,Bill,13-Week,1991-11-04,1991-11-07,1992-02-06,null,10579405000
912794YM0,Bill,26-Week,1991-11-04,1991-11-07,1992-05-07,null,10889260000
912794XX7,Bill,13-Week,1991-10-28,1991-10-31,1992-01-30,null,10470140000
912794YL2,Bill,26-Week,1991-10-28,1991-10-31,1992-04-30,null,10534690000
912794XW9,Bill,13-Week,1991-10-21,1991-10-24,1992-01-23,null,10648435000
912794YK4,Bill,26-Week,1991-10-21,1991-10-24,1992-04-23,null,10648895000
912794YZ1,Bill,52-Week,1991-10-17,1991-10-24,1992-10-22,null,13061230000
912794XV1,Bill,13-Week,1991-10-15,1991-10-17,1992-01-16,null,10976575000
912794YJ7,Bill,26-Week,1991-10-15,1991-10-17,1992-04-16,null,11275655000
912794XU3,Bill,13-Week,1991-10-07,1991-10-10,1992-01-09,null,10888825000
912794YH1,Bill,26-Week,1991-10-07,1991-10-10,1992-04-09,null,11139315000
912794XT6,Bill,13-Week,1991-09-30,1991-10-03,1992-01-02,null,10856805000
912794YG3,Bill,26-Week,1991-09-30,1991-10-03,1992-04-02,null,11163545000
912794XS8,Bill,13-Week,1991-09-23,1991-09-26,1991-12-26,null,10607465000
912794YF5,Bill,26-Week,1991-09-23,1991-09-26,1992-03-26,null,10711115000
912794YY4,Bill,52-Week,1991-09-19,1991-09-26,1992-09-24,null,12546680000
912794WX8,Bill,13-Week,1991-09-16,1991-09-19,1991-12-19,null,10604080000
912794YE8,Bill,26-Week,1991-09-16,1991-09-19,1992-03-19,null,10606875000
912794XR0,Bill,13-Week,1991-09-09,1991-09-12,1991-12-12,null,10689505000
912794YD0,Bill,26-Week,1991-09-09,1991-09-12,1992-03-12,null,10901580000
912794XQ2,Bill,13-Week,1991-09-03,1991-09-05,1991-12-05,null,10645020000
912794YC2,Bill,26-Week,1991-09-03,1991-09-05,1992-03-05,null,10821265000
912794XG4,Bill,16-Day,1991-08-29,1991-09-03,1991-09-19,null,5014500000
912794XP4,Bill,13-Week,1991-08-26,1991-08-29,1991-11-29,null,10408435000
912794YB4,Bill,26-Week,1991-08-26,1991-08-29,1992-02-27,null,10447445000
912794YX6,Bill,52-Week,1991-08-22,1991-08-29,1992-08-27,null,12583715000
912794WW0,Bill,13-Week,1991-08-19,1991-08-22,1991-11-21,null,10419680000
912794YA6,Bill,26-Week,1991-08-19,1991-08-22,1992-02-20,null,10403415000
912794XN9,Bill,13-Week,1991-08-12,1991-08-15,1991-11-14,null,10494730000
912794XZ2,Bill,26-Week,1991-08-12,1991-08-15,1992-02-13,null,10712810000
912794XM1,Bill,13-Week,1991-08-05,1991-08-08,1991-11-07,null,10430515000
912794XY5,Bill,26-Week,1991-08-05,1991-08-08,1992-02-06,null,10424720000
912794XL3,Bill,13-Week,1991-07-29,1991-08-01,1991-10-31,null,10401075000
912794XX7,Bill,26-Week,1991-07-29,1991-08-01,1992-01-30,null,10447350000
912794YW8,Bill,52-Week,1991-07-25,1991-08-01,1992-07-30,null,12621875000
912794WV2,Bill,13-Week,1991-07-22,1991-07-25,1991-10-24,null,10478040000
912794XW9,Bill,26-Week,1991-07-22,1991-07-25,1992-01-23,null,10911810000
912794XK5,Bill,13-Week,1991-07-15,1991-07-18,1991-10-17,null,10457775000
912794XV1,Bill,26-Week,1991-07-15,1991-07-18,1992-01-16,null,11047885000
912794XJ8,Bill,13-Week,1991-07-08,1991-07-11,1991-10-10,null,10507080000
912794XU3,Bill,26-Week,1991-07-08,1991-07-11,1992-01-09,null,10687685000
912794XH2,Bill,13-Week,1991-07-01,1991-07-05,1991-10-03,null,10498945000
912794XT6,Bill,26-Week,1991-07-01,1991-07-05,1992-01-02,null,10700000000
912794YV0,Bill,52-Week,1991-06-27,1991-07-05,1992-07-02,null,12660750000
912794WU4,Bill,13-Week,1991-06-24,1991-06-27,1991-09-26,null,10223160000
912794XS8,Bill,26-Week,1991-06-24,1991-06-27,1991-12-26,null,10436620000
912794XG4,Bill,13-Week,1991-06-17,1991-06-20,1991-09-19,null,10004490000
912794WX8,Bill,26-Week,1991-06-17,1991-06-20,1991-12-19,null,10019530000
912794XF6,Bill,13-Week,1991-06-10,1991-06-13,1991-09-12,null,10096375000
912794XR0,Bill,26-Week,1991-06-10,1991-06-13,1991-12-12,null,10248625000
912794XE9,Bill,13-Week,1991-06-03,1991-06-06,1991-09-05,null,10116865000
912794XQ2,Bill,26-Week,1991-06-03,1991-06-06,1991-12-05,null,10512335000
912794YR9,Bill,52-Week,1991-05-30,1991-06-06,1992-06-04,null,12270570000
912794WP5,Bill,17-Day,1991-05-29,1991-06-03,1991-06-20,null,7067500000
912794WT7,Bill,13-Week,1991-05-28,1991-05-30,1991-08-29,null,10007520000
912794XP4,Bill,26-Week,1991-05-28,1991-05-30,1991-11-29,null,10035955000
912794YK4,Bill,335-Day,1991-05-21,1991-05-24,1992-04-23,null,16014060000
912794XD1,Bill,13-Week,1991-05-20,1991-05-23,1991-08-22,null,9620535000
912794WW0,Bill,26-Week,1991-05-20,1991-05-23,1991-11-21,null,9656620000
912794XC3,Bill,13-Week,1991-05-13,1991-05-16,1991-08-15,null,9223935000
912794XN9,Bill,26-Week,1991-05-13,1991-05-16,1991-11-14,null,9232520000
912794XB5,Bill,13-Week,1991-05-06,1991-05-09,1991-08-08,null,8601155000
912794XM1,Bill,26-Week,1991-05-06,1991-05-09,1991-11-07,null,8602870000
912794YM0,Bill,52-Week,1991-05-02,1991-05-09,1992-05-07,null,11831010000
912794WS9,Bill,13-Week,1991-04-29,1991-05-02,1991-08-01,null,8008200000
912794XL3,Bill,26-Week,1991-04-29,1991-05-02,1991-10-31,null,8007620000
912794XA7,Bill,13-Week,1991-04-22,1991-04-25,1991-07-25,null,7614680000
912794WV2,Bill,26-Week,1991-04-22,1991-04-25,1991-10-24,null,7618650000
912794WZ3,Bill,13-Week,1991-04-15,1991-04-18,1991-07-18,null,7213190000
912794XK5,Bill,26-Week,1991-04-15,1991-04-18,1991-10-17,null,7201905000
912794WY6,Bill,13-Week,1991-04-08,1991-04-11,1991-07-11,null,7230295000
912794XJ8,Bill,26-Week,1991-04-08,1991-04-11,1991-10-10,null,7211540000
912794YH1,Bill,52-Week,1991-04-04,1991-04-11,1992-04-09,null,10996390000
912794WR1,Bill,13-Week,1991-04-01,1991-04-04,1991-07-05,null,7776340000
912794XH2,Bill,26-Week,1991-04-01,1991-04-04,1991-10-03,null,7803310000
912794WE0,Bill,15-Day,1991-03-28,1991-04-03,1991-04-18,null,13505000000
912794WQ3,Bill,13-Week,1991-03-25,1991-03-28,1991-06-27,null,8075635000
912794WU4,Bill,26-Week,1991-03-25,1991-03-28,1991-09-26,null,8001970000
912794WP5,Bill,13-Week,1991-03-18,1991-03-21,1991-06-20,null,8444900000
912794XG4,Bill,26-Week,1991-03-18,1991-03-21,1991-09-19,null,8447910000
912794WN0,Bill,13-Week,1991-03-11,1991-03-14,1991-06-13,null,8613035000
912794XF6,Bill,26-Week,1991-03-11,1991-03-14,1991-09-12,null,8724665000
912794YD0,Bill,52-Week,1991-03-07,1991-03-14,1992-03-12,null,11208860000
912794WM2,Bill,13-Week,1991-03-04,1991-03-07,1991-06-06,null,8724980000
912794XE9,Bill,26-Week,1991-03-04,1991-03-07,1991-09-05,null,8857320000
912794WL4,Bill,13-Week,1991-02-25,1991-02-28,1991-05-30,null,9203630000
912794WT7,Bill,26-Week,1991-02-25,1991-02-28,1991-08-29,null,9213735000
912794WK6,Bill,13-Week,1991-02-19,1991-02-21,1991-05-23,null,9673415000
912794XD1,Bill,26-Week,1991-02-19,1991-02-21,1991-08-22,null,9708680000
912794XZ2,Bill,52-Week,1991-02-12,1991-02-14,1992-02-13,null,12528220000
912794WJ9,Bill,13-Week,1991-02-11,1991-02-14,1991-05-16,null,9789835000
912794XC3,Bill,26-Week,1991-02-11,1991-02-14,1991-08-15,null,10266620000
912794WH3,Bill,13-Week,1991-02-04,1991-02-07,1991-05-09,null,10062355000
912794XB5,Bill,26-Week,1991-02-04,1991-02-07,1991-08-08,null,10512880000
912794WG5,Bill,13-Week,1991-01-28,1991-01-31,1991-05-02,null,10006425000
912794WS9,Bill,26-Week,1991-01-28,1991-01-31,1991-08-01,null,10029655000
912794WF7,Bill,13-Week,1991-01-22,1991-01-24,1991-04-25,null,10078505000
912794XA7,Bill,26-Week,1991-01-22,1991-01-24,1991-07-25,null,10335995000
912794WE0,Bill,13-Week,1991-01-14,1991-01-17,1991-04-18,null,10024500000
912794WZ3,Bill,26-Week,1991-01-14,1991-01-17,1991-07-18,null,10026950000
912794XV1,Bill,52-Week,1991-01-10,1991-01-17,1992-01-16,null,11766660000
912794WD2,Bill,13-Week,1991-01-07,1991-01-10,1991-04-11,null,10155040000
912794WY6,Bill,26-Week,1991-01-07,1991-01-10,1991-07-11,null,10458800000
912794WC4,Bill,13-Week,1990-12-31,1991-01-03,1991-04-04,null,10019110000
912794WR1,Bill,26-Week,1990-12-31,1991-01-03,1991-07-05,null,10058115000
912794WB6,Bill,13-Week,1990-12-21,1990-12-27,1991-03-28,null,10007725000
912794WQ3,Bill,26-Week,1990-12-21,1990-12-27,1991-06-27,null,10021025000
912794WA8,Bill,13-Week,1990-12-17,1990-12-20,1991-03-21,null,10105860000
912794WP5,Bill,26-Week,1990-12-17,1990-12-20,1991-06-20,null,10496925000
912794WX8,Bill,52-Week,1990-12-13,1990-12-20,1991-12-19,null,11778820000
912794VZ4,Bill,13-Week,1990-12-10,1990-12-13,1991-03-14,null,10098285000
912794WN0,Bill,26-Week,1990-12-10,1990-12-13,1991-06-13,null,10036485000
912794VY7,Bill,13-Week,1990-12-03,1990-12-06,1991-03-07,null,10078050000
912794WM2,Bill,26-Week,1990-12-03,1990-12-06,1991-06-06,null,10277390000
912794VX9,Bill,13-Week,1990-11-26,1990-11-29,1991-02-28,null,10062885000
912794WL4,Bill,26-Week,1990-11-26,1990-11-29,1991-05-30,null,10451560000
912794VW1,Bill,13-Week,1990-11-19,1990-11-23,1991-02-21,null,10078575000
912794WK6,Bill,26-Week,1990-11-19,1990-11-23,1991-05-23,null,10447475000
912794WW0,Bill,52-Week,1990-11-15,1990-11-23,1991-11-21,null,12462250000
912794VV3,Bill,13-Week,1990-11-13,1990-11-15,1991-02-14,null,10282220000
912794WJ9,Bill,26-Week,1990-11-13,1990-11-15,1991-05-16,null,10518490000
912794WF7,Bill,161-Day,1990-11-08,1990-11-15,1991-04-25,null,12031920000
912794VU5,Bill,13-Week,1990-11-05,1990-11-08,1991-02-07,null,9967515000
912794WH3,Bill,26-Week,1990-11-05,1990-11-08,1991-05-09,null,10002410000
912794VT8,Bill,13-Week,1990-10-29,1990-11-01,1991-01-31,null,9901275000
912794WG5,Bill,26-Week,1990-10-29,1990-11-01,1991-05-02,null,9972610000
912794WV2,Bill,52-Week,1990-10-26,1990-10-26,1991-10-24,null,10130190000
912794VS0,Bill,13-Week,1990-10-25,1990-10-25,1991-01-24,null,8631945000
912794WF7,Bill,26-Week,1990-10-25,1990-10-25,1991-04-25,null,8631115000
912794VN1,Bill,69-Day,1990-10-19,1990-10-19,1990-12-27,null,12546000000
912794VR2,Bill,13-Week,1990-10-15,1990-10-18,1991-01-17,null,9737725000
912794WE0,Bill,26-Week,1990-10-15,1990-10-18,1991-04-18,null,9960845000
912794VQ4,Bill,13-Week,1990-10-09,1990-10-11,1991-01-10,null,9401030000
912794WD2,Bill,26-Week,1990-10-09,1990-10-11,1991-04-11,null,9403675000
912794VP6,Bill,13-Week,1990-10-01,1990-10-04,1991-01-03,null,9232490000
912794WC4,Bill,26-Week,1990-10-01,1990-10-04,1991-04-04,null,9362740000
912794VN1,Bill,13-Week,1990-09-24,1990-09-27,1990-12-27,null,9239630000
912794WB6,Bill,26-Week,1990-09-24,1990-09-27,1991-03-28,null,9205195000
912794WU4,Bill,52-Week,1990-09-20,1990-09-27,1991-09-26,null,10610235000
912794UT9,Bill,13-Week,1990-09-17,1990-09-20,1990-12-20,null,9292975000
912794WA8,Bill,26-Week,1990-09-17,1990-09-20,1991-03-21,null,9232805000
912794VM3,Bill,13-Week,1990-09-10,1990-09-13,1990-12-13,null,9271545000
912794VZ4,Bill,26-Week,1990-09-10,1990-09-13,1991-03-14,null,9725875000
912794VL5,Bill,13-Week,1990-09-04,1990-09-06,1990-12-06,null,9234340000
912794VY7,Bill,26-Week,1990-09-04,1990-09-06,1991-03-07,null,9231195000
912794VK7,Bill,13-Week,1990-08-27,1990-08-30,1990-11-29,null,9234630000
912794VX9,Bill,26-Week,1990-08-27,1990-08-30,1991-02-28,null,9235815000
912794WT7,Bill,52-Week,1990-08-23,1990-08-30,1991-08-29,null,10609670000
912794US1,Bill,13-Week,1990-08-20,1990-08-23,1990-11-23,null,9212970000
912794VW1,Bill,26-Week,1990-08-20,1990-08-23,1991-02-21,null,9242470000
912794VJ0,Bill,13-Week,1990-08-13,1990-08-16,1990-11-15,null,9257850000
912794VV3,Bill,26-Week,1990-08-13,1990-08-16,1991-02-14,null,9272190000
912794VC5,Bill,36-Day,1990-08-09,1990-08-15,1990-09-20,null,10087620000
912794VH4,Bill,13-Week,1990-08-06,1990-08-09,1990-11-08,null,9211630000
912794VU5,Bill,26-Week,1990-08-06,1990-08-09,1991-02-07,null,9203870000
912794VC5,Bill,44-Day,1990-08-02,1990-08-07,1990-09-20,null,4029600000
912794VG6,Bill,13-Week,1990-07-30,1990-08-02,1990-11-01,null,9378500000
912794VT8,Bill,26-Week,1990-07-30,1990-08-02,1991-01-31,null,9563915000
912794WS9,Bill,52-Week,1990-07-26,1990-08-02,1991-08-01,null,10668445000
912794UR3,Bill,13-Week,1990-07-23,1990-07-26,1990-10-25,null,9071225000
912794VS0,Bill,26-Week,1990-07-23,1990-07-26,1991-01-24,null,9160800000
912794VF8,Bill,13-Week,1990-07-16,1990-07-19,1990-10-18,null,9158565000
912794VR2,Bill,26-Week,1990-07-16,1990-07-19,1991-01-17,null,9533530000
912794VE1,Bill,13-Week,1990-07-09,1990-07-12,1990-10-11,null,9094940000
912794VQ4,Bill,26-Week,1990-07-09,1990-07-12,1991-01-10,null,9240690000
912794VD3,Bill,13-Week,1990-07-02,1990-07-05,1990-10-04,null,8910670000
912794VP6,Bill,26-Week,1990-07-02,1990-07-05,1991-01-03,null,9183515000
912794WR1,Bill,52-Week,1990-06-28,1990-07-05,1991-07-05,null,10528830000
912794UQ5,Bill,13-Week,1990-06-25,1990-06-28,1990-09-27,null,8640020000
912794VN1,Bill,26-Week,1990-06-25,1990-06-28,1990-12-27,null,8698975000
912794VC5,Bill,13-Week,1990-06-18,1990-06-21,1990-09-20,null,8620770000
912794UT9,Bill,26-Week,1990-06-18,1990-06-21,1990-12-20,null,8628100000
912794VB7,Bill,13-Week,1990-06-11,1990-06-14,1990-09-13,null,8697770000
912794VM3,Bill,26-Week,1990-06-11,1990-06-14,1990-12-13,null,8910270000
912794VA9,Bill,13-Week,1990-06-04,1990-06-07,1990-09-06,null,8640255000
912794VL5,Bill,26-Week,1990-06-04,1990-06-07,1990-12-06,null,8606385000
912794WM2,Bill,52-Week,1990-05-31,1990-06-07,1991-06-06,null,10638655000
912794UK8,Bill,20-Day,1990-05-30,1990-06-01,1990-06-21,null,6024360000
912794VC5,Bill,111-Day,1990-05-30,1990-06-01,1990-09-20,null,6008300000
912794UP7,Bill,13-Week,1990-05-29,1990-05-31,1990-08-30,null,8416530000
912794VK7,Bill,26-Week,1990-05-29,1990-05-31,1990-11-29,null,8405795000
912794UZ5,Bill,13-Week,1990-05-21,1990-05-24,1990-08-23,null,8401670000
912794US1,Bill,26-Week,1990-05-21,1990-05-24,1990-11-23,null,8425335000
912794UY8,Bill,13-Week,1990-05-14,1990-05-17,1990-08-16,null,8422865000
912794VJ0,Bill,26-Week,1990-05-14,1990-05-17,1990-11-15,null,8438000000
912794UX0,Bill,13-Week,1990-05-07,1990-05-10,1990-08-09,null,8407585000
912794VH4,Bill,26-Week,1990-05-07,1990-05-10,1990-11-08,null,8405090000
912794WH3,Bill,52-Week,1990-05-03,1990-05-10,1991-05-09,null,10105740000
912794UN2,Bill,13-Week,1990-04-30,1990-05-03,1990-08-02,null,8442425000
912794VG6,Bill,26-Week,1990-04-30,1990-05-03,1990-11-01,null,8401690000
912794UW2,Bill,13-Week,1990-04-23,1990-04-26,1990-07-26,null,8230650000
912794UR3,Bill,26-Week,1990-04-23,1990-04-26,1990-10-25,null,8216450000
912794UV4,Bill,13-Week,1990-04-16,1990-04-19,1990-07-19,null,8218150000
912794VF8,Bill,26-Week,1990-04-16,1990-04-19,1990-10-18,null,8214975000
912794UU6,Bill,13-Week,1990-04-09,1990-04-12,1990-07-12,null,8238870000
912794VE1,Bill,26-Week,1990-04-09,1990-04-12,1990-10-11,null,8370235000
912794WD2,Bill,52-Week,1990-04-05,1990-04-12,1991-04-11,null,9766470000
912794UM4,Bill,13-Week,1990-04-02,1990-04-05,1990-07-05,null,8033950000
912794VD3,Bill,26-Week,1990-04-02,1990-04-05,1990-10-04,null,8013000000
912794UA0,Bill,16-Day,1990-03-29,1990-04-03,1990-04-19,null,13004100000
912794UL6,Bill,13-Week,1990-03-26,1990-03-29,1990-06-28,null,8014175000
912794UQ5,Bill,26-Week,1990-03-26,1990-03-29,1990-09-27,null,8016505000
912794UK8,Bill,13-Week,1990-03-19,1990-03-22,1990-06-21,null,8053850000
912794VC5,Bill,26-Week,1990-03-19,1990-03-22,1990-09-20,null,8035945000
912794UJ1,Bill,13-Week,1990-03-12,1990-03-15,1990-06-14,null,8003630000
912794VB7,Bill,26-Week,1990-03-12,1990-03-15,1990-09-13,null,8077000000
912794VZ4,Bill,52-Week,1990-03-08,1990-03-15,1991-03-14,null,9874320000
912794UH5,Bill,13-Week,1990-03-05,1990-03-08,1990-06-07,null,8005435000
912794VA9,Bill,26-Week,1990-03-05,1990-03-08,1990-09-06,null,8026500000
912794UB8,Bill,52-Day,1990-03-01,1990-03-05,1990-04-26,null,10177380000
912794UG7,Bill,13-Week,1990-02-26,1990-03-01,1990-05-31,null,8011215000
912794UP7,Bill,26-Week,1990-02-26,1990-03-01,1990-08-30,null,8017280000
912794UF9,Bill,13-Week,1990-02-20,1990-02-22,1990-05-24,null,7617400000
912794UZ5,Bill,26-Week,1990-02-20,1990-02-22,1990-08-23,null,7687605000
912794VV3,Bill,52-Week,1990-02-13,1990-02-15,1991-02-14,null,9568185000
912794UE2,Bill,13-Week,1990-02-12,1990-02-15,1990-05-17,null,7636535000
912794UY8,Bill,26-Week,1990-02-12,1990-02-15,1990-08-16,null,7680410000
912794UD4,Bill,13-Week,1990-02-05,1990-02-08,1990-05-10,null,7654770000
912794UX0,Bill,26-Week,1990-02-05,1990-02-08,1990-08-09,null,7601900000
912794UC6,Bill,13-Week,1990-01-29,1990-02-01,1990-05-03,null,7669930000
912794UN2,Bill,26-Week,1990-01-29,1990-02-01,1990-08-02,null,7609775000
912794UB8,Bill,13-Week,1990-01-22,1990-01-25,1990-04-26,null,7612895000
912794UW2,Bill,26-Week,1990-01-22,1990-01-25,1990-07-26,null,7619585000
912794UA0,Bill,13-Week,1990-01-16,1990-01-18,1990-04-19,null,7610215000
912794UV4,Bill,26-Week,1990-01-16,1990-01-18,1990-07-19,null,7610110000
912794VR2,Bill,52-Week,1990-01-11,1990-01-18,1991-01-17,null,9514675000
912794TZ7,Bill,13-Week,1990-01-08,1990-01-11,1990-04-12,null,7807345000
912794UU6,Bill,26-Week,1990-01-08,1990-01-11,1990-07-12,null,7806565000
912794TY0,Bill,13-Week,1990-01-02,1990-01-04,1990-04-05,null,7840660000
912794UM4,Bill,26-Week,1990-01-02,1990-01-04,1990-07-05,null,7801710000